game_id,player,year,context,cluster,window,timing_comparable_to_de,partial_match,all_recorded_cpm,core_cpm,noncore_action_fraction,first_core_command_nominal_s,core_gap_p10_s,core_gap_p50_s,core_gap_p90_s,core_gap_p99_s,core_gap_max_s,simultaneous_core_gap_fraction,core_gap_cv,core_gap_burstiness,command_silence_ge5s_time_fraction,command_silence_ge10s_time_fraction,core_count_5s_cv,peak_5s_nominal_cpm,empty_5s_bin_fraction,core_type_entropy_bits,core_category_entropy_bits,core_type_transition_entropy_bits,core_type_switch_fraction,core_category_switch_fraction,core_same_type_triplet_fraction,coordinate_coverage,destination_jump_diagonal_p50,destination_jump_diagonal_p90,destination_jump_ge_quarter_fraction,destination_entropy_4x4_bits,destination_cell_switch_fraction,rapid_destination_repeat_fraction,dedup_core_cpm
c7d3588daf74,DauT,2026,1v1 ranked,daut_2026_session,first 10 game minutes,True,False,98.3580033302307,84.83800287246703,0.13745704467353953,1.1692307296426514,0.12307691890974581,0.36153844929739876,1.5615384086675022,4.330769084136932,7.215384371084255,0.0,1.273580149398135,0.12033010996799802,0.07009166666666657,0.0,0.49452166159123484,216.0,0.013888888888888888,0.660381663855872,0.6510391221509063,0.5651724195699332,0.16167664670658682,0.1596806387225549,0.758,1.0,0.01789205482245145,0.16336604126386817,0.05122950819672131,2.4052221880325977,0.29918032786885246,0.3360655737704918,57.12200193405151
c7d3588daf74,DauT,2026,1v1 ranked,daut_2026_session,whole available replay,True,False,104.15749251337544,86.11784432549186,0.1731958762886598,1.1692307296426514,0.12307691890975292,0.36153844929737033,1.5615384086675022,4.569230614524571,11.061538087014014,0.0008319467554076539,1.386778959036862,0.16205059859960347,0.09378671071952996,0.026385829662261346,0.5411509628251209,216.0,0.02976190476190476,1.0739998623985487,1.0562019030633112,0.9083231306716125,0.24708818635607321,0.24459234608985025,0.6186511240632806,1.0,0.01554861264079679,0.12891992359409168,0.04854368932038835,2.539756481059808,0.21800529567519858,0.35481023830538394,57.34031031148711
a467a9f1780f,DauT,2026,1v1 ranked,daut_2026_session,first 10 game minutes,True,False,111.54000377655028,92.7810031414032,0.16818181818181818,1.2923076485524043,0.12307691890974581,0.36153844929739876,1.596153792110867,3.0693075883862746,4.569230614524599,0.0,1.045001551104552,0.02200563177091269,0.0,0.0,0.3507073003217495,192.0,0.013888888888888888,0.7173045396968908,0.7173045396968908,0.6556887663781408,0.19343065693430658,0.19343065693430658,0.7056672760511883,1.0,0.02482503709703195,0.14667863741740966,0.05075187969924812,2.843140049276103,0.3101503759398496,0.2800751879699248,67.60000228881835
a467a9f1780f,DauT,2026,1v1 ranked,daut_2026_session,whole available replay,True,False,110.6402794410351,89.69381877015952,0.18932038834951456,1.2923076485524043,0.12307691890974581,0.36153844929739876,1.6769230201454093,3.8043075635004366,6.0076921042823415,0.0,1.1279266070214122,0.0601179601774325,0.01829028082615787,0.0,0.42681475837275,252.0,0.0,0.9913110077668806,0.9760829648711311,0.9162591140780926,0.2808988764044944,0.2794007490636704,0.5719640179910045,1.0,0.01987224654428433,0.15141392153294908,0.04814522494080505,3.0474558837206223,0.265982636148382,0.3196527229676401,62.503701553157576
d4d080a3a4f6,DauT,2026,1v1 ranked,daut_2026_session,first 10 game minutes,True,False,95.65400323867797,74.36000251770018,0.2226148409893993,1.2923076485524043,0.12307691890975594,0.4769230607753059,1.9230768579648725,4.719461378668798,6.492307472489443,0.002277904328018223,1.170392040782123,0.07850749430537013,0.04909666666666671,0.0,0.46408178247637166,168.0,0.027777777777777776,0.7927788405125202,0.7689280823269914,0.6912696309297057,0.1958997722095672,0.1958997722095672,0.7009132420091324,1.0,0.03826777499035778,0.3220786193812552,0.13238770685579196,2.8879149241060933,0.34278959810874704,0.1773049645390071,61.68500208854675
d4d080a3a4f6,DauT,2026,1v1 ranked,daut_2026_session,whole available replay,True,False,106.69367891606953,83.96239607598562,0.21305182341650672,1.2923076485524043,0.1230769189097316,0.36153844929739876,1.6846153275772622,4.3330412734090435,11.538461147789349,0.0012202562538133007,1.3011956728667757,0.1308865979621599,0.05773399084419336,0.01866706115971875,0.546553747956334,252.0,0.01702127659574468,0.9916267502955737,0.9646597440111934,0.8673033898079907,0.23184868822452714,0.2312385600976205,0.6477411477411478,1.0,0.025595252798161307,0.18429244834676348,0.07870967741935483,2.7684886445765593,0.26838709677419353,0.2645161290322581,62.97179705698921
4d327356c515,DauT,2026,1v1 ranked,daut_2026_session,first 10 game minutes,True,False,109.34300370216368,91.76700310707092,0.160741885625966,1.0461538107328987,0.1230769189097316,0.36153844929739876,1.5615384086675022,3.318769118401493,6.24615363466998,0.0,1.1553423822720923,0.07207318129583444,0.03247833333333334,0.0,0.4330237161875403,180.0,0.013888888888888888,0.7914413949066661,0.7650387950529774,0.6833209476696758,0.1974169741697417,0.19557195571955718,0.7060998151571165,1.0,0.025516847052622794,0.17885560850537907,0.061420345489443376,2.682734999727157,0.30326295585412666,0.28790786948176583,66.41700224876404
4d327356c515,DauT,2026,1v1 ranked,daut_2026_session,whole available replay,True,False,124.29552462333824,103.43418258381178,0.16783663050414804,1.0461538107328987,0.1230769189097316,0.3615384492973135,1.323076878279835,3.1230768173350043,6.24615363466998,0.0,1.1077207273822414,0.051107685179918975,0.015243809426958868,0.0,0.3830058942088002,204.0,0.0,0.8964412519955757,0.866495926435659,0.8431231708065263,0.25326170376055257,0.25249424405218723,0.6236559139784946,1.0,0.01706281336441104,0.16786973146423967,0.062449310624493104,3.0689652326230656,0.2708840227088402,0.35036496350364965,69.16764356831585
23d4576b7264,DauT,2026,1v1 ranked,daut_2026_session,first 10 game minutes,True,False,99.71000337600707,82.97900280952453,0.16779661016949152,1.415384567462157,0.12307691890975292,0.3615384492974272,1.6846153275772338,3.872384484272439,8.653845860841955,0.0,1.1708928291292486,0.07872006707848135,0.040624999999999904,0.0,0.41928985546244285,2028.8243094965098,0.013888888888888888,0.7925443006759857,0.7562115734314072,0.7190500949174274,0.22448979591836735,0.22448979591836735,0.6687116564417178,1.0,0.02380848402276607,0.16128008746431,0.021367521367521368,1.8275464407473638,0.32051282051282054,0.27136752136752135,61.516002082824706
23d4576b7264,DauT,2026,1v1 ranked,daut_2026_session,whole available replay,True,False,96.57351822557578,70.72321542644245,0.26767485822306236,1.415384567462157,0.12307691890976002,0.48461536820714723,1.9230768579649293,5.253100413855347,17.55325384354728,0.0010330578512396695,1.30519134381019,0.1323930634347027,0.09773620098012764,0.023237156982417403,0.5206028165529816,192.0,0.0243161094224924,1.2946589803797128,1.2593054448208512,1.1108817984966015,0.3114669421487603,0.3114669421487603,0.5281653746770025,1.0,0.024557237453909902,0.22991943712900167,0.08972073677956031,3.5826546737843668,0.2917409387997623,0.2679738562091503,54.256426496486064
9621aabf243e,DauT,2021,1v1 tournament,hc4_daut,first 10 game minutes,True,False,115.25800390243529,109.68100371360778,0.04838709677419355,1.415384567462157,0.11597632743419695,0.24852070164473616,1.3420117888813365,3.111147823656027,4.026035366644038,0.0015432098765432098,1.095674590847784,0.04565336205611953,0.0,0.0,0.3709503157328693,180.0,0.013888888888888888,0.6811853728871673,0.6677847086480402,0.6168278553469628,0.17746913580246915,0.17746913580246915,0.7156105100463679,1.0,0.016571661784148876,0.1707350533482808,0.04754358161648178,2.742961876223051,0.27099841521394613,0.358161648177496,71.48700242042541
9621aabf243e,DauT,2021,1v1 tournament,hc4_daut,whole available replay,True,False,92.33338323007806,80.91483366428808,0.12366653496641644,1.415384567462157,0.11597632743422537,0.3810650758551901,1.8224851453942392,4.607408128024982,6.461538242761662,0.0013531799729364006,1.2136946816556566,0.0965330419892553,0.06221771306659692,0.0,0.5444866153739105,264.0,0.00911854103343465,1.3758926892655892,1.343083561180027,1.1897294711231932,0.33558863328822736,0.33288227334235454,0.49458483754512633,1.0,0.019758897018817605,0.22540883312583382,0.08785529715762273,3.1560806886083514,0.262015503875969,0.33178294573643413,57.4940387082588
2c3759e0dc22,DauT,2021,1v1 tournament,hc4_daut,first 10 game minutes,True,False,108.32900366783142,104.27300353050231,0.0374414976599064,1.2923076485524043,0.11597632743418984,0.24852070164470774,1.457988116315537,3.8653253129138725,5.119526453880724,0.0,1.1875461339507773,0.08573356741604492,0.014420000000000127,0.0,0.4120361056121366,228.0,0.013888888888888888,0.7040140574311382,0.675100979510412,0.6035413096359746,0.17207792207792208,0.16883116883116883,0.7382113821138211,1.0,0.014356532456036533,0.17406392823220962,0.058922558922558925,2.743482780228255,0.28114478114478114,0.3686868686868687,67.26200227737426
2c3759e0dc22,DauT,2021,1v1 tournament,hc4_daut,whole available replay,True,False,94.94339854035049,86.97682553484046,0.08390865639936272,1.2923076485524043,0.11597632743422537,0.36449702907888337,1.7065088179601786,3.753159636238082,9.493490802827182,0.001160092807424594,1.1730968057171969,0.07965443843173338,0.040349011189660236,0.0,0.45500156375596545,228.0,0.01680672268907563,1.1567316522050786,1.1175529156404431,1.0469278960899646,0.2888631090487239,0.287122969837587,0.5658734764944864,1.0,0.018479180416610713,0.15723526890127498,0.048795944233206594,2.526241128060667,0.24778200253485425,0.33269961977186313,60.505617763367276
11508bc32ada,DauT,2021,1v1 tournament,hc4_daut,first 10 game minutes,True,False,104.78000354766846,100.55500340461731,0.04032258064516129,1.2923076485524043,0.11597632743419695,0.36449702907884785,1.4695857490589526,3.2804732617099717,4.8710057522359875,0.0,1.1364594769595695,0.06387178340202705,0.0,0.0,0.4268742139321149,228.0,0.013888888888888888,0.7621997067679724,0.7254456485284884,0.6034971240488597,0.1531986531986532,0.14814814814814814,0.7622259696458684,1.0,0.023321472059623028,0.2936582104365018,0.12345679012345678,3.1486410419536077,0.31216931216931215,0.2839506172839506,73.34600248336793
11508bc32ada,DauT,2021,1v1 tournament,hc4_daut,whole available replay,True,False,88.59513176884319,71.30995642956636,0.19510299261562378,1.2923076485524043,0.11597632743428221,0.4804733565130732,2.0710058470391175,4.633822328313953,9.99053220611654,0.0004830917874396135,1.2094671954132552,0.09480439259206867,0.06133182925495817,0.0,0.5697587342396209,312.0,0.017191977077363897,1.3244909477259967,1.2791162318067972,1.15430056850004,0.3144927536231884,0.3115942028985507,0.5224746254229096,1.0,0.027689170093009315,0.24635212867041206,0.09731543624161074,3.3379819924359992,0.3417225950782998,0.2897091722595078,53.47385916712533
323cda4cd90e,DauT,2021,1v1 tournament,hc4_daut,first 10 game minutes,True,False,100.8930034160614,95.82300324440001,0.05025125628140704,1.415384567462157,0.11597632743419695,0.24852070164470774,1.4745561630918247,4.06646140077823,5.8485205120383625,0.0017667844522968198,1.2432119386867215,0.10842129292032425,0.031219999999999835,0.0,0.5599223692127379,360.0,0.013888888888888888,0.7586569261666803,0.7494906958792513,0.6589274142632732,0.1855123674911661,0.1855123674911661,0.7115044247787611,1.0,0.01049773144309707,0.13718219667900974,0.007366482504604052,2.264525692729465,0.281767955801105,0.43830570902394106,55.6010018825531
323cda4cd90e,DauT,2021,1v1 tournament,hc4_daut,whole available replay,True,False,86.65499051056845,74.72204872436072,0.13770634231103387,1.415384567462157,0.11597632743428221,0.3644970290793026,1.95502951960475,4.898840070820362,19.73254371058863,0.003528225806451613,1.3087171630897019,0.13371805261609132,0.07581125313369726,0.01237998398487138,0.5661589971018998,360.0,0.018808777429467086,1.3315227684313011,1.309358165975989,1.0889348116114115,0.2878024193548387,0.2857862903225806,0.5516893595562279,1.0,0.0241907320012633,0.28532322566114066,0.11296829971181556,3.4856368873529933,0.3452449567723343,0.3394812680115274,52.550115878693994
dde7930841b0,DauT,2021,1v1 tournament,hc4_daut,first 10 game minutes,True,False,87.54200296401977,82.1340027809143,0.06177606177606178,1.53846148637191,0.11597632743419695,0.36449702907886206,1.7065088179602355,4.794792737064927,6.328993868551521,0.0,1.3314849507781639,0.14217760687990993,0.07723333333333329,0.0,0.4754288768881409,168.0,0.041666666666666664,0.6657129060135031,0.6448660996661839,0.5505599816156023,0.15051546391752577,0.15051546391752577,0.7747933884297521,1.0,0.02123241858352569,0.29775852911141415,0.12153518123667377,3.2211303279757537,0.2814498933901919,0.2771855010660981,60.16400203704834
dde7930841b0,DauT,2021,1v1 tournament,hc4_daut,whole available replay,True,False,85.74959343298647,76.74801919698639,0.10497512437810945,1.53846148637191,0.11597632743418984,0.48047335651301637,1.9384614728284533,4.643692150465121,6.328993868551521,0.0005561735261401557,1.1823928903274572,0.08357472714277862,0.05455453455012534,0.0,0.4643317775341053,168.0,0.01773049645390071,1.1243954210647011,1.1075930930047286,1.0181170737505372,0.29087875417130143,0.29087875417130143,0.5470228158041179,1.0,0.02562248534471867,0.23946050867611715,0.09179926560587515,3.4200886454961634,0.29804161566707466,0.27539779681762544,57.550349025422264
e1e75a47ab4e,DauT,2021,1v1 tournament,hc4_daut_ro8,first 10 game minutes,True,False,102.41400346755981,96.16100325584411,0.06105610561056106,1.1692307296426514,0.11834319125938322,0.3603550173848191,1.505088706436768,3.8028992795244974,5.917159562968891,0.0017605633802816902,1.204497881917575,0.09276392760227703,0.016666666666666684,0.0,0.4514165040084823,216.0,0.013888888888888888,0.6510134302766468,0.631796677506442,0.5750313983091594,0.15140845070422534,0.15140845070422534,0.7619047619047619,1.0,0.02213138872994036,0.2759517509038776,0.11171171171171171,3.204234820872601,0.34054054054054056,0.24684684684684685,73.00800247192382
e1e75a47ab4e,DauT,2021,1v1 tournament,hc4_daut_ro8,whole available replay,True,False,94.05040881717963,88.96660293516993,0.05405405405405406,1.1692307296426514,0.11834319125938464,0.362130165253717,1.6317750926799293,3.7871063806509193,10.576922718806827,0.0008936550491510277,1.200702506116582,0.09119929002614119,0.030363706440302004,0.014002870294643824,0.4772102176575169,216.0,0.019736842105263157,1.063257686178496,1.019262110356348,0.9754046632570673,0.26720285969615726,0.26630920464700625,0.5912343470483006,1.0,0.02065499435855958,0.17524394713451946,0.07854406130268199,2.788641631399334,0.2825670498084291,0.2720306513409962,66.40721433375185
0b3bc1441529,DauT,2021,1v1 tournament,hc4_daut_ro8,first 10 game minutes,True,False,98.02000331878662,93.62600317001342,0.04482758620689655,1.415384567462157,0.11597632743419695,0.36449702907887627,1.7065088179602381,3.104189244009981,5.119526453880667,0.0,1.1272171819781187,0.05980451035085107,0.014419999999999968,0.0,0.4389363211585974,216.0,0.013888888888888888,0.72231141065908,0.7004996995400676,0.5938851128583105,0.15913200723327306,0.15732368896925858,0.75,1.0,0.023799290955824715,0.30235811492253845,0.14018691588785046,3.0565940607823685,0.3401869158878505,0.26542056074766357,69.62800235748291
0b3bc1441529,DauT,2021,1v1 tournament,hc4_daut_ro8,whole available replay,True,False,90.09047879922241,71.07321058290735,0.21109076641381114,1.415384567462157,0.11597632743428221,0.4804733565130732,2.161538388352528,5.002887404575441,9.742011504471975,0.003316749585406302,1.2292612100136824,0.10284178856378844,0.08077605886791797,0.00561641731279757,0.510610510179294,216.0,0.01764705882352941,1.241186484639133,1.2211537132801176,1.061989913728146,0.28490878938640135,0.28391376451077943,0.5593895155938952,1.0,0.03621197066076644,0.33518644760226657,0.14424878231547397,3.725362581346226,0.3859123267141251,0.24803297115024353,55.47292364461668
5e152714b185,DauT,2021,1v1 tournament,hc4_daut_ro8,first 10 game minutes,True,False,89.23200302124023,83.9930028438568,0.058712121212121215,1.53846148637191,0.11597632743419695,0.36449702907888337,1.59053249052603,4.750887413107722,9.394082522169384,0.0,1.244894472507971,0.10908952536836955,0.07480666666666658,0.0,0.4744695478674856,168.0,0.041666666666666664,0.8216400644638968,0.8111828158261256,0.7019666613539953,0.19556451612903225,0.19556451612903225,0.6888888888888889,1.0,0.01472782463330774,0.1708946737457985,0.004166666666666667,2.2732570437613115,0.3625,0.375,53.573001813888546
5e152714b185,DauT,2021,1v1 tournament,hc4_daut_ro8,whole available replay,True,False,84.45626974021407,72.94755373787882,0.13626834381551362,1.53846148637191,0.11597632743428221,0.4804733565129027,1.9550295196049774,5.05341994724315,12.674555783879327,0.00048567265662943174,1.2877655595118525,0.12578454917087473,0.09166078222248271,0.014530561044211191,0.4953859116211782,216.0,0.02654867256637168,1.3304294248112243,1.2974450593553695,1.111671906349794,0.29626032054395335,0.29528897523069453,0.5349854227405247,1.0,0.02144379432045473,0.21488140212399753,0.08625486922648859,3.2153412029985984,0.36115748469671677,0.32943795214245963,51.983984896702
31d31c225a08,DauT,2021,1v1 tournament,hc4_daut_ro8,first 10 game minutes,True,False,73.00800247192382,67.93800230026245,0.06944444444444445,1.415384567462157,0.11597632743419695,0.3644970290788869,2.226745486736438,5.599999810393686,20.229585113878017,0.004987531172069825,1.6849379539941458,0.25510382948523036,0.17500000000000027,0.05697999999999999,0.8102429580979084,216.0,0.05555555555555555,0.844401095313598,0.844401095313598,0.7117667104370197,0.20448877805486285,0.20448877805486285,0.69,1.0,0.02435534892708633,0.2008282718722396,0.07751937984496124,2.8749041673689177,0.38242894056847543,0.27906976744186046,49.68600168228149
31d31c225a08,DauT,2021,1v1 tournament,hc4_daut_ro8,whole available replay,True,False,81.80666215321828,73.66529907002221,0.09951956074124914,1.415384567462157,0.11597632743428221,0.4804733565129595,1.9550295196048637,5.110248347685948,20.229585113878017,0.002288329519450801,1.4109048137892124,0.17043593402735568,0.09897877199034522,0.01893062039476999,0.5894030779110685,216.0,0.018691588785046728,1.068004932198588,1.0444020371127318,0.9638693979127925,0.2791762013729977,0.2768878718535469,0.5709923664122137,1.0,0.02626179469114582,0.2291350732659918,0.08947804473902236,3.31295830913306,0.3347141673570837,0.2891466445733223,54.069880338743445
63e46229572d,TheViper,2021,1v1 tournament,hc4_viper,first 10 game minutes,True,False,137.05900464057922,130.97500443458557,0.04438964241676942,0.36923075672925837,0.11538461147790713,0.23668638251875507,1.2037277698947644,2.8872425057932545,7.092307452174481,0.012919896640826873,1.319905875169892,0.1378960580228129,0.03418999999999981,0.0,0.4907417563077091,384.0,0.027777777777777776,0.876269383165318,0.8522723243192616,0.6655804953483477,0.17054263565891473,0.16795865633074936,0.7218628719275549,1.0,0.015009079378690024,0.2201538103783645,0.09345794392523364,3.041017008090375,0.2750333778371162,0.4325767690253672,76.2190025806427
63e46229572d,TheViper,2021,1v1 tournament,hc4_viper,whole available replay,True,False,122.32292681114231,101.370993063423,0.17128378378378378,0.36923075672925837,0.11538461147802082,0.23846153038766715,1.469704092250212,4.071922939054726,12.738461107159367,0.01631321370309951,1.472195515529655,0.19100249659197754,0.06984589000620303,0.008773681563612827,0.5486928394699592,384.0,0.027491408934707903,1.437999051769164,1.409458989165413,1.1007264298311767,0.2699836867862969,0.26916802610114193,0.5634434924520604,1.0,0.015930650636407594,0.20539511069553992,0.0822814399251987,3.1787634319406473,0.2641421224871435,0.4212248714352501,64.13688594962596
40cfbfe02398,TheViper,2021,1v1 tournament,hc4_viper,first 10 game minutes,True,False,128.60900435447692,122.18700413703918,0.04993429697766097,0.9230768918231459,0.11183431574011138,0.23609466656246525,1.2177514380589969,3.4620708886974714,12.203549882667033,0.015235457063711912,1.5478489507125666,0.21502410908595956,0.04878166666666687,0.03437333333333335,0.463970184555878,300.0,0.027777777777777776,0.9714662260822051,0.9474642651326226,0.7274400983246997,0.18421052631578946,0.18421052631578946,0.6907073509015257,1.0,0.02024852544172352,0.2660471741322803,0.11239193083573487,3.275978299252907,0.3314121037463977,0.3804034582132565,77.57100262641906
40cfbfe02398,TheViper,2021,1v1 tournament,hc4_viper,whole available replay,True,False,128.05210717914258,113.56145941649481,0.11316211878009631,0.9230768918231459,0.11715975934674816,0.24733726973209968,1.4511242112224834,3.3776271045743314,12.203549882667033,0.019927536231884056,1.412113907874662,0.17085176057783266,0.029664607201641213,0.02090275919664649,0.4522913596880256,300.0,0.008547008547008548,1.0806124935209762,1.0498958173836146,0.8685274476482382,0.22735507246376813,0.22644927536231885,0.6237533998186764,1.0,0.02202693062267112,0.3037621696783589,0.12702960840496658,3.49086850578939,0.34097421203438394,0.35912129894937916,74.91973204943415
c0b3c47feff8,TheViper,2021,1v1 tournament,hc4_viper,first 10 game minutes,True,False,145.5090049266815,138.74900469779965,0.04645760743321719,1.0461538107328987,0.1118343157401398,0.23609466656245104,1.0886390163950237,2.5397395589792406,7.249112180593187,0.015853658536585366,1.4811758625562697,0.193930575344438,0.055665000000000006,0.0,0.41718262391763006,2028.8243094965098,0.027777777777777776,0.8524355560231484,0.8268988481979715,0.5806752681964349,0.1353658536585366,0.1353658536585366,0.7606837606837606,1.0,0.017353511802802497,0.22952270802668437,0.08723135271807839,3.296889792268174,0.26801517067003794,0.415929203539823,83.14800281524657
c0b3c47feff8,TheViper,2021,1v1 tournament,hc4_viper,whole available replay,True,False,117.32231226757855,94.7281933768787,0.19258160237388725,1.0461538107328987,0.117159759346805,0.24852070164467932,1.6314792347018277,4.883171432297475,12.099407874358803,0.012867647058823529,1.5059497100878076,0.20189938690752074,0.0913143148679738,0.007020427838221179,0.5758601401106823,288.0,0.014492753623188406,1.448109665028508,1.3922295913327118,1.0822715991587681,0.26176470588235295,0.2584558823529412,0.5696947407134976,1.0,0.018634410137661178,0.2400556450181176,0.09549624687239366,3.533978676823854,0.2823185988323603,0.3957464553794829,61.68995173238848
679124a7c6b9,TheViper,2021,1v1 tournament,hc4_viper_ro8,first 10 game minutes,True,False,105.45600357055665,100.55500340461731,0.046474358974358976,0.7999999729133932,0.11834319125937043,0.2514792814262137,1.4320709574297474,3.6414436636892806,4.733727650375101,0.008417508417508417,1.2022105645356667,0.09182163040721882,0.0,0.0,0.46517595930605155,228.0,0.013888888888888888,1.1049023947909347,1.0902855358141388,0.9205015949797725,0.25084175084175087,0.25084175084175087,0.5902192242833052,1.0,0.02186470802293497,0.3119241088758566,0.12852112676056338,2.6429395257013444,0.31161971830985913,0.3609154929577465,65.9100022315979
679124a7c6b9,TheViper,2021,1v1 tournament,hc4_viper_ro8,whole available replay,True,False,113.72456817637378,88.018537089627,0.22603762317109585,0.7999999729133932,0.11715975934691869,0.3479289823025482,1.6846153275773759,4.211627076336509,10.773964132253695,0.0096487842531841,1.3714892863047707,0.15664809807495333,0.07306244813403039,0.01180015686211469,0.5198705092279071,276.0,0.01694915254237288,1.4857058871567388,1.449820532876924,1.19932577958427,0.31069085295252796,0.31069085295252796,0.5038610038610039,1.0,0.021894068742981977,0.2742563790063195,0.11553784860557768,3.6533397306499946,0.3377600708277999,0.37273129703408586,59.426095643073786
d777b0479240,TheViper,2021,1v1 tournament,hc4_viper_ro8,first 10 game minutes,True,False,103.25900349617004,96.4990032672882,0.06546644844517185,0.9230768918231459,0.117159759346805,0.24852070164467932,1.703431894987483,4.117490984849259,7.50355004180085,0.01929824561403509,1.3675228134454667,0.15523517296570802,0.036366666666666644,0.0,0.47892260206561127,240.0,0.013888888888888888,0.9468034769678184,0.9327019558980743,0.7625930741648506,0.20350877192982456,0.20350877192982456,0.6678383128295254,1.0,0.013868226110432515,0.20740475075748613,0.05415162454873646,2.261800555964132,0.29422382671480146,0.4296028880866426,56.27700190544128
d777b0479240,TheViper,2021,1v1 tournament,hc4_viper_ro8,whole available replay,True,False,102.59890319113241,81.99085082944565,0.20086035737921906,0.9230768918231459,0.11538461147802082,0.3488165562369865,1.923076857964901,5.407692124597162,12.261538046383976,0.015741507870753936,1.43856634050987,0.17984597475341682,0.10074842124400643,0.006938122407871918,0.5597377316229079,264.0,0.01977401129943503,1.462994949531451,1.4319083596922648,1.1359843437990698,0.28541839270919633,0.28541839270919633,0.5246581019477828,1.0,0.020501030616045305,0.24571877931481906,0.09943714821763602,3.46994023619248,0.3133208255159475,0.3907129455909944,53.70994865928903
211c10a368c4,DauT,2011,1v1 challenge,historical_110,first 10 game minutes,False,False,69.0,69.0,0.0,2.97,0.3299999999999983,0.6600000000000179,2.1599999999999966,5.617499999999989,13.049999999999955,0.18082788671023964,1.33423692531729,0.14318894611431,0.11234999999999981,0.03262499999999988,0.5544117610189593,180.0,0.0375,0.8209948197718039,0.8096964446131685,0.7380627977857694,0.22657952069716775,0.22440087145969498,0.6637554585152838,1.0,0.018622978311230335,0.22118670260349116,0.08314606741573034,2.5813268517113483,0.27415730337078653,0.3101123595505618,48.300000000000004
211c10a368c4,DauT,2011,1v1 challenge,historical_110,whole available replay,False,False,61.85083669936525,61.77870744373918,0.0011661807580174927,2.97,0.35999999999989996,0.7200000000000273,2.519999999999982,5.680500000000008,13.049999999999955,0.16238317757009346,1.2131605649035533,0.09631500230207773,0.10886107905366414,0.014660271206001111,0.5960901024559547,192.0,0.03303303303303303,1.3001708156663845,1.276347279203647,1.1315928508269502,0.3177570093457944,0.31600467289719625,0.5195791934541204,1.0,0.017862761082960955,0.23734811566374917,0.09460359760159893,2.894931568231925,0.2691538974017322,0.33710859427048634,43.530005770340445
079005bcaa66,DauT,2011,1v1 challenge,historical_110,first 10 game minutes,False,False,26.1,26.1,0.0,2.97,0.3599999999999852,1.3200000000000074,6.299999999999983,12.456000000000003,16.920000000000016,0.06936416184971098,1.230112282463066,0.10318416891947546,0.46867499999999995,0.15735,0.9160133513055991,132.0,0.1875,1.3957477155847455,1.367208622460357,1.2012917889998644,0.3988439306358382,0.3988439306358382,0.4011627906976744,1.0,0.013868257245514944,0.10212831261696542,0.031446540880503145,1.5525363331786481,0.22641509433962265,0.20125786163522014,21.299999999999997
079005bcaa66,DauT,2011,1v1 challenge,historical_110,whole available replay,False,False,30.307272345488908,29.502344788968998,0.026558891454965358,2.97,0.35999999999989996,1.0800000000001546,5.255999999999927,14.227200000000023,27.180000000000007,0.07957244655581948,1.358955332823487,0.15216707490338324,0.44288514033736964,0.14686428221460116,0.8861995991949859,168.0,0.1661807580174927,2.221160305699247,2.167038046279353,1.698930141656242,0.44418052256532065,0.44299287410926363,0.33650416171224734,1.0,0.02485508195550405,0.16574641339307103,0.05223880597014925,2.2832302223662655,0.27238805970149255,0.1791044776119403,26.142647161755445
bb815fe6233a,DauT,2011,1v1 challenge,historical_110,first 10 game minutes,False,False,43.5,43.5,0.0,1.9800000000000002,0.3599999999999568,0.7200000000000273,3.6900000000000026,13.251599999999959,18.299999999999955,0.18685121107266436,1.799488155412878,0.2855836892422811,0.44987499999999964,0.2622999999999996,0.901709302970209,168.0,0.2125,1.1112656939990218,1.1112656939990218,0.9178519304601619,0.25259515570934254,0.25259515570934254,0.6076388888888888,1.0,0.021613518307905547,0.2880784671912661,0.13970588235294118,3.2616279661552494,0.33455882352941174,0.3272058823529412,30.15
bb815fe6233a,DauT,2011,1v1 challenge,historical_110,whole available replay,False,False,51.302288871349646,50.90765588003158,0.007692307692307693,1.9800000000000002,0.35999999999989996,0.7200000000000273,2.879999999999973,9.174599999999957,28.439999999999998,0.1353448275862069,1.5240749401496858,0.2076304993221027,0.21625887924230447,0.08850741033061464,0.688148081522398,168.0,0.0948905109489051,1.4259760461806932,1.4259760461806932,1.1971527325195486,0.31982758620689655,0.31982758620689655,0.4969801553062985,1.0,0.021773680758141484,0.25024920768627434,0.10090817356205853,2.7619942110885947,0.2795156407669021,0.2885973763874874,38.3670963781461
252b3a6bcf45,DauT,2011,1v1 challenge,historical_110,first 10 game minutes,False,False,63.0,63.0,0.0,2.97,0.3299999999999983,0.6600000000000037,2.639999999999995,6.638399999999995,9.120000000000005,0.1766109785202864,1.3811385364174065,0.1600656705135925,0.20504999999999982,0.0,0.6670067159959286,180.0,0.05,0.8693025088762434,0.8693025088762434,0.7224186858054416,0.19809069212410502,0.19809069212410502,0.6722488038277512,1.0,0.02284689372953898,0.20390930857371659,0.04914004914004914,2.750837353263144,0.3071253071253071,0.257985257985258,47.25
252b3a6bcf45,DauT,2011,1v1 challenge,historical_110,whole available replay,False,False,50.10152631699025,50.055896511601375,0.0009107468123861566,2.97,0.3300000000000239,0.7799999999999727,3.240000000000009,7.540799999999953,15.480000000000018,0.13777372262773724,1.329471291267643,0.14143608144161868,0.24642376400264623,0.03942415185599227,0.7331233215021173,192.0,0.07224334600760456,1.2371446485883983,1.2222200852723326,1.0470448421681158,0.291970802919708,0.29105839416058393,0.5351598173515981,1.0,0.0203637238919833,0.19666882914501096,0.06031128404669261,2.565051055699297,0.29669260700389105,0.259727626459144,37.872738472770415
2a4d86704ada,TheViper,2012,team game,historical_119,first 10 game minutes,False,False,63.9,63.45,0.007042253521126761,1.9800000000000002,0.8999999999999773,1.049999999999983,3.0780000000000434,6.583499999999981,9.839999999999996,0.43601895734597157,1.3424805271556612,0.1462042152262907,0.14332499999999965,0.0,0.670791024758657,264.0,0.025,0.8425509699901718,0.8425509699901718,0.7315945932844832,0.20853080568720378,0.20853080568720378,0.667458432304038,1.0,0.014405142095590883,0.17765138233514588,0.04691358024691358,1.7726774412219748,0.2074074074074074,0.2222222222222222,49.95
2a4d86704ada,TheViper,2012,team game,historical_119,whole available replay,False,False,70.5588344765247,50.406763439144996,0.28560663149962323,1.9800000000000002,0.9299999999998363,1.0799999999999272,4.199999999999932,11.761500000000002,20.759999999999764,0.44063324538258575,1.6541075985581364,0.2464510477696854,0.30654809379486414,0.11002552241186814,0.860930114635925,264.0,0.1261061946902655,1.3311943814851306,1.30734639528485,1.1118404808211733,0.30448548812664905,0.30395778364116094,0.5343189017951425,1.0,0.009063361069576625,0.16704841969131712,0.0479951397326853,2.7318788323854006,0.1798298906439854,0.30558930741190765,37.03408305418195
be2ccdca713e,TheViper,2012,team game,historical_119,first 10 game minutes,False,False,48.300000000000004,47.85,0.009316770186335404,1.9800000000000002,0.539999999999992,1.0799999999999983,3.528000000000021,7.6133999999999675,18.279999999999973,0.25157232704402516,1.3903477256165329,0.16330164914221926,0.1828749999999998,0.07262499999999988,0.6162007974076297,144.0,0.0625,1.0635374486365168,1.0635374486365168,0.9413976641140421,0.3018867924528302,0.3018867924528302,0.5141955835962145,1.0,0.01875723240142615,0.1031771033071045,0.0,1.1589007330606425,0.23255813953488372,0.132890365448505,41.85
be2ccdca713e,TheViper,2012,team game,historical_119,whole available replay,False,False,65.48975564012255,44.84837911219182,0.31518481518481517,1.9800000000000002,0.57000000000005,1.1400000000000432,4.560000000000059,10.583199999999923,18.720000000000027,0.31605839416058396,1.5168585652301625,0.20535860551341575,0.32295630745074017,0.07967593147891719,0.8258808535556217,264.0,0.12806539509536785,1.399083731790529,1.3905072000036478,1.165863208482708,0.31532846715328466,0.31532846715328466,0.5135135135135135,1.0,0.01389301763533471,0.14361656589675825,0.05793450881612091,2.598349624044708,0.22502099076406382,0.20654911838790932,36.801186361207726
5e1293a4be54,DauT,2012,team game,historical_147,first 10 game minutes,False,False,58.650000000000006,58.650000000000006,0.0,2.97,0.4199999999999619,0.8100000000000094,3.134000000000037,5.926800000000046,8.159999999999968,0.2,1.215402486334191,0.09722950464437535,0.13335,0.0,0.6264627443180569,180.0,0.0375,0.8754188948982771,0.8616167438346651,0.7438458127461479,0.2282051282051282,0.22564102564102564,0.6375321336760925,1.0,0.021687604000972714,0.22491379222139787,0.07795698924731183,2.237223587898264,0.3521505376344086,0.15591397849462366,49.95
5e1293a4be54,DauT,2012,team game,historical_147,whole available replay,False,False,46.87818253035644,46.75283979631806,0.00267379679144385,2.97,0.4199999999998454,1.0199999999999818,3.4880000000000106,7.437000000000028,22.620000000000005,0.17974513749161636,1.3156806092401094,0.13632303521499026,0.21233059146102656,0.051829220524872884,0.6997363974258123,180.0,0.08093994778067885,1.3439773405700723,1.3267657738730032,1.1416473145978485,0.3085177733065057,0.30784708249496984,0.5201342281879194,1.0,0.016883442986146593,0.17328762590823982,0.03884234577303884,2.305884491635904,0.26351865955826353,0.19801980198019803,38.60556208382295
5e1293a4be54,TheViper,2012,team game,historical_147,first 10 game minutes,False,False,65.4,65.4,0.0,1.9800000000000002,0.4199999999999875,0.75,2.8100000000000023,5.2425,6.6299999999999955,0.25057471264367814,1.2222097191513035,0.09999493622778717,0.0740249999999999,0.0,0.4888281396241182,180.0,0.0,0.990117943716676,0.990117943716676,0.8037356758768505,0.2160919540229885,0.2160919540229885,0.6543778801843319,1.0,0.021037272615807207,0.15408323330445342,0.07434052757793765,2.1672800757566066,0.2565947242206235,0.20623501199040767,52.5
5e1293a4be54,TheViper,2012,team game,historical_147,whole available replay,False,False,69.37720329024677,64.4888366627497,0.07046070460704607,1.9800000000000002,0.39000000000010004,0.6600000000000819,2.8799999999999955,6.839999999999918,20.039999999999964,0.2707826932425863,1.4492666647498156,0.18342905295520634,0.1366549157853501,0.024441833137485228,0.6539832216190392,288.0,0.033942558746736295,1.230238366576793,1.2121131616741245,1.027550762472099,0.2819640252795333,0.2814778804083617,0.5676070038910506,1.0,0.012786358292536673,0.11156326642497014,0.03835764451647758,2.423750502127285,0.18260399783900594,0.2820097244732577,48.131609870740306
bd5257dfee73,DauT,2012,team game,historical_147,first 10 game minutes,False,False,86.7,86.7,0.0,3.9600000000000004,0.3300000000000125,0.5399999999999956,2.040000000000012,5.279099999999986,10.260000000000048,0.29982668977469673,1.4219761484001616,0.17422803634086084,0.10064999999999989,0.02565000000000012,0.5867985711195716,240.0,0.0375,0.642531344077256,0.642531344077256,0.5570359992896687,0.15424610051993068,0.15424610051993068,0.7604166666666666,1.0,0.011417486644917686,0.11730021275916204,0.049910873440285206,2.398022710547007,0.22281639928698752,0.2727272727272727,63.75
bd5257dfee73,DauT,2012,team game,historical_147,whole available replay,False,False,53.475370402188716,52.57662468114353,0.01680672268907563,3.9600000000000004,0.42000000000007276,0.9600000000000364,3.459000000000036,7.740000000000114,16.229999999999563,0.23138832997987926,1.3416076342036032,0.14588594144201547,0.19704999933915776,0.02237612508425722,0.7191850262638875,240.0,0.05726872246696035,1.3754041934244083,1.3480646863612176,1.147147593504149,0.30985915492957744,0.3073440643863179,0.5223955712128837,1.0,0.014299920684521069,0.2740067089056492,0.11488095238095238,3.0591200559920835,0.29642857142857143,0.26071428571428573,40.998665098267274
bd5257dfee73,TheViper,2012,team game,historical_147,first 10 game minutes,False,False,90.6,90.6,0.0,1.9800000000000002,0.3300000000000125,0.5400000000000205,2.160000000000006,3.8744999999999727,5.459999999999923,0.33665008291873966,1.2533468755364807,0.11243136966036953,0.013649999999999806,0.0,0.59745964563028,324.0,0.0,0.8318073864664406,0.8168096215227956,0.7060951688392744,0.19071310116086235,0.19071310116086235,0.7126245847176079,1.0,0.013875582704831439,0.15817754774390258,0.03442340791738382,2.369983518328239,0.28055077452667815,0.270223752151463,67.05
bd5257dfee73,TheViper,2012,team game,historical_147,whole available replay,False,False,77.42430049827522,71.29168263702569,0.07920792079207921,1.9800000000000002,0.3900000000000318,0.5400000000000205,2.7000000000000455,6.765600000000015,14.399999999999864,0.3141691394658754,1.4872351126377956,0.1958942723838707,0.1524431345078709,0.012278452571337794,0.67719485935872,324.0,0.037444933920704845,1.4297744565453845,1.4090243245187055,1.1242807914026893,0.2919139465875371,0.2919139465875371,0.5487940630797774,1.0,0.015112070945170766,0.17690356724410372,0.07148936170212766,3.258446244179961,0.27404255319148935,0.2927659574468085,53.105298634699516
5338a28e825b,DauT,2012,team game,historical_147,first 10 game minutes,False,False,59.85,59.85,0.0,2.97,0.4800000000000111,0.9900000000000002,3.135000000000005,5.7869999999999875,9.449999999999989,0.2814070351758794,1.2718102224826004,0.11964477481115046,0.09839999999999975,0.0,0.6869134233607215,192.0,0.0375,0.9906595078169639,0.9675423287338252,0.8638070588599215,0.2537688442211055,0.25125628140703515,0.6171284634760705,1.0,0.023329468821470394,0.33887097693268453,0.1455026455026455,1.9288737841320713,0.3492063492063492,0.17195767195767195,50.099999999999994
5338a28e825b,DauT,2012,team game,historical_147,whole available replay,False,False,38.51625293406359,38.16060886265026,0.009233610341643583,2.97,0.42000000000005,1.0800000000001546,4.5599999999999685,10.116000000000241,16.650000000000034,0.18190298507462688,1.2844988909046917,0.1245344841432715,0.30297318443701515,0.07132441852194336,0.8402125936347891,192.0,0.10059171597633136,1.696970009280687,1.634610680851363,1.4646862511104672,0.4039179104477612,0.4001865671641791,0.4117647058823529,1.0,0.021670251932785038,0.2364924774812001,0.09845788849347568,1.9617323606310042,0.2941874258600237,0.1826809015421115,32.683690162884986
5338a28e825b,TheViper,2012,team game,historical_147,first 10 game minutes,False,False,79.80000000000001,79.64999999999999,0.0018796992481203006,1.9800000000000002,0.45000000000002843,0.7799999999999727,2.1599999999999966,6.227999999999999,7.799999999999997,0.3622641509433962,1.4191248558162324,0.17325474326326834,0.1420750000000002,0.0,0.5428140860830503,180.0,0.05,0.8845496379757671,0.8689499790300937,0.7157393379653361,0.19622641509433963,0.19622641509433963,0.6824196597353497,1.0,0.021044844678171058,0.2526459552280349,0.10176125244618395,2.3775416843121375,0.3150684931506849,0.23679060665362034,61.49999999999999
5338a28e825b,TheViper,2012,team game,historical_147,whole available replay,False,False,66.61213457571662,62.486663347322,0.06193272824345969,1.9800000000000002,0.36000000000012733,0.839999999999975,3.060000000000014,7.320000000000037,18.029999999999745,0.3092255125284738,1.552259756954553,0.21638070163106318,0.21909453019418168,0.036560210541290314,0.7373567424559052,336.0,0.07988165680473373,1.3667879758005013,1.3579597817367584,1.0939491070368168,0.2875854214123007,0.2875854214123007,0.5544159544159544,1.0,0.016446145857772383,0.27885605312987066,0.10592938041305797,3.0659062368192083,0.24783477681545638,0.2864756828780813,47.19396827654883
c15e438221ef,TheViper,2012,team game,historical_147,first 10 game minutes,False,False,75.45,75.45,0.0,2.97,0.3300000000000125,0.6599999999999966,2.160000000000025,5.175000000000022,11.759999999999991,0.26095617529880477,1.352143964477949,0.14971190955826813,0.08520000000000011,0.029399999999999978,0.5111741436866003,204.0,0.025,0.9501872951380653,0.9501872951380653,0.7881652953911241,0.22111553784860558,0.22111553784860558,0.6407185628742516,1.0,0.021446199217291906,0.23208575652456265,0.09917355371900827,2.2511144169766344,0.29338842975206614,0.2768595041322314,55.35
c15e438221ef,TheViper,2012,team game,historical_147,whole available replay,False,False,68.07403701850924,59.289644822411205,0.12904174015285128,2.97,0.3300000000001546,0.7199999999999136,3.0630000000003332,8.720099999999972,22.710000000000036,0.25050641458474004,1.5826971211012768,0.22561573958498526,0.24628314157078554,0.06931465732866396,0.7428611814727911,348.0,0.08166666666666667,1.5200392142152375,1.4874014011070436,1.1778648290500833,0.29439567859554355,0.29304523970290347,0.5325903411009794,1.0,0.014705401645192838,0.15971765189151085,0.07056056448451588,3.3540341885051888,0.24500196001568011,0.3269306154449236,42.60130065032516
c15e438221ef,DauT,2012,team game,historical_147,first 10 game minutes,False,False,78.45,78.45,0.0,3.9600000000000004,0.3300000000000125,0.6599999999999469,1.9800000000000024,5.156400000000021,5.730000000000018,0.2260536398467433,1.233902682264421,0.1047058513879946,0.08002500000000022,0.0,0.5226254877270081,204.0,0.0125,0.7093115923569834,0.7093115923569834,0.6213258091543877,0.1724137931034483,0.1724137931034483,0.7178502879078695,1.0,0.014633477221293135,0.20057278499843545,0.0825147347740668,2.432462834556407,0.2475442043222004,0.2554027504911591,58.95
c15e438221ef,DauT,2012,team game,historical_147,whole available replay,False,False,47.80390195097549,47.20360180090045,0.012557555462536627,3.9600000000000004,0.35999999999989996,0.9600000000000364,3.3299999999999272,8.518199999999544,12.480000000000246,0.15012722646310434,1.2553110383888726,0.11320435808768056,0.21835917958979376,0.02279139569784924,0.6878453542604138,204.0,0.06166666666666667,1.4406417114110244,1.4213646415844914,1.2314720638211019,0.3435114503816794,0.3430873621713316,0.4683920237590157,1.0,0.01697104461893103,0.186065754073104,0.07079646017699115,2.6610664759310447,0.24188790560471976,0.23795476892822026,37.51875937968985
65e3f6795645,DauT,2012,team game,historical_147,first 10 game minutes,False,False,65.25,65.25,0.0,3.9600000000000004,0.3299999999999912,0.6600000000000037,2.325000000000003,5.940000000000017,7.259999999999991,0.15668202764976957,1.243781572765905,0.10864764009332506,0.08040000000000021,0.0,0.5313031116347975,168.0,0.025,0.7037321741780385,0.7037321741780385,0.617045336645667,0.17511520737327188,0.17511520737327188,0.7344110854503464,1.0,0.0185002672354583,0.34312710164886445,0.13380281690140844,2.0834082397894673,0.24647887323943662,0.20892018779342722,51.9
65e3f6795645,DauT,2012,team game,historical_147,whole available replay,False,False,47.83716963412998,47.6071832416582,0.004807692307692308,3.9600000000000004,0.3300000000000125,0.7800000000001148,3.5099999999999567,7.30439999999998,11.699999999999932,0.1426269137792103,1.2256312360318822,0.10137853584143801,0.19728999367537495,0.019069705042451812,0.6763649250218661,168.0,0.054140127388535034,1.338677948661838,1.2944570058827705,1.1552671382310022,0.30942788074133765,0.30862207896857374,0.5298387096774193,1.0,0.015981642920158478,0.23459149989084974,0.09645131938125569,2.229489746493145,0.2411282984531392,0.27024567788899,36.222856814305146
65e3f6795645,TheViper,2012,team game,historical_147,first 10 game minutes,False,False,72.14999999999999,72.0,0.002079002079002079,1.9800000000000002,0.3299999999999983,0.7199999999999989,1.9800000000000182,4.319999999999995,6.030000000000001,0.1941544885177453,1.0656648300729676,0.031788714760006886,0.02864999999999995,0.0,0.43938087754880223,156.0,0.0125,0.8142329629723624,0.8142329629723624,0.7604953696805572,0.23173277661795408,0.23173277661795408,0.6443514644351465,1.0,0.020337670115126424,0.20154664050794863,0.08855291576673865,2.310180980065044,0.28077753779697623,0.19654427645788336,58.35
65e3f6795645,TheViper,2012,team game,historical_147,whole available replay,False,False,74.74557755332809,69.80087011518485,0.06615384615384616,1.9800000000000002,0.3299999999999983,0.6599999999999966,2.340000000000032,6.267600000000101,15.090000000000146,0.21483516483516482,1.415674834329013,0.17207400119497976,0.11915211683308703,0.03806274795407926,0.6795207964143873,312.0,0.03821656050955414,1.2460357750980875,1.2349823302467344,1.0452313336865575,0.3087912087912088,0.3076923076923077,0.5404068169323805,1.0,0.016275116742984853,0.17789605123559657,0.07116564417177915,2.6074386331497306,0.24049079754601227,0.31104294478527605,50.36701995131954
52a03f0c9e03,DauT,2012,team game,historical_147,first 10 game minutes,False,False,55.65,55.65,0.0,3.9600000000000004,0.3299999999999983,0.6600000000000037,2.7120000000000113,6.870600000000054,9.0,0.13783783783783785,1.3177538918197422,0.13709561353395613,0.23332500000000078,0.0,0.6453203978482236,168.0,0.05,0.7410933750283107,0.7235995071154454,0.5843384468209752,0.14864864864864866,0.14324324324324325,0.7615176151761518,1.0,0.02062124987956227,0.28361817083308005,0.11173184357541899,2.1036207894254018,0.2877094972067039,0.20670391061452514,44.550000000000004
52a03f0c9e03,DauT,2012,team game,historical_147,whole available replay,False,False,47.18780673000352,46.92853306665185,0.005494505494505495,3.9600000000000004,0.3299999999999983,0.8999999999998636,3.6840000000000654,7.356599999999776,10.950000000000045,0.14770932069510267,1.2610316677949842,0.11544803706776433,0.24669889067911183,0.01294516362020114,0.7018216847965288,168.0,0.06481481481481481,1.4693422310957203,1.4300501951079616,1.2012286176218445,0.3246445497630332,0.32306477093206953,0.49881422924901186,1.0,0.01678695250406765,0.26408628208495244,0.10426540284360189,2.5783389602014415,0.26919431279620853,0.26919431279620853,36.409430153527055
52a03f0c9e03,TheViper,2012,team game,historical_147,first 10 game minutes,False,False,71.39999999999999,71.39999999999999,0.0,1.9800000000000002,0.3299999999999841,0.6599999999999895,2.243999999999997,5.8085999999999975,8.25,0.21263157894736842,1.3477169389018109,0.14810854457797717,0.10057500000000004,0.0,0.5649034268322121,180.0,0.0125,0.8989917469995141,0.8989917469995141,0.813346026847063,0.24210526315789474,0.24210526315789474,0.6118143459915611,1.0,0.0177672958256588,0.1929198333484604,0.07017543859649122,2.0076000488245205,0.22149122807017543,0.28728070175438597,51.75
52a03f0c9e03,TheViper,2012,team game,historical_147,whole available replay,False,False,65.63327592273646,63.52204752115859,0.03216704288939052,1.9800000000000002,0.32999999999992724,0.6599999999999966,2.8440000000000722,7.419599999999956,11.789999999999964,0.22228704784130687,1.4395080478294655,0.1801625734420161,0.17852843676500485,0.02105672537363167,0.7481508567527518,264.0,0.046296296296296294,1.2966318933717078,1.2610812069771853,1.0975030694116907,0.29229871645274214,0.28996499416569427,0.5405720957384705,1.0,0.013309928437498748,0.13350856197771468,0.06692657569850552,2.806518639791702,0.21702404158544508,0.34502923976608185,43.85428820119637
1c40a1c5da42,TheViper,2012,team game,historical_159,first 10 game minutes,False,False,80.1,79.80000000000001,0.003745318352059925,1.9800000000000002,0.6300000000000182,0.75,2.3760000000000154,5.5428000000000095,8.610000000000014,0.4067796610169492,1.3731611862560373,0.15724224229570619,0.08129999999999991,0.0,0.6318026814600215,276.0,0.0,0.8082856850443909,0.7979720228239855,0.6937044438881556,0.1977401129943503,0.1958568738229755,0.6943396226415094,1.0,0.01264855418939748,0.12222449299637715,0.005836575875486381,1.7273940617392618,0.23151750972762647,0.22957198443579765,62.099999999999994
1c40a1c5da42,TheViper,2012,team game,historical_159,whole available replay,False,False,68.68158958682575,62.22266048713145,0.09404163675520459,1.9800000000000002,0.6299999999996544,0.8699999999998909,3.540000000000373,8.885100000000024,20.159999999999854,0.4205311137534681,1.6185476119926099,0.2362178213448332,0.2453530223843804,0.05155638825888308,0.7616576825257848,276.0,0.07802874743326489,1.5022636328238486,1.4883961148015006,0.9827915866315633,0.22988505747126436,0.2294887039239001,0.6316415543219667,1.0,0.010100552453773018,0.11743564645405527,0.03314121037463977,2.562004795181583,0.19740634005763688,0.2728146013448607,48.22009663741248
1c40a1c5da42,DauT,2012,team game,historical_159,first 10 game minutes,False,False,52.2,52.2,0.0,3.9600000000000004,0.6299999999999727,0.9899999999999993,3.7740000000000014,7.823999999999993,11.940000000000055,0.2881844380403458,1.3606946595637182,0.15279174632028797,0.2110500000000001,0.056175000000000065,0.7297719162919529,180.0,0.0875,0.8776838792394357,0.8776838792394357,0.7814801913922355,0.2334293948126801,0.2334293948126801,0.6416184971098265,1.0,0.01687444710835135,0.1108409232400946,0.003003003003003003,1.595178811560816,0.22822822822822822,0.12612612612612611,45.9
1c40a1c5da42,DauT,2012,team game,historical_159,whole available replay,False,False,27.610689281135983,27.43812247312888,0.00625,3.9600000000000004,0.6299999999999955,1.3200000000000216,6.65400000000001,22.929600000000235,46.25999999999999,0.2580935251798561,1.9324792896775433,0.3179832481545263,0.5624280971633299,0.35065164513690317,1.2707172610132833,312.0,0.33880903490759756,1.7266324052392665,1.7266324052392665,1.3140234687311518,0.3345323741007194,0.3345323741007194,0.48874887488748875,1.0,0.012140338772310572,0.1053792009738933,0.015186915887850467,1.6359008820386718,0.1927570093457944,0.17873831775700935,23.666305098116556
bdaf8d46c8e5,TheViper,2026,1v1 ranked,viper_2026_session,first 10 game minutes,True,False,138.91800470352172,105.11800355911254,0.24330900243309003,0.7999999729133932,0.11538461147790713,0.2461538378195054,1.438461489757691,3.5035383429147515,7.569230512949815,0.00322061191626409,1.3400175902350195,0.14530557020337184,0.055185000000000144,0.0,0.48358888606938766,228.0,0.027777777777777776,0.7737497726450292,0.7737497726450292,0.6421697107683142,0.1706924315619968,0.1706924315619968,0.714516129032258,1.0,0.017547797042244285,0.2457928099552373,0.09752066115702479,3.246229445850566,0.2991735537190083,0.39173553719008264,65.06500220298767
bdaf8d46c8e5,TheViper,2026,1v1 ranked,viper_2026_session,whole available replay,True,False,188.6170690136027,106.61963399429419,0.4347296639064783,0.7999999729133932,0.11538461147802082,0.23846153038766715,1.4461537971894813,4.084615246317298,12.261538046384203,0.01098901098901099,1.4443282715963344,0.18177929566970719,0.048631314856476614,0.004693812647969972,0.5644091780589998,396.0,0.011472275334608031,1.0922847732681327,1.0893575920878351,0.8860771701418154,0.226890756302521,0.226890756302521,0.6314655172413793,1.0,0.014951734898227927,0.21764117215847326,0.08638804576231614,3.5525498945765492,0.2551949568059771,0.4394116273639972,63.39297497291081
91de7aa859e1,TheViper,2026,1v1 ranked,viper_2026_session,first 10 game minutes,True,False,138.24200468063353,102.7520034790039,0.2567237163814181,0.6769230540036403,0.11538461147790713,0.24615383781950584,1.4384614897577421,3.118153740578566,5.530769043507007,0.0032948929159802307,1.222205567633116,0.09999325484086,0.015578333333333309,0.0,0.3981214544844018,192.0,0.013888888888888888,0.9308836220394006,0.903697232215419,0.7759598228799532,0.21252059308072488,0.21087314662273476,0.6617161716171617,1.0,0.015622988674464402,0.1842772656873959,0.04452054794520548,2.360072994767483,0.238013698630137,0.4006849315068493,63.20600214004516
91de7aa859e1,TheViper,2026,1v1 ranked,viper_2026_session,whole available replay,True,False,161.41996321209496,103.32321043158686,0.35991058122205666,0.6769230540036403,0.11538461147790713,0.23846153038766715,1.4384614897577706,3.4723075747414156,9.730768901302326,0.0034944670937682005,1.3101121271332492,0.13424115803334843,0.046139374219316104,0.01300754082686932,0.43623426387724434,240.0,0.02,1.1165615627122443,1.087945525273109,0.9235704886305626,0.23878858474082704,0.2376237623762376,0.6217948717948718,1.0,0.011049888678958272,0.1933658996494408,0.07411982705373688,2.76790372912063,0.23100679431747992,0.46263125386040765,58.27717747858421
65486e44c665,TheViper,2026,1v1 ranked,viper_2026_session,first 10 game minutes,True,False,128.60900435447692,99.03400335311889,0.22996057818659657,0.9230768918231459,0.11538461147790713,0.23846153038766715,1.446153797189595,4.367384467512573,5.89230749280442,0.003418803418803419,1.3459015465666506,0.14744930241121823,0.03148166666666669,0.0,0.49837532639918475,240.0,0.013888888888888888,0.9085376747656781,0.8727601370106097,0.7358425631077645,0.18461538461538463,0.1829059829059829,0.702054794520548,1.0,0.013527930066621,0.15882819381922478,0.037366548042704624,2.6397607340849767,0.26334519572953735,0.4377224199288256,57.460001945495605
65486e44c665,TheViper,2026,1v1 ranked,viper_2026_session,whole available replay,True,False,141.12869282190803,95.81977595943773,0.32104681164762255,0.9230768918231459,0.11538461147790713,0.23846153038766715,1.5615384086675022,4.646538304214768,16.46923021161126,0.0038022813688212928,1.5798863661958995,0.22477205732551508,0.07356079603051802,0.024382436109480776,0.607112589849391,372.0,0.021645021645021644,1.1833024740461633,1.155565995239522,0.8958755702928365,0.21564367191743616,0.2140141227593699,0.654891304347826,1.0,0.009317146984197236,0.1556017342378582,0.05142857142857143,2.8333957155715805,0.2382857142857143,0.49028571428571427,51.18711158745208
67f43712e111,TheViper,2026,1v1 ranked,viper_2026_session,first 10 game minutes,True,False,142.1290048122406,109.17400369644164,0.2318668252080856,1.415384567462157,0.11538461147790713,0.23846153038766715,1.403846106314364,3.0076922058570847,5.769230573894674,0.0015503875968992248,1.249192495663274,0.11079198251983707,0.016250000000000035,0.0,0.41784197486390806,228.0,0.027777777777777776,0.8218642856322328,0.8011504281006204,0.7320481731069319,0.2124031007751938,0.2124031007751938,0.687888198757764,1.0,0.0143399854517691,0.157888367691969,0.054838709677419356,2.4781771224988574,0.2693548387096774,0.4258064516129032,64.55800218582152
67f43712e111,TheViper,2026,1v1 ranked,viper_2026_session,whole available replay,True,False,138.28601308908938,103.49146786022172,0.25161290322580643,1.415384567462157,0.11538461147790713,0.24615383781949163,1.4384614897577421,3.48576911274721,11.89999959708689,0.0035945363048166786,1.365385535300107,0.15447187354756056,0.040204741071173423,0.014745551075653368,0.504236658336131,312.0,0.018518518518518517,0.9517847500855273,0.9382000822255631,0.8518945972106037,0.24730409777138748,0.24730409777138748,0.6194244604316547,1.0,0.01447656572604386,0.15683099285715893,0.06142322097378277,2.888566234026104,0.2599250936329588,0.4217228464419476,61.633927339169404
3598af4f05ca,TheViper,2026,1v1 ranked,viper_2026_session,first 10 game minutes,True,False,115.59600391387939,89.57000303268433,0.22514619883040934,0.6769230540036403,0.11538461147790713,0.35384614186553165,1.561538408667488,4.328692161130324,12.623076495681516,0.001890359168241966,1.7023165205035504,0.2598942482032714,0.1181483333333336,0.09581000000000023,0.6348937451571952,300.0,0.06944444444444445,0.9133196978523472,0.9133196978523472,0.7921226751568387,0.23440453686200377,0.23440453686200377,0.6325757575757576,1.0,0.011760472313780843,0.12365598708817921,0.023255813953488372,1.7060904761990687,0.1937984496124031,0.437984496124031,51.37600173950195
3598af4f05ca,TheViper,2026,1v1 ranked,viper_2026_session,whole available replay,True,False,124.12322063145328,97.88861068420943,0.21135940409683426,0.6769230540036403,0.11538461147790713,0.24615383781949163,1.5615384086674566,4.458461387505802,14.669230272556092,0.057919621749408984,1.8752024023148792,0.3043967971125223,0.1356773495725356,0.09377546635847744,0.8505893334730396,636.0,0.0673076923076923,1.3254169486800622,1.3254169486800622,0.8812386077076751,0.22695035460992907,0.22695035460992907,0.642603550295858,1.0,0.008542301805654543,0.09760508411205754,0.018300653594771243,1.9180225845149346,0.1869281045751634,0.4849673202614379,55.01178121096067
hc4_tatoh_vs_hera,TaToH,2021,tournament,HC4 Ro16 vs Hera,first 10 game minutes,True,True,106.13200359344482,101.23100342750548,0.04617834394904458,0.9230768918231459,0.11597632743418984,0.24852070164470774,1.4115975853418603,2.9534200183454904,10.106508533550851,0.005016722408026756,1.3714945527606797,0.15664997093424451,0.06211333333333338,0.028466666666666657,0.4922780460716911,216.0,0.027777777777777776,0.8646945768932369,0.8243018567639684,0.7391880896531458,0.20066889632107024,0.20066889632107024,0.6850921273031826,1.0,0.02594964639495593,0.17102127442622667,0.038461538461538464,2.4154784336171677,0.28321678321678323,0.3409090909090909,68.27600231170653
hc4_tatoh_vs_hera,TaToH,2021,tournament,HC4 Ro16 vs Hera,whole available replay,True,True,98.11438812724613,77.26021386508097,0.21254960317460317,0.9230768918231459,0.11597632743416852,0.36449702907884785,2.0478105815522425,5.102958407104352,10.10650853355088,0.006616257088846881,1.3868760364386323,0.16208467910879673,0.09392199033266424,0.008197700900067252,0.5601538277514682,228.0,0.02834008097165992,1.596308877040768,1.56669904674924,1.2791471579217841,0.3267170762444864,0.3267170762444864,0.48692089505200126,1.0,0.02801074001698806,0.25638793386387715,0.10271678451804987,3.4476887115276393,0.32899144026795685,0.3074060290286565,57.16039129734652
lobby_509101119,TaToH,2026,tournament,vs CNZS_Donghaidi,first 10 game minutes,True,False,119.82100405693053,102.7520034790039,0.14245416078984485,0.9230768918231459,0.11538461147790713,0.23846153038766715,1.3230768782798634,4.330307545691019,7.569230512949844,0.0,1.4940293671050053,0.19808482354739063,0.0717600000000003,0.0,0.619085589203143,336.0,0.013888888888888888,0.9635852993468635,0.9323977717258543,0.8381577350602762,0.21911037891268534,0.21911037891268534,0.6435643564356436,1.0,0.02341790469839604,0.2852673080120648,0.11631944444444445,3.3101856814854815,0.3645833333333333,0.3489583333333333,68.78300232887268
lobby_509101119,TaToH,2026,tournament,vs CNZS_Donghaidi,whole available replay,True,False,126.11382702448412,92.8645188274832,0.26364522417153996,0.9230768918231459,0.11538461147802082,0.36153844929737033,1.446153797189595,4.795769068392785,8.530768941932195,0.0026490066225165563,1.3879502005297615,0.16246159590920098,0.0864207782258236,0.0,0.5477108422240767,336.0,0.02040816326530612,1.2581418261142,1.2210259967402144,1.1292129676684388,0.3350993377483444,0.3350993377483444,0.4943671305500331,1.0,0.025699743806947263,0.31535873086973887,0.11844938980617373,3.818656308104808,0.3237616654702082,0.29432878679109836,67.66633701459894
lobby_509105894,TaToH,2026,tournament,vs CNZS_Donghaidi,first 10 game minutes,True,False,95.48500323295593,80.78200273513794,0.15398230088495576,0.7999999729133932,0.11538461147790713,0.24615383781950584,1.9230768579648725,4.777230607482044,18.87692243778335,0.0,1.8431956546142862,0.2965661730826878,0.14592500000000036,0.053170000000000044,0.6252535768218468,252.0,0.08333333333333333,1.3493443802868972,1.3493443802868972,0.9640404689734152,0.25366876310272535,0.25366876310272535,0.569327731092437,1.0,0.02675228498025835,0.24022609471948608,0.09859154929577464,3.209754868156071,0.33568075117370894,0.29577464788732394,59.48800201416015
lobby_509105894,TaToH,2026,tournament,vs CNZS_Donghaidi,whole available replay,True,False,117.41640049191068,77.68373934635144,0.3383910678499857,0.7999999729133932,0.12307691890950992,0.36153844929737033,1.9230768579649293,5.993005714247038,18.87692243778335,0.006493506493506494,1.4878028255890605,0.19607776813002,0.12331051794263068,0.016298854545171222,0.5963904462205037,252.0,0.04481792717086835,1.693811897885968,1.6590053990325524,1.3298763520850148,0.35324675324675325,0.3510822510822511,0.4382849718492854,1.0,0.03004626062886658,0.23139216527243353,0.09114448472294148,3.3734600386822367,0.31071983428275507,0.2843086483687209,59.22922922036834
ranked_508914728,TaToH,2026,ranked,day 2026-09-24,first 10 game minutes,True,False,151.25500512123108,125.06000423431396,0.17318435754189945,0.9230768918231459,0.11538461147790713,0.23846153038766715,1.1999999593701318,2.994153744776997,4.569230614524571,0.036535859269282815,1.2575930801529493,0.11410075731428877,0.0,0.0,0.4297212305805792,276.0,0.013888888888888888,0.6591397397255504,0.6268699615141137,0.5261512500367318,0.13667117726657646,0.13667117726657646,0.7981029810298103,1.0,0.024865210427236,0.21360787210487728,0.090014064697609,3.0634608586788965,0.33473980309423346,0.3558368495077356,82.30300278663636
ranked_508914728,TaToH,2026,ranked,day 2026-09-24,whole available replay,True,False,146.27578306108043,111.64918785776894,0.23672131147540984,0.9230768918231459,0.11538461147793555,0.23846153038766715,1.4384614897577421,3.1889229689516756,6.730769002877139,0.03267411865864144,1.2841582859759293,0.12440393808107734,0.021138971212139826,0.0,0.4302811702001899,276.0,0.015873015873015872,0.8964853244934468,0.8623341097432525,0.740997507671364,0.20292347377472056,0.20292347377472056,0.693631669535284,1.0,0.022469838646142305,0.2641401850853709,0.10416666666666667,3.0599146175401906,0.3242753623188406,0.3541666666666667,74.14503626637061
ranked_510330665,TaToH,2026,ranked,day 2026-09-30,first 10 game minutes,True,False,137.56600465774537,102.07600345611571,0.257985257985258,1.0461538107328987,0.11538461147790713,0.24615383781949163,1.4461537971895666,4.330769084136889,8.530768941932251,0.04145936981757877,1.4467780122447247,0.18259850710152545,0.0861216666666669,0.0,0.533307931795715,216.0,0.041666666666666664,0.7295631137735202,0.7295631137735202,0.6033073535317474,0.15920398009950248,0.15920398009950248,0.739202657807309,1.0,0.019779477212476772,0.14472397926145,0.030612244897959183,2.146257593632243,0.2227891156462585,0.3656462585034014,65.74100222587586
ranked_510330665,TaToH,2026,ranked,day 2026-09-30,whole available replay,True,False,137.1827401206099,95.11490742987527,0.3066554338668913,1.0461538107328987,0.11538461147796397,0.3538461418655743,1.446153797189595,4.872769065785767,9.853845820212086,0.0364963503649635,1.5323855415030574,0.2102308407538405,0.11066660739950504,0.0,0.5751246441369192,216.0,0.028846153846153848,0.9243133579705303,0.9243133579705303,0.8353775030717239,0.25304136253041365,0.25304136253041365,0.6138855054811205,1.0,0.018743683077821635,0.137374510989558,0.04030226700251889,2.5649194078225515,0.2594458438287154,0.3513853904282116,62.87060709824076
