player,year,series,elo_median,elo_min,elo_max,series_wins,series_losses,source,limit
DauT,2002,3,2000.0,1996.0,2004.0,1,2,Local aoe-elo.com snapshot collected 2026-10-04; no new live rating lookup,Elo scale and player pool can change; 2026 partial year; competitive outcome not cognitive trait.
DauT,2003,24,2043.0,2000.0,2066.0,20,4,Local aoe-elo.com snapshot collected 2026-10-04; no new live rating lookup,Elo scale and player pool can change; 2026 partial year; competitive outcome not cognitive trait.
DauT,2004,21,2089.0,2066.0,2101.0,18,3,Local aoe-elo.com snapshot collected 2026-10-04; no new live rating lookup,Elo scale and player pool can change; 2026 partial year; competitive outcome not cognitive trait.
DauT,2005,27,2130.0,2105.0,2150.0,22,5,Local aoe-elo.com snapshot collected 2026-10-04; no new live rating lookup,Elo scale and player pool can change; 2026 partial year; competitive outcome not cognitive trait.
DauT,2006,7,2134.0,2126.0,2148.0,6,1,Local aoe-elo.com snapshot collected 2026-10-04; no new live rating lookup,Elo scale and player pool can change; 2026 partial year; competitive outcome not cognitive trait.
DauT,2007,9,2170.0,2139.0,2176.0,5,3,Local aoe-elo.com snapshot collected 2026-10-04; no new live rating lookup,Elo scale and player pool can change; 2026 partial year; competitive outcome not cognitive trait.
DauT,2008,17,2155.0,2145.0,2167.0,14,3,Local aoe-elo.com snapshot collected 2026-10-04; no new live rating lookup,Elo scale and player pool can change; 2026 partial year; competitive outcome not cognitive trait.
DauT,2009,12,2171.5,2151.0,2191.0,12,0,Local aoe-elo.com snapshot collected 2026-10-04; no new live rating lookup,Elo scale and player pool can change; 2026 partial year; competitive outcome not cognitive trait.
DauT,2010,19,2188.0,2166.0,2217.0,15,3,Local aoe-elo.com snapshot collected 2026-10-04; no new live rating lookup,Elo scale and player pool can change; 2026 partial year; competitive outcome not cognitive trait.
DauT,2011,5,2201.0,2194.0,2205.0,3,2,Local aoe-elo.com snapshot collected 2026-10-04; no new live rating lookup,Elo scale and player pool can change; 2026 partial year; competitive outcome not cognitive trait.
DauT,2012,8,2176.0,2157.0,2200.0,2,4,Local aoe-elo.com snapshot collected 2026-10-04; no new live rating lookup,Elo scale and player pool can change; 2026 partial year; competitive outcome not cognitive trait.
DauT,2013,17,2153.0,2121.0,2164.0,10,7,Local aoe-elo.com snapshot collected 2026-10-04; no new live rating lookup,Elo scale and player pool can change; 2026 partial year; competitive outcome not cognitive trait.
DauT,2014,2,2121.0,2118.0,2124.0,1,1,Local aoe-elo.com snapshot collected 2026-10-04; no new live rating lookup,Elo scale and player pool can change; 2026 partial year; competitive outcome not cognitive trait.
DauT,2015,12,2110.0,2089.0,2121.0,6,6,Local aoe-elo.com snapshot collected 2026-10-04; no new live rating lookup,Elo scale and player pool can change; 2026 partial year; competitive outcome not cognitive trait.
DauT,2016,20,2099.0,2080.0,2138.0,14,6,Local aoe-elo.com snapshot collected 2026-10-04; no new live rating lookup,Elo scale and player pool can change; 2026 partial year; competitive outcome not cognitive trait.
DauT,2017,53,2141.0,2110.0,2195.0,33,18,Local aoe-elo.com snapshot collected 2026-10-04; no new live rating lookup,Elo scale and player pool can change; 2026 partial year; competitive outcome not cognitive trait.
DauT,2018,29,2107.0,2066.0,2146.0,17,12,Local aoe-elo.com snapshot collected 2026-10-04; no new live rating lookup,Elo scale and player pool can change; 2026 partial year; competitive outcome not cognitive trait.
DauT,2019,25,2119.0,2100.0,2136.0,12,13,Local aoe-elo.com snapshot collected 2026-10-04; no new live rating lookup,Elo scale and player pool can change; 2026 partial year; competitive outcome not cognitive trait.
DauT,2020,38,2147.5,2105.0,2189.0,26,12,Local aoe-elo.com snapshot collected 2026-10-04; no new live rating lookup,Elo scale and player pool can change; 2026 partial year; competitive outcome not cognitive trait.
DauT,2021,79,2222.0,2185.0,2292.0,52,26,Local aoe-elo.com snapshot collected 2026-10-04; no new live rating lookup,Elo scale and player pool can change; 2026 partial year; competitive outcome not cognitive trait.
DauT,2022,82,2270.0,2233.0,2292.0,52,28,Local aoe-elo.com snapshot collected 2026-10-04; no new live rating lookup,Elo scale and player pool can change; 2026 partial year; competitive outcome not cognitive trait.
DauT,2023,100,2337.0,2277.0,2399.0,72,27,Local aoe-elo.com snapshot collected 2026-10-04; no new live rating lookup,Elo scale and player pool can change; 2026 partial year; competitive outcome not cognitive trait.
DauT,2024,55,2371.0,2340.0,2397.0,36,19,Local aoe-elo.com snapshot collected 2026-10-04; no new live rating lookup,Elo scale and player pool can change; 2026 partial year; competitive outcome not cognitive trait.
DauT,2025,63,2328.0,2292.0,2348.0,40,22,Local aoe-elo.com snapshot collected 2026-10-04; no new live rating lookup,Elo scale and player pool can change; 2026 partial year; competitive outcome not cognitive trait.
DauT,2026,66,2296.0,2273.0,2321.0,51,14,Local aoe-elo.com snapshot collected 2026-10-04; no new live rating lookup,Elo scale and player pool can change; 2026 partial year; competitive outcome not cognitive trait.
TaToH,2012,1,1990.0,1990.0,1990.0,0,1,Local aoe-elo.com snapshot collected 2026-10-04; no new live rating lookup,Elo scale and player pool can change; 2026 partial year; competitive outcome not cognitive trait.
TaToH,2014,6,1987.0,1982.0,1994.0,2,4,Local aoe-elo.com snapshot collected 2026-10-04; no new live rating lookup,Elo scale and player pool can change; 2026 partial year; competitive outcome not cognitive trait.
TaToH,2015,28,2029.0,1999.0,2053.0,12,12,Local aoe-elo.com snapshot collected 2026-10-04; no new live rating lookup,Elo scale and player pool can change; 2026 partial year; competitive outcome not cognitive trait.
TaToH,2016,20,2068.0,2028.0,2082.0,13,6,Local aoe-elo.com snapshot collected 2026-10-04; no new live rating lookup,Elo scale and player pool can change; 2026 partial year; competitive outcome not cognitive trait.
TaToH,2017,58,2098.5,2053.0,2194.0,36,21,Local aoe-elo.com snapshot collected 2026-10-04; no new live rating lookup,Elo scale and player pool can change; 2026 partial year; competitive outcome not cognitive trait.
TaToH,2018,26,2170.0,2132.0,2195.0,16,10,Local aoe-elo.com snapshot collected 2026-10-04; no new live rating lookup,Elo scale and player pool can change; 2026 partial year; competitive outcome not cognitive trait.
TaToH,2019,39,2179.0,2134.0,2219.0,29,10,Local aoe-elo.com snapshot collected 2026-10-04; no new live rating lookup,Elo scale and player pool can change; 2026 partial year; competitive outcome not cognitive trait.
TaToH,2020,48,2205.0,2180.0,2250.0,32,16,Local aoe-elo.com snapshot collected 2026-10-04; no new live rating lookup,Elo scale and player pool can change; 2026 partial year; competitive outcome not cognitive trait.
TaToH,2021,74,2247.0,2187.0,2289.0,53,21,Local aoe-elo.com snapshot collected 2026-10-04; no new live rating lookup,Elo scale and player pool can change; 2026 partial year; competitive outcome not cognitive trait.
TaToH,2022,106,2363.5,2291.0,2401.0,83,21,Local aoe-elo.com snapshot collected 2026-10-04; no new live rating lookup,Elo scale and player pool can change; 2026 partial year; competitive outcome not cognitive trait.
TaToH,2023,109,2381.0,2333.0,2454.0,86,23,Local aoe-elo.com snapshot collected 2026-10-04; no new live rating lookup,Elo scale and player pool can change; 2026 partial year; competitive outcome not cognitive trait.
TaToH,2024,58,2437.0,2395.0,2472.0,44,14,Local aoe-elo.com snapshot collected 2026-10-04; no new live rating lookup,Elo scale and player pool can change; 2026 partial year; competitive outcome not cognitive trait.
TaToH,2025,67,2407.0,2366.0,2462.0,46,21,Local aoe-elo.com snapshot collected 2026-10-04; no new live rating lookup,Elo scale and player pool can change; 2026 partial year; competitive outcome not cognitive trait.
TaToH,2026,35,2411.0,2386.0,2437.0,26,9,Local aoe-elo.com snapshot collected 2026-10-04; no new live rating lookup,Elo scale and player pool can change; 2026 partial year; competitive outcome not cognitive trait.
TheViper,2011,6,1999.5,1992.0,2003.0,4,2,Local aoe-elo.com snapshot collected 2026-10-04; no new live rating lookup,Elo scale and player pool can change; 2026 partial year; competitive outcome not cognitive trait.
TheViper,2012,18,2081.0,2023.0,2131.0,15,1,Local aoe-elo.com snapshot collected 2026-10-04; no new live rating lookup,Elo scale and player pool can change; 2026 partial year; competitive outcome not cognitive trait.
TheViper,2013,17,2184.0,2134.0,2233.0,15,2,Local aoe-elo.com snapshot collected 2026-10-04; no new live rating lookup,Elo scale and player pool can change; 2026 partial year; competitive outcome not cognitive trait.
TheViper,2014,17,2248.0,2237.0,2259.0,16,1,Local aoe-elo.com snapshot collected 2026-10-04; no new live rating lookup,Elo scale and player pool can change; 2026 partial year; competitive outcome not cognitive trait.
TheViper,2015,35,2262.0,2241.0,2304.0,32,2,Local aoe-elo.com snapshot collected 2026-10-04; no new live rating lookup,Elo scale and player pool can change; 2026 partial year; competitive outcome not cognitive trait.
TheViper,2016,26,2263.5,2244.0,2284.0,21,5,Local aoe-elo.com snapshot collected 2026-10-04; no new live rating lookup,Elo scale and player pool can change; 2026 partial year; competitive outcome not cognitive trait.
TheViper,2017,50,2287.0,2256.0,2335.0,46,4,Local aoe-elo.com snapshot collected 2026-10-04; no new live rating lookup,Elo scale and player pool can change; 2026 partial year; competitive outcome not cognitive trait.
TheViper,2018,26,2322.5,2292.0,2333.0,22,3,Local aoe-elo.com snapshot collected 2026-10-04; no new live rating lookup,Elo scale and player pool can change; 2026 partial year; competitive outcome not cognitive trait.
TheViper,2019,31,2309.0,2273.0,2347.0,25,6,Local aoe-elo.com snapshot collected 2026-10-04; no new live rating lookup,Elo scale and player pool can change; 2026 partial year; competitive outcome not cognitive trait.
TheViper,2020,67,2280.0,2257.0,2305.0,57,10,Local aoe-elo.com snapshot collected 2026-10-04; no new live rating lookup,Elo scale and player pool can change; 2026 partial year; competitive outcome not cognitive trait.
TheViper,2021,58,2338.0,2270.0,2379.0,50,7,Local aoe-elo.com snapshot collected 2026-10-04; no new live rating lookup,Elo scale and player pool can change; 2026 partial year; competitive outcome not cognitive trait.
TheViper,2022,55,2358.0,2319.0,2386.0,43,12,Local aoe-elo.com snapshot collected 2026-10-04; no new live rating lookup,Elo scale and player pool can change; 2026 partial year; competitive outcome not cognitive trait.
TheViper,2023,98,2387.0,2348.0,2480.0,72,26,Local aoe-elo.com snapshot collected 2026-10-04; no new live rating lookup,Elo scale and player pool can change; 2026 partial year; competitive outcome not cognitive trait.
TheViper,2024,42,2444.0,2430.0,2473.0,30,12,Local aoe-elo.com snapshot collected 2026-10-04; no new live rating lookup,Elo scale and player pool can change; 2026 partial year; competitive outcome not cognitive trait.
TheViper,2025,57,2432.0,2416.0,2477.0,38,17,Local aoe-elo.com snapshot collected 2026-10-04; no new live rating lookup,Elo scale and player pool can change; 2026 partial year; competitive outcome not cognitive trait.
TheViper,2026,34,2456.0,2440.0,2481.0,21,13,Local aoe-elo.com snapshot collected 2026-10-04; no new live rating lookup,Elo scale and player pool can change; 2026 partial year; competitive outcome not cognitive trait.
