game_id,player,window,complete_match,available_game_seconds,attributed_human_order_commands,commands_with_unit_list,nonempty_unit_list_coverage,distinct_actor_groups,distinct_actor_ids,actor_group_size_median,actor_group_size_p90,actor_group_ge10_fraction,adjacent_group_change_fraction,adjacent_nonoverlapping_group_fraction,adjacent_group_jaccard_median,exact_group_revisit_game_s_median,exact_group_revisit_game_s_p90,interposed_commands_before_exact_group_return_median,exact_group_repeat_under1_game_s_fraction,control_held_flag_fraction,instant_false_flag_fraction
c7d3588daf74,DauT,first 10 game minutes,True,1416.48,489,489,1.0,41,30,1,1,0.00408997955010225,0.29713114754098363,0.2889344262295082,1.0,0.611,7.93,0.0,0.5758928571428571,0.012269938650306749,0.0
c7d3588daf74,DauT,whole available replay,True,1416.48,1135,1135,1.0,109,70,2,5,0.001762114537444934,0.32275132275132273,0.29365079365079366,1.0,0.416,6.903,0.0,0.5769980506822612,0.015859030837004406,0.0
a467a9f1780f,DauT,first 10 game minutes,False,765.388,533,533,1.0,41,34,1,1,0.0,0.37593984962406013,0.37218045112781956,1.0,0.611,9.152,0.0,0.5386178861788617,0.02626641651031895,0.0
a467a9f1780f,DauT,whole available replay,False,765.388,714,714,1.0,46,38,1.0,4,0.0,0.3436185133239832,0.3380084151472651,1.0,0.611,7.917,0.0,0.5658682634730539,0.02100840336134454,0.0
3598af4f05ca,TheViper,first 10 game minutes,True,877.383,517,517,1.0,60,32,1,2,0.009671179883945842,0.3178294573643411,0.29651162790697677,1.0,0.416,7.111,0,0.649890590809628,0.02321083172147002,0.0
3598af4f05ca,TheViper,whole available replay,True,877.383,766,766,1.0,101,41,1.0,8,0.09138381201044386,0.3137254901960784,0.26405228758169935,1.0,0.403,6.903,0,0.6766917293233082,0.06266318537859007,0.0
3598af4f05ca,TaToH,first 10 game minutes,True,877.383,588,588,1.0,54,31,1.0,2,0.0,0.34071550255536626,0.313458262350937,1.0,0.403,8.125,0.0,0.6310861423220974,0.00510204081632653,0.0
3598af4f05ca,TaToH,whole available replay,True,877.383,794,794,1.0,77,45,1.0,5,0.0,0.3455233291298865,0.31273644388398486,1.0,0.598,8.125,0,0.6136680613668062,0.015113350125944584,0.0
67f43712e111,TheViper,first 10 game minutes,True,1363.869,621,621,1.0,47,29,1,1,0.0,0.3096774193548387,0.29354838709677417,1.0,0.403,6.903,0.0,0.6202090592334495,0.05636070853462158,0.0
67f43712e111,TheViper,whole available replay,True,1363.869,1336,1336,1.0,113,54,1.0,3,0.005988023952095809,0.3310861423220974,0.3041198501872659,1.0,0.403,8.125,0,0.6050695012264923,0.05239520958083832,0.0
61c225f6fcca,TaToH,first 10 game minutes,True,1057.147,712,712,1.0,46,32,1.0,1,0.0014044943820224719,0.31645569620253167,0.3080168776371308,1.0,0.403,6.708,0.0,0.6246246246246246,0.0,0.0
61c225f6fcca,TaToH,whole available replay,True,1057.147,1105,1105,1.0,74,49,1,6,0.0009049773755656109,0.29891304347826086,0.27898550724637683,1.0,0.403,6.903,0,0.6246362754607178,0.011764705882352941,0.0
