id,category,metric,data_tier,requirements,status,comparison_rule
1,Command volume,Replay-derived APM,C,Commands; timestamped attributed actions,Candidate; see behavior_features.csv and existing feature tables for computed subset,"Same phase and opportunity denominator; account for engine, map, civilization, opponents, settings and session clusters."
2,Command volume,Core command rate,C,Commands; timestamped attributed actions,Candidate; see behavior_features.csv and existing feature tables for computed subset,"Same phase and opportunity denominator; account for engine, map, civilization, opponents, settings and session clusters."
3,Command volume,Phase-specific command rate,C,Commands; timestamped attributed actions,Candidate; see behavior_features.csv and existing feature tables for computed subset,"Same phase and opportunity denominator; account for engine, map, civilization, opponents, settings and session clusters."
4,Command volume,Command-type shares,C,Commands; timestamped attributed actions,Candidate; see behavior_features.csv and existing feature tables for computed subset,"Same phase and opportunity denominator; account for engine, map, civilization, opponents, settings and session clusters."
5,Command volume,Movement-command rate,C,Commands; timestamped attributed actions,Candidate; see behavior_features.csv and existing feature tables for computed subset,"Same phase and opportunity denominator; account for engine, map, civilization, opponents, settings and session clusters."
6,Command volume,Interaction-command rate,C,Commands; timestamped attributed actions,Candidate; see behavior_features.csv and existing feature tables for computed subset,"Same phase and opportunity denominator; account for engine, map, civilization, opponents, settings and session clusters."
7,Command volume,Build-command rate,C,Commands; timestamped attributed actions,Candidate; see behavior_features.csv and existing feature tables for computed subset,"Same phase and opportunity denominator; account for engine, map, civilization, opponents, settings and session clusters."
8,Command volume,Wall-command rate,C,Commands; timestamped attributed actions,Candidate; see behavior_features.csv and existing feature tables for computed subset,"Same phase and opportunity denominator; account for engine, map, civilization, opponents, settings and session clusters."
9,Command volume,Research-command rate,C,Commands; timestamped attributed actions,Candidate; see behavior_features.csv and existing feature tables for computed subset,"Same phase and opportunity denominator; account for engine, map, civilization, opponents, settings and session clusters."
10,Command volume,Market-command rate,C,Commands; timestamped attributed actions,Candidate; see behavior_features.csv and existing feature tables for computed subset,"Same phase and opportunity denominator; account for engine, map, civilization, opponents, settings and session clusters."
11,Command volume,Queue-command rate,C,Commands; timestamped attributed actions,Candidate; see behavior_features.csv and existing feature tables for computed subset,"Same phase and opportunity denominator; account for engine, map, civilization, opponents, settings and session clusters."
12,Command volume,Cancel-command rate,C,Commands; timestamped attributed actions,Candidate; see behavior_features.csv and existing feature tables for computed subset,"Same phase and opportunity denominator; account for engine, map, civilization, opponents, settings and session clusters."
13,Command volume,Patrol-command rate,C,Commands; timestamped attributed actions,Candidate; see behavior_features.csv and existing feature tables for computed subset,"Same phase and opportunity denominator; account for engine, map, civilization, opponents, settings and session clusters."
14,Command volume,Formation-command rate,C,Commands; timestamped attributed actions,Candidate; see behavior_features.csv and existing feature tables for computed subset,"Same phase and opportunity denominator; account for engine, map, civilization, opponents, settings and session clusters."
15,Command volume,Stop-command rate,C,Commands; timestamped attributed actions,Candidate; see behavior_features.csv and existing feature tables for computed subset,"Same phase and opportunity denominator; account for engine, map, civilization, opponents, settings and session clusters."
16,Command volume,Garrison-command rate,C,Commands; timestamped attributed actions,Candidate; see behavior_features.csv and existing feature tables for computed subset,"Same phase and opportunity denominator; account for engine, map, civilization, opponents, settings and session clusters."
17,Command volume,Ungarrison-command rate,C,Commands; timestamped attributed actions,Candidate; see behavior_features.csv and existing feature tables for computed subset,"Same phase and opportunity denominator; account for engine, map, civilization, opponents, settings and session clusters."
18,Command volume,Delete-command rate,C,Commands; timestamped attributed actions,Candidate; see behavior_features.csv and existing feature tables for computed subset,"Same phase and opportunity denominator; account for engine, map, civilization, opponents, settings and session clusters."
19,Command volume,Attack-move-command rate,C,Commands; timestamped attributed actions,Candidate; see behavior_features.csv and existing feature tables for computed subset,"Same phase and opportunity denominator; account for engine, map, civilization, opponents, settings and session clusters."
20,Command volume,Repair-command rate,C,Commands; timestamped attributed actions,Candidate; see behavior_features.csv and existing feature tables for computed subset,"Same phase and opportunity denominator; account for engine, map, civilization, opponents, settings and session clusters."
21,Timing and consistency,Median positive command gap,C,Commands; adequate timestamp resolution,Candidate; see behavior_features.csv and existing feature tables for computed subset,"Same phase and opportunity denominator; account for engine, map, civilization, opponents, settings and session clusters."
22,Timing and consistency,p90 command gap,C,Commands; adequate timestamp resolution,Candidate; see behavior_features.csv and existing feature tables for computed subset,"Same phase and opportunity denominator; account for engine, map, civilization, opponents, settings and session clusters."
23,Timing and consistency,p99 command gap,C,Commands; adequate timestamp resolution,Candidate; see behavior_features.csv and existing feature tables for computed subset,"Same phase and opportunity denominator; account for engine, map, civilization, opponents, settings and session clusters."
24,Timing and consistency,Maximum command gap,C,Commands; adequate timestamp resolution,Candidate; see behavior_features.csv and existing feature tables for computed subset,"Same phase and opportunity denominator; account for engine, map, civilization, opponents, settings and session clusters."
25,Timing and consistency,Zero-gap command share,C,Commands; adequate timestamp resolution,Candidate; see behavior_features.csv and existing feature tables for computed subset,"Same phase and opportunity denominator; account for engine, map, civilization, opponents, settings and session clusters."
26,Timing and consistency,Gap coefficient of variation,C,Commands; adequate timestamp resolution,Candidate; see behavior_features.csv and existing feature tables for computed subset,"Same phase and opportunity denominator; account for engine, map, civilization, opponents, settings and session clusters."
27,Timing and consistency,Gap burstiness,C,Commands; adequate timestamp resolution,Candidate; see behavior_features.csv and existing feature tables for computed subset,"Same phase and opportunity denominator; account for engine, map, civilization, opponents, settings and session clusters."
28,Timing and consistency,Five-second action-count variation,C,Commands; adequate timestamp resolution,Candidate; see behavior_features.csv and existing feature tables for computed subset,"Same phase and opportunity denominator; account for engine, map, civilization, opponents, settings and session clusters."
29,Timing and consistency,Peak five-second action rate,C,Commands; adequate timestamp resolution,Candidate; see behavior_features.csv and existing feature tables for computed subset,"Same phase and opportunity denominator; account for engine, map, civilization, opponents, settings and session clusters."
30,Timing and consistency,Peak ten-second action rate,C,Commands; adequate timestamp resolution,Candidate; see behavior_features.csv and existing feature tables for computed subset,"Same phase and opportunity denominator; account for engine, map, civilization, opponents, settings and session clusters."
31,Timing and consistency,Empty five-second bin share,C,Commands; adequate timestamp resolution,Candidate; see behavior_features.csv and existing feature tables for computed subset,"Same phase and opportunity denominator; account for engine, map, civilization, opponents, settings and session clusters."
32,Timing and consistency,Command-silence time above five seconds,C,Commands; adequate timestamp resolution,Candidate; see behavior_features.csv and existing feature tables for computed subset,"Same phase and opportunity denominator; account for engine, map, civilization, opponents, settings and session clusters."
33,Timing and consistency,Command-silence time above ten seconds,C,Commands; adequate timestamp resolution,Candidate; see behavior_features.csv and existing feature tables for computed subset,"Same phase and opportunity denominator; account for engine, map, civilization, opponents, settings and session clusters."
34,Timing and consistency,First-command delay,C,Commands; adequate timestamp resolution,Candidate; see behavior_features.csv and existing feature tables for computed subset,"Same phase and opportunity denominator; account for engine, map, civilization, opponents, settings and session clusters."
35,Timing and consistency,Rate slope within matched phase,C,Commands; adequate timestamp resolution,Candidate; see behavior_features.csv and existing feature tables for computed subset,"Same phase and opportunity denominator; account for engine, map, civilization, opponents, settings and session clusters."
36,Timing and consistency,Rate change after minute ten,C,Commands; adequate timestamp resolution,Candidate; see behavior_features.csv and existing feature tables for computed subset,"Same phase and opportunity denominator; account for engine, map, civilization, opponents, settings and session clusters."
37,Timing and consistency,Early-versus-late gap change,C,Commands; adequate timestamp resolution,Candidate; see behavior_features.csv and existing feature tables for computed subset,"Same phase and opportunity denominator; account for engine, map, civilization, opponents, settings and session clusters."
38,Timing and consistency,Across-game coefficient of variation,C,Commands; adequate timestamp resolution,Candidate; see behavior_features.csv and existing feature tables for computed subset,"Same phase and opportunity denominator; account for engine, map, civilization, opponents, settings and session clusters."
39,Timing and consistency,Across-session trend,C,Commands; adequate timestamp resolution,Candidate; see behavior_features.csv and existing feature tables for computed subset,"Same phase and opportunity denominator; account for engine, map, civilization, opponents, settings and session clusters."
40,Timing and consistency,Back-to-back game fatigue slope,C,Commands; adequate timestamp resolution,Candidate; see behavior_features.csv and existing feature tables for computed subset,"Same phase and opportunity denominator; account for engine, map, civilization, opponents, settings and session clusters."
41,Command organization,Command-type diversity,C,Commands; command semantics and payload coverage,Candidate; see behavior_features.csv and existing feature tables for computed subset,"Same phase and opportunity denominator; account for engine, map, civilization, opponents, settings and session clusters."
42,Command organization,Command-type entropy,C,Commands; command semantics and payload coverage,Candidate; see behavior_features.csv and existing feature tables for computed subset,"Same phase and opportunity denominator; account for engine, map, civilization, opponents, settings and session clusters."
43,Command organization,Command-category entropy,C,Commands; command semantics and payload coverage,Candidate; see behavior_features.csv and existing feature tables for computed subset,"Same phase and opportunity denominator; account for engine, map, civilization, opponents, settings and session clusters."
44,Command organization,Type transition entropy,C,Commands; command semantics and payload coverage,Candidate; see behavior_features.csv and existing feature tables for computed subset,"Same phase and opportunity denominator; account for engine, map, civilization, opponents, settings and session clusters."
45,Command organization,Type switch rate,C,Commands; command semantics and payload coverage,Candidate; see behavior_features.csv and existing feature tables for computed subset,"Same phase and opportunity denominator; account for engine, map, civilization, opponents, settings and session clusters."
46,Command organization,Category switch rate,C,Commands; command semantics and payload coverage,Candidate; see behavior_features.csv and existing feature tables for computed subset,"Same phase and opportunity denominator; account for engine, map, civilization, opponents, settings and session clusters."
47,Command organization,Same-type streak length,C,Commands; command semantics and payload coverage,Candidate; see behavior_features.csv and existing feature tables for computed subset,"Same phase and opportunity denominator; account for engine, map, civilization, opponents, settings and session clusters."
48,Command organization,Same-type triplet share,C,Commands; command semantics and payload coverage,Candidate; see behavior_features.csv and existing feature tables for computed subset,"Same phase and opportunity denominator; account for engine, map, civilization, opponents, settings and session clusters."
49,Command organization,Repeated-command share,C,Commands; command semantics and payload coverage,Candidate; see behavior_features.csv and existing feature tables for computed subset,"Same phase and opportunity denominator; account for engine, map, civilization, opponents, settings and session clusters."
50,Command organization,Approximate deduplicated command rate,C,Commands; command semantics and payload coverage,Candidate; see behavior_features.csv and existing feature tables for computed subset,"Same phase and opportunity denominator; account for engine, map, civilization, opponents, settings and session clusters."
51,Command organization,Commands per requested action,C,Commands; command semantics and payload coverage,Candidate; see behavior_features.csv and existing feature tables for computed subset,"Same phase and opportunity denominator; account for engine, map, civilization, opponents, settings and session clusters."
52,Command organization,Actor-list coverage,C,Commands; command semantics and payload coverage,Candidate; see behavior_features.csv and existing feature tables for computed subset,"Same phase and opportunity denominator; account for engine, map, civilization, opponents, settings and session clusters."
53,Command organization,Explicit actor-group size,C,Commands; command semantics and payload coverage,Candidate; see behavior_features.csv and existing feature tables for computed subset,"Same phase and opportunity denominator; account for engine, map, civilization, opponents, settings and session clusters."
54,Command organization,Explicit actor-group size p90,C,Commands; command semantics and payload coverage,Candidate; see behavior_features.csv and existing feature tables for computed subset,"Same phase and opportunity denominator; account for engine, map, civilization, opponents, settings and session clusters."
55,Command organization,Large explicit-group share,C,Commands; command semantics and payload coverage,Candidate; see behavior_features.csv and existing feature tables for computed subset,"Same phase and opportunity denominator; account for engine, map, civilization, opponents, settings and session clusters."
56,Command organization,Explicit-group overlap,C,Commands; command semantics and payload coverage,Candidate; see behavior_features.csv and existing feature tables for computed subset,"Same phase and opportunity denominator; account for engine, map, civilization, opponents, settings and session clusters."
57,Command organization,Explicit-group change rate,C,Commands; command semantics and payload coverage,Candidate; see behavior_features.csv and existing feature tables for computed subset,"Same phase and opportunity denominator; account for engine, map, civilization, opponents, settings and session clusters."
58,Command organization,Same explicit-group revisit interval,C,Commands; command semantics and payload coverage,Candidate; see behavior_features.csv and existing feature tables for computed subset,"Same phase and opportunity denominator; account for engine, map, civilization, opponents, settings and session clusters."
59,Command organization,Explicit production-building revisit interval,C,Commands; command semantics and payload coverage,Candidate; see behavior_features.csv and existing feature tables for computed subset,"Same phase and opportunity denominator; account for engine, map, civilization, opponents, settings and session clusters."
60,Command organization,Number of distinct commanded actor IDs,C,Commands; command semantics and payload coverage,Candidate; see behavior_features.csv and existing feature tables for computed subset,"Same phase and opportunity denominator; account for engine, map, civilization, opponents, settings and session clusters."
61,Spatial command organization,Median destination jump,C,Commands; coordinate coverage and map dimensions,Candidate; see behavior_features.csv and existing feature tables for computed subset,"Same phase and opportunity denominator; account for engine, map, civilization, opponents, settings and session clusters."
62,Spatial command organization,p90 destination jump,C,Commands; coordinate coverage and map dimensions,Candidate; see behavior_features.csv and existing feature tables for computed subset,"Same phase and opportunity denominator; account for engine, map, civilization, opponents, settings and session clusters."
63,Spatial command organization,Large destination-jump share,C,Commands; coordinate coverage and map dimensions,Candidate; see behavior_features.csv and existing feature tables for computed subset,"Same phase and opportunity denominator; account for engine, map, civilization, opponents, settings and session clusters."
64,Spatial command organization,Destination entropy across map cells,C,Commands; coordinate coverage and map dimensions,Candidate; see behavior_features.csv and existing feature tables for computed subset,"Same phase and opportunity denominator; account for engine, map, civilization, opponents, settings and session clusters."
65,Spatial command organization,Destination-cell switch rate,C,Commands; coordinate coverage and map dimensions,Candidate; see behavior_features.csv and existing feature tables for computed subset,"Same phase and opportunity denominator; account for engine, map, civilization, opponents, settings and session clusters."
66,Spatial command organization,Destination concentration,C,Commands; coordinate coverage and map dimensions,Candidate; see behavior_features.csv and existing feature tables for computed subset,"Same phase and opportunity denominator; account for engine, map, civilization, opponents, settings and session clusters."
67,Spatial command organization,Distance between consecutive build requests,C,Commands; coordinate coverage and map dimensions,Candidate; see behavior_features.csv and existing feature tables for computed subset,"Same phase and opportunity denominator; account for engine, map, civilization, opponents, settings and session clusters."
68,Spatial command organization,Commanded-region count,C,Commands; coordinate coverage and map dimensions,Candidate; see behavior_features.csv and existing feature tables for computed subset,"Same phase and opportunity denominator; account for engine, map, civilization, opponents, settings and session clusters."
69,Spatial command organization,Within-region burst length,C,Commands; coordinate coverage and map dimensions,Candidate; see behavior_features.csv and existing feature tables for computed subset,"Same phase and opportunity denominator; account for engine, map, civilization, opponents, settings and session clusters."
70,Spatial command organization,Destination-return interval,C,Commands; coordinate coverage and map dimensions,Candidate; see behavior_features.csv and existing feature tables for computed subset,"Same phase and opportunity denominator; account for engine, map, civilization, opponents, settings and session clusters."
71,Spatial command organization,Spatial command alternation,C,Commands; coordinate coverage and map dimensions,Candidate; see behavior_features.csv and existing feature tables for computed subset,"Same phase and opportunity denominator; account for engine, map, civilization, opponents, settings and session clusters."
72,Spatial command organization,Direction-reversal share,C,Commands; coordinate coverage and map dimensions,Candidate; see behavior_features.csv and existing feature tables for computed subset,"Same phase and opportunity denominator; account for engine, map, civilization, opponents, settings and session clusters."
73,Spatial command organization,Repeated nearby destination share,C,Commands; coordinate coverage and map dimensions,Candidate; see behavior_features.csv and existing feature tables for computed subset,"Same phase and opportunity denominator; account for engine, map, civilization, opponents, settings and session clusters."
74,Spatial command organization,Commanded target diversity,C,Commands; coordinate coverage and map dimensions,Candidate; see behavior_features.csv and existing feature tables for computed subset,"Same phase and opportunity denominator; account for engine, map, civilization, opponents, settings and session clusters."
75,Spatial command organization,Target-change rate,C,Commands; coordinate coverage and map dimensions,Candidate; see behavior_features.csv and existing feature tables for computed subset,"Same phase and opportunity denominator; account for engine, map, civilization, opponents, settings and session clusters."
76,Spatial command organization,Cross-map command density,C,Commands; coordinate coverage and map dimensions,Candidate; see behavior_features.csv and existing feature tables for computed subset,"Same phase and opportunity denominator; account for engine, map, civilization, opponents, settings and session clusters."
77,Economy,Town-center idle time,S,Decoded state; ownership; resources; queues; unit activity,Candidate; see behavior_features.csv and existing feature tables for computed subset,"Same phase and opportunity denominator; account for engine, map, civilization, opponents, settings and session clusters."
78,Economy,Villager idle time,S,Decoded state; ownership; resources; queues; unit activity,Candidate; see behavior_features.csv and existing feature tables for computed subset,"Same phase and opportunity denominator; account for engine, map, civilization, opponents, settings and session clusters."
79,Economy,Idle production-building time,S,Decoded state; ownership; resources; queues; unit activity,Candidate; see behavior_features.csv and existing feature tables for computed subset,"Same phase and opportunity denominator; account for engine, map, civilization, opponents, settings and session clusters."
80,Economy,Villager count at matched minutes,S,Decoded state; ownership; resources; queues; unit activity,Candidate; see behavior_features.csv and existing feature tables for computed subset,"Same phase and opportunity denominator; account for engine, map, civilization, opponents, settings and session clusters."
81,Economy,Villager growth rate,S,Decoded state; ownership; resources; queues; unit activity,Candidate; see behavior_features.csv and existing feature tables for computed subset,"Same phase and opportunity denominator; account for engine, map, civilization, opponents, settings and session clusters."
82,Economy,Resource stockpile trajectories,S,Decoded state; ownership; resources; queues; unit activity,Candidate; see behavior_features.csv and existing feature tables for computed subset,"Same phase and opportunity denominator; account for engine, map, civilization, opponents, settings and session clusters."
83,Economy,Resource float area under curve,S,Decoded state; ownership; resources; queues; unit activity,Candidate; see behavior_features.csv and existing feature tables for computed subset,"Same phase and opportunity denominator; account for engine, map, civilization, opponents, settings and session clusters."
84,Economy,Resource imbalance,S,Decoded state; ownership; resources; queues; unit activity,Candidate; see behavior_features.csv and existing feature tables for computed subset,"Same phase and opportunity denominator; account for engine, map, civilization, opponents, settings and session clusters."
85,Economy,Worker allocation shares,S,Decoded state; ownership; resources; queues; unit activity,Candidate; see behavior_features.csv and existing feature tables for computed subset,"Same phase and opportunity denominator; account for engine, map, civilization, opponents, settings and session clusters."
86,Economy,Worker allocation changes,S,Decoded state; ownership; resources; queues; unit activity,Candidate; see behavior_features.csv and existing feature tables for computed subset,"Same phase and opportunity denominator; account for engine, map, civilization, opponents, settings and session clusters."
87,Economy,Resource income per minute,S,Decoded state; ownership; resources; queues; unit activity,Candidate; see behavior_features.csv and existing feature tables for computed subset,"Same phase and opportunity denominator; account for engine, map, civilization, opponents, settings and session clusters."
88,Economy,Gather efficiency per villager,S,Decoded state; ownership; resources; queues; unit activity,Candidate; see behavior_features.csv and existing feature tables for computed subset,"Same phase and opportunity denominator; account for engine, map, civilization, opponents, settings and session clusters."
89,Economy,Villager losses per exposed villager-minute,S,Decoded state; ownership; resources; queues; unit activity,Candidate; see behavior_features.csv and existing feature tables for computed subset,"Same phase and opportunity denominator; account for engine, map, civilization, opponents, settings and session clusters."
90,Economy,House-block duration,S,Decoded state; ownership; resources; queues; unit activity,Candidate; see behavior_features.csv and existing feature tables for computed subset,"Same phase and opportunity denominator; account for engine, map, civilization, opponents, settings and session clusters."
91,Economy,House-block incident rate,S,Decoded state; ownership; resources; queues; unit activity,Candidate; see behavior_features.csv and existing feature tables for computed subset,"Same phase and opportunity denominator; account for engine, map, civilization, opponents, settings and session clusters."
92,Economy,Farm reseed downtime,S,Decoded state; ownership; resources; queues; unit activity,Candidate; see behavior_features.csv and existing feature tables for computed subset,"Same phase and opportunity denominator; account for engine, map, civilization, opponents, settings and session clusters."
93,Economy,Gatherer walking time,S,Decoded state; ownership; resources; queues; unit activity,Candidate; see behavior_features.csv and existing feature tables for computed subset,"Same phase and opportunity denominator; account for engine, map, civilization, opponents, settings and session clusters."
94,Economy,Builder-minutes per completed structure,S,Decoded state; ownership; resources; queues; unit activity,Candidate; see behavior_features.csv and existing feature tables for computed subset,"Same phase and opportunity denominator; account for engine, map, civilization, opponents, settings and session clusters."
95,Economy,Trade efficiency,S,Decoded state; ownership; resources; queues; unit activity,Candidate; see behavior_features.csv and existing feature tables for computed subset,"Same phase and opportunity denominator; account for engine, map, civilization, opponents, settings and session clusters."
96,Economy,Market transaction cost,S,Decoded state; ownership; resources; queues; unit activity,Candidate; see behavior_features.csv and existing feature tables for computed subset,"Same phase and opportunity denominator; account for engine, map, civilization, opponents, settings and session clusters."
97,Economy,Resource collection before age-up,S,Decoded state; ownership; resources; queues; unit activity,Candidate; see behavior_features.csv and existing feature tables for computed subset,"Same phase and opportunity denominator; account for engine, map, civilization, opponents, settings and session clusters."
98,Economy,Economy recovery after raid,S,Decoded state; ownership; resources; queues; unit activity,Candidate; see behavior_features.csv and existing feature tables for computed subset,"Same phase and opportunity denominator; account for engine, map, civilization, opponents, settings and session clusters."
99,Production and planning,First Feudal research request,C/S,Commands for requests; decoded state for completion and opportunity,Candidate; see behavior_features.csv and existing feature tables for computed subset,"Same phase and opportunity denominator; account for engine, map, civilization, opponents, settings and session clusters."
100,Production and planning,First Castle research request,C/S,Commands for requests; decoded state for completion and opportunity,Candidate; see behavior_features.csv and existing feature tables for computed subset,"Same phase and opportunity denominator; account for engine, map, civilization, opponents, settings and session clusters."
101,Production and planning,First Imperial research request,C/S,Commands for requests; decoded state for completion and opportunity,Candidate; see behavior_features.csv and existing feature tables for computed subset,"Same phase and opportunity denominator; account for engine, map, civilization, opponents, settings and session clusters."
102,Production and planning,Actual age-up completion,C/S,Commands for requests; decoded state for completion and opportunity,Candidate; see behavior_features.csv and existing feature tables for computed subset,"Same phase and opportunity denominator; account for engine, map, civilization, opponents, settings and session clusters."
103,Production and planning,Upgrade timing relative to army,C/S,Commands for requests; decoded state for completion and opportunity,Candidate; see behavior_features.csv and existing feature tables for computed subset,"Same phase and opportunity denominator; account for engine, map, civilization, opponents, settings and session clusters."
104,Production and planning,Production-building count,C/S,Commands for requests; decoded state for completion and opportunity,Candidate; see behavior_features.csv and existing feature tables for computed subset,"Same phase and opportunity denominator; account for engine, map, civilization, opponents, settings and session clusters."
105,Production and planning,Production uptime,C/S,Commands for requests; decoded state for completion and opportunity,Candidate; see behavior_features.csv and existing feature tables for computed subset,"Same phase and opportunity denominator; account for engine, map, civilization, opponents, settings and session clusters."
106,Production and planning,Queue depth,C/S,Commands for requests; decoded state for completion and opportunity,Candidate; see behavior_features.csv and existing feature tables for computed subset,"Same phase and opportunity denominator; account for engine, map, civilization, opponents, settings and session clusters."
107,Production and planning,Queue emptiness duration,C/S,Commands for requests; decoded state for completion and opportunity,Candidate; see behavior_features.csv and existing feature tables for computed subset,"Same phase and opportunity denominator; account for engine, map, civilization, opponents, settings and session clusters."
108,Production and planning,Requested queue batch size,C/S,Commands for requests; decoded state for completion and opportunity,Candidate; see behavior_features.csv and existing feature tables for computed subset,"Same phase and opportunity denominator; account for engine, map, civilization, opponents, settings and session clusters."
109,Production and planning,Actual production batch size,C/S,Commands for requests; decoded state for completion and opportunity,Candidate; see behavior_features.csv and existing feature tables for computed subset,"Same phase and opportunity denominator; account for engine, map, civilization, opponents, settings and session clusters."
110,Production and planning,Queue-cancel rate,C/S,Commands for requests; decoded state for completion and opportunity,Candidate; see behavior_features.csv and existing feature tables for computed subset,"Same phase and opportunity denominator; account for engine, map, civilization, opponents, settings and session clusters."
111,Production and planning,Research-cancel rate,C/S,Commands for requests; decoded state for completion and opportunity,Candidate; see behavior_features.csv and existing feature tables for computed subset,"Same phase and opportunity denominator; account for engine, map, civilization, opponents, settings and session clusters."
112,Production and planning,Building-cancel rate,C/S,Commands for requests; decoded state for completion and opportunity,Candidate; see behavior_features.csv and existing feature tables for computed subset,"Same phase and opportunity denominator; account for engine, map, civilization, opponents, settings and session clusters."
113,Production and planning,Build completion delay,C/S,Commands for requests; decoded state for completion and opportunity,Candidate; see behavior_features.csv and existing feature tables for computed subset,"Same phase and opportunity denominator; account for engine, map, civilization, opponents, settings and session clusters."
114,Production and planning,Construction abandonment,C/S,Commands for requests; decoded state for completion and opportunity,Candidate; see behavior_features.csv and existing feature tables for computed subset,"Same phase and opportunity denominator; account for engine, map, civilization, opponents, settings and session clusters."
115,Production and planning,Technology-choice diversity,C/S,Commands for requests; decoded state for completion and opportunity,Candidate; see behavior_features.csv and existing feature tables for computed subset,"Same phase and opportunity denominator; account for engine, map, civilization, opponents, settings and session clusters."
116,Production and planning,Unit-production diversity,C/S,Commands for requests; decoded state for completion and opportunity,Candidate; see behavior_features.csv and existing feature tables for computed subset,"Same phase and opportunity denominator; account for engine, map, civilization, opponents, settings and session clusters."
117,Production and planning,Production composition entropy,C/S,Commands for requests; decoded state for completion and opportunity,Candidate; see behavior_features.csv and existing feature tables for computed subset,"Same phase and opportunity denominator; account for engine, map, civilization, opponents, settings and session clusters."
118,Production and planning,Production switching delay,C/S,Commands for requests; decoded state for completion and opportunity,Candidate; see behavior_features.csv and existing feature tables for computed subset,"Same phase and opportunity denominator; account for engine, map, civilization, opponents, settings and session clusters."
119,Production and planning,Supply added before cap,C/S,Commands for requests; decoded state for completion and opportunity,Candidate; see behavior_features.csv and existing feature tables for computed subset,"Same phase and opportunity denominator; account for engine, map, civilization, opponents, settings and session clusters."
120,Production and planning,Unspent resources despite affordable production,C/S,Commands for requests; decoded state for completion and opportunity,Candidate; see behavior_features.csv and existing feature tables for computed subset,"Same phase and opportunity denominator; account for engine, map, civilization, opponents, settings and session clusters."
121,Combat efficiency,Resource-weighted kill-loss ratio,S,Decoded state; ownership; unit values and combat exposure,Candidate; see behavior_features.csv and existing feature tables for computed subset,"Same phase and opportunity denominator; account for engine, map, civilization, opponents, settings and session clusters."
122,Combat efficiency,Unit survival time,S,Decoded state; ownership; unit values and combat exposure,Candidate; see behavior_features.csv and existing feature tables for computed subset,"Same phase and opportunity denominator; account for engine, map, civilization, opponents, settings and session clusters."
123,Combat efficiency,Army resource value over time,S,Decoded state; ownership; unit values and combat exposure,Candidate; see behavior_features.csv and existing feature tables for computed subset,"Same phase and opportunity denominator; account for engine, map, civilization, opponents, settings and session clusters."
124,Combat efficiency,Damage per army-value minute,S,Decoded state; ownership; unit values and combat exposure,Candidate; see behavior_features.csv and existing feature tables for computed subset,"Same phase and opportunity denominator; account for engine, map, civilization, opponents, settings and session clusters."
125,Combat efficiency,Damage taken per exposed unit-minute,S,Decoded state; ownership; unit values and combat exposure,Candidate; see behavior_features.csv and existing feature tables for computed subset,"Same phase and opportunity denominator; account for engine, map, civilization, opponents, settings and session clusters."
126,Combat efficiency,Overkill fraction,S,Decoded state; ownership; unit values and combat exposure,Candidate; see behavior_features.csv and existing feature tables for computed subset,"Same phase and opportunity denominator; account for engine, map, civilization, opponents, settings and session clusters."
127,Combat efficiency,Target priority by unit value,S,Decoded state; ownership; unit values and combat exposure,Candidate; see behavior_features.csv and existing feature tables for computed subset,"Same phase and opportunity denominator; account for engine, map, civilization, opponents, settings and session clusters."
128,Combat efficiency,Focus-fire concentration,S,Decoded state; ownership; unit values and combat exposure,Candidate; see behavior_features.csv and existing feature tables for computed subset,"Same phase and opportunity denominator; account for engine, map, civilization, opponents, settings and session clusters."
129,Combat efficiency,Fight initiation at favorable value ratio,S,Decoded state; ownership; unit values and combat exposure,Candidate; see behavior_features.csv and existing feature tables for computed subset,"Same phase and opportunity denominator; account for engine, map, civilization, opponents, settings and session clusters."
130,Combat efficiency,Retreat latency after unfavorable exchange,S,Decoded state; ownership; unit values and combat exposure,Candidate; see behavior_features.csv and existing feature tables for computed subset,"Same phase and opportunity denominator; account for engine, map, civilization, opponents, settings and session clusters."
131,Combat efficiency,Low-health unit rescue rate,S,Decoded state; ownership; unit values and combat exposure,Candidate; see behavior_features.csv and existing feature tables for computed subset,"Same phase and opportunity denominator; account for engine, map, civilization, opponents, settings and session clusters."
132,Combat efficiency,Idle army time during engagement,S,Decoded state; ownership; unit values and combat exposure,Candidate; see behavior_features.csv and existing feature tables for computed subset,"Same phase and opportunity denominator; account for engine, map, civilization, opponents, settings and session clusters."
133,Combat efficiency,Pathing congestion time,S,Decoded state; ownership; unit values and combat exposure,Candidate; see behavior_features.csv and existing feature tables for computed subset,"Same phase and opportunity denominator; account for engine, map, civilization, opponents, settings and session clusters."
134,Combat efficiency,Reinforcement travel time,S,Decoded state; ownership; unit values and combat exposure,Candidate; see behavior_features.csv and existing feature tables for computed subset,"Same phase and opportunity denominator; account for engine, map, civilization, opponents, settings and session clusters."
135,Combat efficiency,Army regrouping time,S,Decoded state; ownership; unit values and combat exposure,Candidate; see behavior_features.csv and existing feature tables for computed subset,"Same phase and opportunity denominator; account for engine, map, civilization, opponents, settings and session clusters."
136,Combat efficiency,Unit cohesion,S,Decoded state; ownership; unit values and combat exposure,Candidate; see behavior_features.csv and existing feature tables for computed subset,"Same phase and opportunity denominator; account for engine, map, civilization, opponents, settings and session clusters."
137,Combat efficiency,Formation spread,S,Decoded state; ownership; unit values and combat exposure,Candidate; see behavior_features.csv and existing feature tables for computed subset,"Same phase and opportunity denominator; account for engine, map, civilization, opponents, settings and session clusters."
138,Combat efficiency,Conversion success per attempt,S,Decoded state; ownership; unit values and combat exposure,Candidate; see behavior_features.csv and existing feature tables for computed subset,"Same phase and opportunity denominator; account for engine, map, civilization, opponents, settings and session clusters."
139,Combat efficiency,Monk losses per conversion,S,Decoded state; ownership; unit values and combat exposure,Candidate; see behavior_features.csv and existing feature tables for computed subset,"Same phase and opportunity denominator; account for engine, map, civilization, opponents, settings and session clusters."
140,Combat efficiency,Repair value saved,S,Decoded state; ownership; unit values and combat exposure,Candidate; see behavior_features.csv and existing feature tables for computed subset,"Same phase and opportunity denominator; account for engine, map, civilization, opponents, settings and session clusters."
141,Combat efficiency,Friendly-fire losses,S,Decoded state; ownership; unit values and combat exposure,Candidate; see behavior_features.csv and existing feature tables for computed subset,"Same phase and opportunity denominator; account for engine, map, civilization, opponents, settings and session clusters."
142,Combat efficiency,Siege survival time,S,Decoded state; ownership; unit values and combat exposure,Candidate; see behavior_features.csv and existing feature tables for computed subset,"Same phase and opportunity denominator; account for engine, map, civilization, opponents, settings and session clusters."
143,Combat efficiency,Siege escort distance,S,Decoded state; ownership; unit values and combat exposure,Candidate; see behavior_features.csv and existing feature tables for computed subset,"Same phase and opportunity denominator; account for engine, map, civilization, opponents, settings and session clusters."
144,Combat efficiency,Raid damage per raider-value minute,S,Decoded state; ownership; unit values and combat exposure,Candidate; see behavior_features.csv and existing feature tables for computed subset,"Same phase and opportunity denominator; account for engine, map, civilization, opponents, settings and session clusters."
145,Projectile and precise micro,Projectile-threat opportunity count,V,Decoded state; projectile trajectories; unit paths; command actors; visibility,Candidate; see behavior_features.csv and existing feature tables for computed subset,"Same phase and opportunity denominator; account for engine, map, civilization, opponents, settings and session clusters."
146,Projectile and precise micro,Visible-threat-to-command latency,V,Decoded state; projectile trajectories; unit paths; command actors; visibility,Candidate; see behavior_features.csv and existing feature tables for computed subset,"Same phase and opportunity denominator; account for engine, map, civilization, opponents, settings and session clusters."
147,Projectile and precise micro,Command-to-motion latency,V,Decoded state; projectile trajectories; unit paths; command actors; visibility,Candidate; see behavior_features.csv and existing feature tables for computed subset,"Same phase and opportunity denominator; account for engine, map, civilization, opponents, settings and session clusters."
148,Projectile and precise micro,Preemptive dodge fraction,V,Decoded state; projectile trajectories; unit paths; command actors; visibility,Candidate; see behavior_features.csv and existing feature tables for computed subset,"Same phase and opportunity denominator; account for engine, map, civilization, opponents, settings and session clusters."
149,Projectile and precise micro,Dodge success rate,V,Decoded state; projectile trajectories; unit paths; command actors; visibility,Candidate; see behavior_features.csv and existing feature tables for computed subset,"Same phase and opportunity denominator; account for engine, map, civilization, opponents, settings and session clusters."
150,Projectile and precise micro,Dodge distance perpendicular to trajectory,V,Decoded state; projectile trajectories; unit paths; command actors; visibility,Candidate; see behavior_features.csv and existing feature tables for computed subset,"Same phase and opportunity denominator; account for engine, map, civilization, opponents, settings and session clusters."
151,Projectile and precise micro,Dodge angle,V,Decoded state; projectile trajectories; unit paths; command actors; visibility,Candidate; see behavior_features.csv and existing feature tables for computed subset,"Same phase and opportunity denominator; account for engine, map, civilization, opponents, settings and session clusters."
152,Projectile and precise micro,Units hit per projectile,V,Decoded state; projectile trajectories; unit paths; command actors; visibility,Candidate; see behavior_features.csv and existing feature tables for computed subset,"Same phase and opportunity denominator; account for engine, map, civilization, opponents, settings and session clusters."
153,Projectile and precise micro,Expected damage avoided,V,Decoded state; projectile trajectories; unit paths; command actors; visibility,Candidate; see behavior_features.csv and existing feature tables for computed subset,"Same phase and opportunity denominator; account for engine, map, civilization, opponents, settings and session clusters."
154,Projectile and precise micro,Army split count,V,Decoded state; projectile trajectories; unit paths; command actors; visibility,Candidate; see behavior_features.csv and existing feature tables for computed subset,"Same phase and opportunity denominator; account for engine, map, civilization, opponents, settings and session clusters."
155,Projectile and precise micro,Split separation distance,V,Decoded state; projectile trajectories; unit paths; command actors; visibility,Candidate; see behavior_features.csv and existing feature tables for computed subset,"Same phase and opportunity denominator; account for engine, map, civilization, opponents, settings and session clusters."
156,Projectile and precise micro,Regroup time after dodge,V,Decoded state; projectile trajectories; unit paths; command actors; visibility,Candidate; see behavior_features.csv and existing feature tables for computed subset,"Same phase and opportunity denominator; account for engine, map, civilization, opponents, settings and session clusters."
157,Projectile and precise micro,Commands per successful dodge,V,Decoded state; projectile trajectories; unit paths; command actors; visibility,Candidate; see behavior_features.csv and existing feature tables for computed subset,"Same phase and opportunity denominator; account for engine, map, civilization, opponents, settings and session clusters."
158,Projectile and precise micro,Dodge performance under simultaneous threats,V,Decoded state; projectile trajectories; unit paths; command actors; visibility,Candidate; see behavior_features.csv and existing feature tables for computed subset,"Same phase and opportunity denominator; account for engine, map, civilization, opponents, settings and session clusters."
159,Projectile and precise micro,False-positive dodge rate,V,Decoded state; projectile trajectories; unit paths; command actors; visibility,Candidate; see behavior_features.csv and existing feature tables for computed subset,"Same phase and opportunity denominator; account for engine, map, civilization, opponents, settings and session clusters."
160,Projectile and precise micro,Kiting attack-cycle efficiency,V,Decoded state; projectile trajectories; unit paths; command actors; visibility,Candidate; see behavior_features.csv and existing feature tables for computed subset,"Same phase and opportunity denominator; account for engine, map, civilization, opponents, settings and session clusters."
161,Projectile and precise micro,Stutter-step lost attack time,V,Decoded state; projectile trajectories; unit paths; command actors; visibility,Candidate; see behavior_features.csv and existing feature tables for computed subset,"Same phase and opportunity denominator; account for engine, map, civilization, opponents, settings and session clusters."
162,Projectile and precise micro,Melee surround completion time,V,Decoded state; projectile trajectories; unit paths; command actors; visibility,Candidate; see behavior_features.csv and existing feature tables for computed subset,"Same phase and opportunity denominator; account for engine, map, civilization, opponents, settings and session clusters."
163,Projectile and precise micro,Target-switch latency after target death,V,Decoded state; projectile trajectories; unit paths; command actors; visibility,Candidate; see behavior_features.csv and existing feature tables for computed subset,"Same phase and opportunity denominator; account for engine, map, civilization, opponents, settings and session clusters."
164,Projectile and precise micro,Conversion-response latency,V,Decoded state; projectile trajectories; unit paths; command actors; visibility,Candidate; see behavior_features.csv and existing feature tables for computed subset,"Same phase and opportunity denominator; account for engine, map, civilization, opponents, settings and session clusters."
165,Projectile and precise micro,Villager quickwall latency,V,Decoded state; projectile trajectories; unit paths; command actors; visibility,Candidate; see behavior_features.csv and existing feature tables for computed subset,"Same phase and opportunity denominator; account for engine, map, civilization, opponents, settings and session clusters."
166,Projectile and precise micro,Quickwall completion before contact,V,Decoded state; projectile trajectories; unit paths; command actors; visibility,Candidate; see behavior_features.csv and existing feature tables for computed subset,"Same phase and opportunity denominator; account for engine, map, civilization, opponents, settings and session clusters."
167,Projectile and precise micro,Garrison latency after visible raid,V,Decoded state; projectile trajectories; unit paths; command actors; visibility,Candidate; see behavior_features.csv and existing feature tables for computed subset,"Same phase and opportunity denominator; account for engine, map, civilization, opponents, settings and session clusters."
168,Projectile and precise micro,Missed visible threat rate,V,Decoded state; projectile trajectories; unit paths; command actors; visibility,Candidate; see behavior_features.csv and existing feature tables for computed subset,"Same phase and opportunity denominator; account for engine, map, civilization, opponents, settings and session clusters."
169,Multiple-task interference,Number of concurrently active fronts,S,Decoded state plus commands; predefined simultaneous tasks,Candidate; see behavior_features.csv and existing feature tables for computed subset,"Same phase and opportunity denominator; account for engine, map, civilization, opponents, settings and session clusters."
170,Multiple-task interference,Task-switch interval,S,Decoded state plus commands; predefined simultaneous tasks,Candidate; see behavior_features.csv and existing feature tables for computed subset,"Same phase and opportunity denominator; account for engine, map, civilization, opponents, settings and session clusters."
171,Multiple-task interference,Return-to-task delay,S,Decoded state plus commands; predefined simultaneous tasks,Candidate; see behavior_features.csv and existing feature tables for computed subset,"Same phase and opportunity denominator; account for engine, map, civilization, opponents, settings and session clusters."
172,Multiple-task interference,Economy-command gap during battle,S,Decoded state plus commands; predefined simultaneous tasks,Candidate; see behavior_features.csv and existing feature tables for computed subset,"Same phase and opportunity denominator; account for engine, map, civilization, opponents, settings and session clusters."
173,Multiple-task interference,Economy idle time during battle,S,Decoded state plus commands; predefined simultaneous tasks,Candidate; see behavior_features.csv and existing feature tables for computed subset,"Same phase and opportunity denominator; account for engine, map, civilization, opponents, settings and session clusters."
174,Multiple-task interference,Production idle time during battle,S,Decoded state plus commands; predefined simultaneous tasks,Candidate; see behavior_features.csv and existing feature tables for computed subset,"Same phase and opportunity denominator; account for engine, map, civilization, opponents, settings and session clusters."
175,Multiple-task interference,Secondary-front loss during main battle,S,Decoded state plus commands; predefined simultaneous tasks,Candidate; see behavior_features.csv and existing feature tables for computed subset,"Same phase and opportunity denominator; account for engine, map, civilization, opponents, settings and session clusters."
176,Multiple-task interference,Unattended-raid loss rate,S,Decoded state plus commands; predefined simultaneous tasks,Candidate; see behavior_features.csv and existing feature tables for computed subset,"Same phase and opportunity denominator; account for engine, map, civilization, opponents, settings and session clusters."
177,Multiple-task interference,Threat-response latency by concurrent-front count,S,Decoded state plus commands; predefined simultaneous tasks,Candidate; see behavior_features.csv and existing feature tables for computed subset,"Same phase and opportunity denominator; account for engine, map, civilization, opponents, settings and session clusters."
178,Multiple-task interference,Micro outcome by concurrent-front count,S,Decoded state plus commands; predefined simultaneous tasks,Candidate; see behavior_features.csv and existing feature tables for computed subset,"Same phase and opportunity denominator; account for engine, map, civilization, opponents, settings and session clusters."
179,Multiple-task interference,Two-front performance decrement,S,Decoded state plus commands; predefined simultaneous tasks,Candidate; see behavior_features.csv and existing feature tables for computed subset,"Same phase and opportunity denominator; account for engine, map, civilization, opponents, settings and session clusters."
180,Multiple-task interference,Army control while expanding economy,S,Decoded state plus commands; predefined simultaneous tasks,Candidate; see behavior_features.csv and existing feature tables for computed subset,"Same phase and opportunity denominator; account for engine, map, civilization, opponents, settings and session clusters."
181,Multiple-task interference,Task completion before interruption,S,Decoded state plus commands; predefined simultaneous tasks,Candidate; see behavior_features.csv and existing feature tables for computed subset,"Same phase and opportunity denominator; account for engine, map, civilization, opponents, settings and session clusters."
182,Multiple-task interference,Resumption error rate,S,Decoded state plus commands; predefined simultaneous tasks,Candidate; see behavior_features.csv and existing feature tables for computed subset,"Same phase and opportunity denominator; account for engine, map, civilization, opponents, settings and session clusters."
183,Multiple-task interference,Cross-front resource imbalance,S,Decoded state plus commands; predefined simultaneous tasks,Candidate; see behavior_features.csv and existing feature tables for computed subset,"Same phase and opportunity denominator; account for engine, map, civilization, opponents, settings and session clusters."
184,Scouting and information,Explored map fraction,V,Decoded player visibility; exploration; ideally original camera stream,Candidate; see behavior_features.csv and existing feature tables for computed subset,"Same phase and opportunity denominator; account for engine, map, civilization, opponents, settings and session clusters."
185,Scouting and information,Time to locate opponent,V,Decoded player visibility; exploration; ideally original camera stream,Candidate; see behavior_features.csv and existing feature tables for computed subset,"Same phase and opportunity denominator; account for engine, map, civilization, opponents, settings and session clusters."
186,Scouting and information,Time to locate each resource,V,Decoded player visibility; exploration; ideally original camera stream,Candidate; see behavior_features.csv and existing feature tables for computed subset,"Same phase and opportunity denominator; account for engine, map, civilization, opponents, settings and session clusters."
187,Scouting and information,Scout survival,V,Decoded player visibility; exploration; ideally original camera stream,Candidate; see behavior_features.csv and existing feature tables for computed subset,"Same phase and opportunity denominator; account for engine, map, civilization, opponents, settings and session clusters."
188,Scouting and information,Relevant opponent structure discovery time,V,Decoded player visibility; exploration; ideally original camera stream,Candidate; see behavior_features.csv and existing feature tables for computed subset,"Same phase and opportunity denominator; account for engine, map, civilization, opponents, settings and session clusters."
189,Scouting and information,Scouting revisit frequency,V,Decoded player visibility; exploration; ideally original camera stream,Candidate; see behavior_features.csv and existing feature tables for computed subset,"Same phase and opportunity denominator; account for engine, map, civilization, opponents, settings and session clusters."
190,Scouting and information,Information age at strategy decision,V,Decoded player visibility; exploration; ideally original camera stream,Candidate; see behavior_features.csv and existing feature tables for computed subset,"Same phase and opportunity denominator; account for engine, map, civilization, opponents, settings and session clusters."
191,Scouting and information,Response delay after observed tech reveal,V,Decoded player visibility; exploration; ideally original camera stream,Candidate; see behavior_features.csv and existing feature tables for computed subset,"Same phase and opportunity denominator; account for engine, map, civilization, opponents, settings and session clusters."
192,Scouting and information,Response delay after observed army reveal,V,Decoded player visibility; exploration; ideally original camera stream,Candidate; see behavior_features.csv and existing feature tables for computed subset,"Same phase and opportunity denominator; account for engine, map, civilization, opponents, settings and session clusters."
193,Scouting and information,Revealed-threat miss rate,V,Decoded player visibility; exploration; ideally original camera stream,Candidate; see behavior_features.csv and existing feature tables for computed subset,"Same phase and opportunity denominator; account for engine, map, civilization, opponents, settings and session clusters."
194,Scouting and information,Army orders into known danger,V,Decoded player visibility; exploration; ideally original camera stream,Candidate; see behavior_features.csv and existing feature tables for computed subset,"Same phase and opportunity denominator; account for engine, map, civilization, opponents, settings and session clusters."
195,Scouting and information,Fog-of-war exposure,V,Decoded player visibility; exploration; ideally original camera stream,Candidate; see behavior_features.csv and existing feature tables for computed subset,"Same phase and opportunity denominator; account for engine, map, civilization, opponents, settings and session clusters."
196,Scouting and information,Camera revisit interval,V,Decoded player visibility; exploration; ideally original camera stream,Candidate; see behavior_features.csv and existing feature tables for computed subset,"Same phase and opportunity denominator; account for engine, map, civilization, opponents, settings and session clusters."
197,Scouting and information,Camera-command distance,V,Decoded player visibility; exploration; ideally original camera stream,Candidate; see behavior_features.csv and existing feature tables for computed subset,"Same phase and opportunity denominator; account for engine, map, civilization, opponents, settings and session clusters."
198,Scouting and information,Visible-event response conditional on camera,V,Decoded player visibility; exploration; ideally original camera stream,Candidate; see behavior_features.csv and existing feature tables for computed subset,"Same phase and opportunity denominator; account for engine, map, civilization, opponents, settings and session clusters."
199,Strategy and adaptation,Opening sequence,S,State; commands; opponent and map context; strategy labels,Candidate; see behavior_features.csv and existing feature tables for computed subset,"Same phase and opportunity denominator; account for engine, map, civilization, opponents, settings and session clusters."
200,Strategy and adaptation,Opening diversity across games,S,State; commands; opponent and map context; strategy labels,Candidate; see behavior_features.csv and existing feature tables for computed subset,"Same phase and opportunity denominator; account for engine, map, civilization, opponents, settings and session clusters."
201,Strategy and adaptation,Build-order deviation timing,S,State; commands; opponent and map context; strategy labels,Candidate; see behavior_features.csv and existing feature tables for computed subset,"Same phase and opportunity denominator; account for engine, map, civilization, opponents, settings and session clusters."
202,Strategy and adaptation,Resource investment split,S,State; commands; opponent and map context; strategy labels,Candidate; see behavior_features.csv and existing feature tables for computed subset,"Same phase and opportunity denominator; account for engine, map, civilization, opponents, settings and session clusters."
203,Strategy and adaptation,Military composition versus visible enemy,S,State; commands; opponent and map context; strategy labels,Candidate; see behavior_features.csv and existing feature tables for computed subset,"Same phase and opportunity denominator; account for engine, map, civilization, opponents, settings and session clusters."
204,Strategy and adaptation,Counter-unit production delay,S,State; commands; opponent and map context; strategy labels,Candidate; see behavior_features.csv and existing feature tables for computed subset,"Same phase and opportunity denominator; account for engine, map, civilization, opponents, settings and session clusters."
205,Strategy and adaptation,Technology adaptation delay,S,State; commands; opponent and map context; strategy labels,Candidate; see behavior_features.csv and existing feature tables for computed subset,"Same phase and opportunity denominator; account for engine, map, civilization, opponents, settings and session clusters."
206,Strategy and adaptation,Expansion timing,S,State; commands; opponent and map context; strategy labels,Candidate; see behavior_features.csv and existing feature tables for computed subset,"Same phase and opportunity denominator; account for engine, map, civilization, opponents, settings and session clusters."
207,Strategy and adaptation,Defensive investment timing,S,State; commands; opponent and map context; strategy labels,Candidate; see behavior_features.csv and existing feature tables for computed subset,"Same phase and opportunity denominator; account for engine, map, civilization, opponents, settings and session clusters."
208,Strategy and adaptation,Walling timing relative to threat,S,State; commands; opponent and map context; strategy labels,Candidate; see behavior_features.csv and existing feature tables for computed subset,"Same phase and opportunity denominator; account for engine, map, civilization, opponents, settings and session clusters."
209,Strategy and adaptation,Distance of defensive structures to threatened economy,S,State; commands; opponent and map context; strategy labels,Candidate; see behavior_features.csv and existing feature tables for computed subset,"Same phase and opportunity denominator; account for engine, map, civilization, opponents, settings and session clusters."
210,Strategy and adaptation,Map-control share,S,State; commands; opponent and map context; strategy labels,Candidate; see behavior_features.csv and existing feature tables for computed subset,"Same phase and opportunity denominator; account for engine, map, civilization, opponents, settings and session clusters."
211,Strategy and adaptation,Choke-point control,S,State; commands; opponent and map context; strategy labels,Candidate; see behavior_features.csv and existing feature tables for computed subset,"Same phase and opportunity denominator; account for engine, map, civilization, opponents, settings and session clusters."
212,Strategy and adaptation,Safe-resource access,S,State; commands; opponent and map context; strategy labels,Candidate; see behavior_features.csv and existing feature tables for computed subset,"Same phase and opportunity denominator; account for engine, map, civilization, opponents, settings and session clusters."
213,Strategy and adaptation,Relic acquisition timing,S,State; commands; opponent and map context; strategy labels,Candidate; see behavior_features.csv and existing feature tables for computed subset,"Same phase and opportunity denominator; account for engine, map, civilization, opponents, settings and session clusters."
214,Strategy and adaptation,Objective capture timing,S,State; commands; opponent and map context; strategy labels,Candidate; see behavior_features.csv and existing feature tables for computed subset,"Same phase and opportunity denominator; account for engine, map, civilization, opponents, settings and session clusters."
215,Strategy and adaptation,Strategic transition frequency,S,State; commands; opponent and map context; strategy labels,Candidate; see behavior_features.csv and existing feature tables for computed subset,"Same phase and opportunity denominator; account for engine, map, civilization, opponents, settings and session clusters."
216,Strategy and adaptation,Strategy persistence after failed attack,S,State; commands; opponent and map context; strategy labels,Candidate; see behavior_features.csv and existing feature tables for computed subset,"Same phase and opportunity denominator; account for engine, map, civilization, opponents, settings and session clusters."
217,Strategy and adaptation,Army-value advantage converted to damage,S,State; commands; opponent and map context; strategy labels,Candidate; see behavior_features.csv and existing feature tables for computed subset,"Same phase and opportunity denominator; account for engine, map, civilization, opponents, settings and session clusters."
218,Strategy and adaptation,Economy advantage converted to army,S,State; commands; opponent and map context; strategy labels,Candidate; see behavior_features.csv and existing feature tables for computed subset,"Same phase and opportunity denominator; account for engine, map, civilization, opponents, settings and session clusters."
219,Strategy and adaptation,Comeback conversion probability,S,State; commands; opponent and map context; strategy labels,Candidate; see behavior_features.csv and existing feature tables for computed subset,"Same phase and opportunity denominator; account for engine, map, civilization, opponents, settings and session clusters."
220,Outcomes and relative performance,Win share,O,Match metadata; ratings; series and opponent context,Candidate; see behavior_features.csv and existing feature tables for computed subset,"Same phase and opportunity denominator; account for engine, map, civilization, opponents, settings and session clusters."
221,Outcomes and relative performance,Opponent-adjusted win probability,O,Match metadata; ratings; series and opponent context,Candidate; see behavior_features.csv and existing feature tables for computed subset,"Same phase and opportunity denominator; account for engine, map, civilization, opponents, settings and session clusters."
222,Outcomes and relative performance,Tournament Elo,O,Match metadata; ratings; series and opponent context,Candidate; see behavior_features.csv and existing feature tables for computed subset,"Same phase and opportunity denominator; account for engine, map, civilization, opponents, settings and session clusters."
223,Outcomes and relative performance,Relative peer rank,O,Match metadata; ratings; series and opponent context,Candidate; see behavior_features.csv and existing feature tables for computed subset,"Same phase and opportunity denominator; account for engine, map, civilization, opponents, settings and session clusters."
224,Outcomes and relative performance,Gap to peer median,O,Match metadata; ratings; series and opponent context,Candidate; see behavior_features.csv and existing feature tables for computed subset,"Same phase and opportunity denominator; account for engine, map, civilization, opponents, settings and session clusters."
225,Outcomes and relative performance,Gap to best peer,O,Match metadata; ratings; series and opponent context,Candidate; see behavior_features.csv and existing feature tables for computed subset,"Same phase and opportunity denominator; account for engine, map, civilization, opponents, settings and session clusters."
226,Outcomes and relative performance,Series win share against fixed peers,O,Match metadata; ratings; series and opponent context,Candidate; see behavior_features.csv and existing feature tables for computed subset,"Same phase and opportunity denominator; account for engine, map, civilization, opponents, settings and session clusters."
227,Outcomes and relative performance,Game length,O,Match metadata; ratings; series and opponent context,Candidate; see behavior_features.csv and existing feature tables for computed subset,"Same phase and opportunity denominator; account for engine, map, civilization, opponents, settings and session clusters."
228,Outcomes and relative performance,Resign timing relative to deficit,O,Match metadata; ratings; series and opponent context,Candidate; see behavior_features.csv and existing feature tables for computed subset,"Same phase and opportunity denominator; account for engine, map, civilization, opponents, settings and session clusters."
229,Outcomes and relative performance,Close-game conversion rate,O,Match metadata; ratings; series and opponent context,Candidate; see behavior_features.csv and existing feature tables for computed subset,"Same phase and opportunity denominator; account for engine, map, civilization, opponents, settings and session clusters."
230,Outcomes and relative performance,Performance by civilization,O,Match metadata; ratings; series and opponent context,Candidate; see behavior_features.csv and existing feature tables for computed subset,"Same phase and opportunity denominator; account for engine, map, civilization, opponents, settings and session clusters."
231,Outcomes and relative performance,Performance by map,O,Match metadata; ratings; series and opponent context,Candidate; see behavior_features.csv and existing feature tables for computed subset,"Same phase and opportunity denominator; account for engine, map, civilization, opponents, settings and session clusters."
232,Outcomes and relative performance,Performance by matchup,O,Match metadata; ratings; series and opponent context,Candidate; see behavior_features.csv and existing feature tables for computed subset,"Same phase and opportunity denominator; account for engine, map, civilization, opponents, settings and session clusters."
233,Outcomes and relative performance,Performance against repeated opponent,O,Match metadata; ratings; series and opponent context,Candidate; see behavior_features.csv and existing feature tables for computed subset,"Same phase and opportunity denominator; account for engine, map, civilization, opponents, settings and session clusters."
234,Outcomes and relative performance,Within-series adaptation,O,Match metadata; ratings; series and opponent context,Candidate; see behavior_features.csv and existing feature tables for computed subset,"Same phase and opportunity denominator; account for engine, map, civilization, opponents, settings and session clusters."
235,Outcomes and relative performance,Game-to-game recovery after loss,O,Match metadata; ratings; series and opponent context,Candidate; see behavior_features.csv and existing feature tables for computed subset,"Same phase and opportunity denominator; account for engine, map, civilization, opponents, settings and session clusters."
236,Coverage and controls,Timestamp quantization,Quality/control,Source provenance; timestamps; replay metadata; capture validation,Candidate; see behavior_features.csv and existing feature tables for computed subset,"Same phase and opportunity denominator; account for engine, map, civilization, opponents, settings and session clusters."
237,Coverage and controls,Nominal replay speed,Quality/control,Source provenance; timestamps; replay metadata; capture validation,Candidate; see behavior_features.csv and existing feature tables for computed subset,"Same phase and opportunity denominator; account for engine, map, civilization, opponents, settings and session clusters."
238,Coverage and controls,Measured simulation throughput,Quality/control,Source provenance; timestamps; replay metadata; capture validation,Candidate; see behavior_features.csv and existing feature tables for computed subset,"Same phase and opportunity denominator; account for engine, map, civilization, opponents, settings and session clusters."
239,Coverage and controls,Skipped simulation steps,Quality/control,Source provenance; timestamps; replay metadata; capture validation,Candidate; see behavior_features.csv and existing feature tables for computed subset,"Same phase and opportunity denominator; account for engine, map, civilization, opponents, settings and session clusters."
240,Coverage and controls,Partial replay duration,Quality/control,Source provenance; timestamps; replay metadata; capture validation,Candidate; see behavior_features.csv and existing feature tables for computed subset,"Same phase and opportunity denominator; account for engine, map, civilization, opponents, settings and session clusters."
241,Coverage and controls,Attributed command coverage,Quality/control,Source provenance; timestamps; replay metadata; capture validation,Candidate; see behavior_features.csv and existing feature tables for computed subset,"Same phase and opportunity denominator; account for engine, map, civilization, opponents, settings and session clusters."
242,Coverage and controls,Coordinate coverage,Quality/control,Source provenance; timestamps; replay metadata; capture validation,Candidate; see behavior_features.csv and existing feature tables for computed subset,"Same phase and opportunity denominator; account for engine, map, civilization, opponents, settings and session clusters."
243,Coverage and controls,Explicit actor coverage,Quality/control,Source provenance; timestamps; replay metadata; capture validation,Candidate; see behavior_features.csv and existing feature tables for computed subset,"Same phase and opportunity denominator; account for engine, map, civilization, opponents, settings and session clusters."
244,Coverage and controls,Entity-state coverage,Quality/control,Source provenance; timestamps; replay metadata; capture validation,Candidate; see behavior_features.csv and existing feature tables for computed subset,"Same phase and opportunity denominator; account for engine, map, civilization, opponents, settings and session clusters."
245,Coverage and controls,Player identity confidence,Quality/control,Source provenance; timestamps; replay metadata; capture validation,Candidate; see behavior_features.csv and existing feature tables for computed subset,"Same phase and opportunity denominator; account for engine, map, civilization, opponents, settings and session clusters."
246,Coverage and controls,Map identity,Quality/control,Source provenance; timestamps; replay metadata; capture validation,Candidate; see behavior_features.csv and existing feature tables for computed subset,"Same phase and opportunity denominator; account for engine, map, civilization, opponents, settings and session clusters."
247,Coverage and controls,Civilization identity,Quality/control,Source provenance; timestamps; replay metadata; capture validation,Candidate; see behavior_features.csv and existing feature tables for computed subset,"Same phase and opportunity denominator; account for engine, map, civilization, opponents, settings and session clusters."
248,Coverage and controls,Patch and engine version,Quality/control,Source provenance; timestamps; replay metadata; capture validation,Candidate; see behavior_features.csv and existing feature tables for computed subset,"Same phase and opportunity denominator; account for engine, map, civilization, opponents, settings and session clusters."
249,Coverage and controls,Match setting and start age,Quality/control,Source provenance; timestamps; replay metadata; capture validation,Candidate; see behavior_features.csv and existing feature tables for computed subset,"Same phase and opportunity denominator; account for engine, map, civilization, opponents, settings and session clusters."
250,Coverage and controls,Opponent strength,Quality/control,Source provenance; timestamps; replay metadata; capture validation,Candidate; see behavior_features.csv and existing feature tables for computed subset,"Same phase and opportunity denominator; account for engine, map, civilization, opponents, settings and session clusters."
251,Coverage and controls,Series or session cluster,Quality/control,Source provenance; timestamps; replay metadata; capture validation,Candidate; see behavior_features.csv and existing feature tables for computed subset,"Same phase and opportunity denominator; account for engine, map, civilization, opponents, settings and session clusters."
252,Coverage and controls,Time of day,Quality/control,Source provenance; timestamps; replay metadata; capture validation,Candidate; see behavior_features.csv and existing feature tables for computed subset,"Same phase and opportunity denominator; account for engine, map, civilization, opponents, settings and session clusters."
253,Coverage and controls,Session game order,Quality/control,Source provenance; timestamps; replay metadata; capture validation,Candidate; see behavior_features.csv and existing feature tables for computed subset,"Same phase and opportunity denominator; account for engine, map, civilization, opponents, settings and session clusters."
254,Coverage and controls,Opportunity count per metric,Quality/control,Source provenance; timestamps; replay metadata; capture validation,Candidate; see behavior_features.csv and existing feature tables for computed subset,"Same phase and opportunity denominator; account for engine, map, civilization, opponents, settings and session clusters."
255,Coverage and controls,At-risk unit-minutes,Quality/control,Source provenance; timestamps; replay metadata; capture validation,Candidate; see behavior_features.csv and existing feature tables for computed subset,"Same phase and opportunity denominator; account for engine, map, civilization, opponents, settings and session clusters."
