player,year,window,n_games,n_clusters,contexts,core_cpm_nominal,destination_jump_ge_quarter_diagonal_fraction,build_commands_nominal_min,wall_commands_nominal_min,research_commands_nominal_min,explicit_actor_coverage
DauT,2011,first 10 game minutes,2,1,1v1 challenge,47.55,0.05729630414811675,1.7999999999999998,0.15,0.15,0.43225896860986546
DauT,2011,whole game,2,1,1v1 challenge,45.64052611635409,0.0734212017858741,5.658343713578184,0.16122304762911788,1.576045944382028,0.4571700798686792
DauT,2012,first 10 game minutes,2,1,team game,57.75,0.12861724453903223,1.7249999999999999,0.3,0.3,0.3931655654449107
DauT,2012,whole game,2,1,team game,42.54457096465106,0.10136164566853878,4.954168941449716,0.416364120241284,1.94914844219183,0.39889864282636794
DauT,2021,first 10 game minutes,2,2,1v1 tournament,97.09050328731536,0.13182185300565363,1.8590000629425045,1.183000040054321,0.5070000171661376,0.31495690561278117
DauT,2021,whole game,2,2,1v1 tournament,71.19158350623685,0.12078210927854235,6.421537231534899,0.374240668127357,1.3294360373595497,0.4095164373208727
DauT,2026,first 10 game minutes,2,1,1v1 ranked,88.8095030069351,0.050990693947984715,1.7745000600814818,0.08450000286102294,0.5915000200271605,0.3641808338800707
DauT,2026,whole game,2,1,1v1 ranked,87.9058315478257,0.0483444571305967,3.1145702211089326,0.24165104204887577,0.9688290750023243,0.39366664997579826
TheViper,2012,first 10 game minutes,2,1,team game,55.65,0.02345679012345679,1.7249999999999999,0.0,0.75,0.3894643264933285
TheViper,2012,whole game,2,1,team game,47.62757127566841,0.052964824274403105,3.6642817526048814,0.10634338278300631,1.942558857589156,0.33498062370875664
TheViper,2021,first 10 game minutes,2,1,1v1 tournament,126.58100428581236,0.10292493738048425,2.2815000772476193,1.0985000371932983,0.4225000143051147,0.28281534772182254
TheViper,2021,whole game,2,1,1v1 tournament,107.4662262399589,0.10465552416508264,4.796198045817823,0.8131899119660049,1.7748175387243497,0.3226394734964686
TheViper,2026,first 10 game minutes,2,1,1v1 ranked,99.37200336456297,0.039047261815453864,2.0280000686645505,0.33800001144409175,0.33800001144409175,0.35508803732670524
TheViper,2026,whole game,2,1,1v1 ranked,100.69003927221559,0.039861937284277005,2.588920572775575,0.14869463773020364,0.5285312133215865,0.3961427666859493
