game_id,player,year,date,context,cluster,player_slot,alias,civilization_id,map_id,map_dimension,winner,n_commands,duration_game_min,nominal_duration_min,core_cpm_game,core_cpm_nominal,gap_median_game_s,gap_median_nominal_s,gap_p95_nominal_s,positive_gap_p10_nominal_s,zero_gap_fraction,command_class_entropy_bits,switches_per_100_commands,core_silence_over5s_fraction,peak_10s_nominal_cpm,coordinate_fraction,spatial_entropy_4x4_bits,spatial_cell_switch_per100,move_share,planning_command_share,queue_batch_mean,queue_batch_gt1_fraction,queue_commands
079005bcaa66,DauT,2011,2011-11 (uploaded 2011-11-29),1v1 challenge,historical_110,1,[TyRanT]_DauT_,13,12,120,True,843,42.861,28.573999999999998,19.668229859312664,29.502344788968994,1.6199999999999868,1.0799999999999912,7.439999999999903,0.35999999999997573,0.07957244655581948,2.167038046279353,44.29928741092637,0.4428851403373696,144.0,0.8481613285883749,2.439157014494816,31.372549019607842,0.35587188612099646,0.3262158956109134,,,0
211c10a368c4,DauT,2011,2011-11 (uploaded 2011-11-29),1v1 challenge,historical_110,1,[TyRanT]_DauT_,15,9,120,True,1713,41.592,27.728,41.18580496249279,61.77870744373918,0.9900000000000091,0.660000000000006,3.240000000000009,0.35999999999997573,0.16238317757009346,1.276347279203647,31.600467289719628,0.10886107905366402,186.0,0.9643899591360187,2.8818601355603573,29.012719563900667,0.7244600116754233,0.11967308814944541,,,0
52a03f0c9e03,DauT,2012,2012-05 (uploaded 2012-05-27),team game,historical_147,2,[TyRanT]_DauT_,17,9,168,,1267,40.497749999999996,26.998499999999996,31.285688711101237,46.92853306665186,0.9900000000000091,0.660000000000006,4.94999999999997,0.330000000000003,0.14770932069510267,1.4300501951079616,32.30647709320695,0.24669889067911144,162.0,0.925808997632202,2.5710637957796005,30.119453924914676,0.6985003946329913,0.15548539857932123,,,0
5338a28e825b,DauT,2012,2012-05 (uploaded 2012-05-27),team game,historical_147,2,[TyRanT]_DauT_,13,9,168,,1073,42.177,28.118,25.440405908433508,38.160608862650264,1.4400000000000546,0.9600000000000364,5.560499999999973,0.419999999999997,0.18190298507462688,1.634610680851363,40.01865671641791,0.30297318443701565,162.0,0.9506057781919851,1.9040452771550744,30.42198233562316,0.5601118359739049,0.20689655172413793,,,0
0b3bc1441529,DauT,2021,2021-03 (HC4),1v1 tournament,hc4_daut_ro8,2,Gonzalo Pizarro,20,59,120,False,3016,71.71535,42.435116906416056,42.05515276715515,71.07321058290735,0.8119999999998981,0.4804733565130131,2.9617158760528177,0.115976327434273,0.003316749585406302,1.2211537132801176,28.391376451077942,0.08077605886791803,192.0,0.9675066312997348,3.7619919386748784,38.73842989372643,0.743368700265252,0.11007957559681697,1.0385572139303483,0.013681592039800995,804
11508bc32ada,DauT,2021,2021-03 (HC4),1v1 tournament,hc4_daut,2,Gonzalo Pizarro,28,59,120,False,2071,49.08136666666667,29.04222781352489,42.1952390622103,71.30995642956636,0.8119999999998981,0.4804733565130131,2.9159762326311753,0.115976327434273,0.0004830917874396135,1.2791162318067972,31.159420289855074,0.061331829254958385,252.0,0.9724770642201835,3.345190196078906,34.92300049677099,0.711733462095606,0.13037180106228874,1.0020120724346075,0.002012072434607646,497
c7d3588daf74,DauT,2026,2026-09-24T23:09:07+00:00,1v1 ranked,daut_2026_session,1,Oni.DauT,62,216,120,True,1203,23.608,13.969230296256942,50.95730260928499,86.11784432549187,0.61099999999999,0.36153844929739287,2.3999999187402015,0.12307691890973503,0.0008319467554076539,1.0562019030633112,24.459234608985025,0.09378671071952992,216.0,0.9800498753117207,2.5757735208846855,23.08998302207131,0.7655860349127181,0.05320033250207814,1.04,0.013333333333333334,75
a467a9f1780f,DauT,2026,2026-09-24T23:29:10+00:00,1v1 ranked,daut_2026_session,1,Oni.DauT,60,216,120,True,1336,25.17275,14.895117838872498,53.07326374750474,89.69381877015952,0.61099999999999,0.36153844929739287,2.279230692060011,0.12307691890973503,0.0,0.9760829648711311,27.94007490636704,0.01829028082615792,228.0,0.9880239520958084,3.042766766057815,27.293404094010615,0.7799401197604791,0.050149700598802395,1.0357142857142858,0.011904761904761904,84
2a4d86704ada,TheViper,2012,2012-01-06 (filename; uploaded 2012-01-07),team game,historical_119,5,TheViper,12,9,220,,1896,56.42100000000001,37.614000000000004,33.60450895942999,50.406763439144996,1.3949999999999818,0.9299999999999878,4.476000000000077,0.9299999999999878,0.44063324538258575,1.30734639528485,30.395778364116094,0.30654809379486403,222.0,0.9483122362869199,2.7059496464465447,20.311630495269895,0.7215189873417721,0.125,,,0
be2ccdca713e,TheViper,2012,2012-01-06 (filename; uploaded 2012-01-07),team game,historical_119,4,TheViper,3,19,240,,1371,45.8545,30.569666666666667,29.89891940812788,44.84837911219182,0.9975000000001728,0.6650000000001152,5.146499999999983,0.5700000000000122,0.31605839416058396,1.3905072000036478,31.532846715328468,0.3229563074507404,222.0,0.9474835886214442,2.560081458725323,23.57473035439137,0.6797957695113056,0.12837345003646974,,,0
40cfbfe02398,TheViper,2021,2021-03 (HC4),1v1 tournament,hc4_viper,2,Ivaylo,5,59,120,True,1105,16.444399999999998,9.730413871728551,67.19612755710152,113.56145941649481,0.41800000000000637,0.24733726973210313,1.9181360297298085,0.11715975934677153,0.019927536231884056,1.0498958173836146,22.644927536231883,0.02966460720164121,222.0,0.9846153846153847,3.482019217977522,33.854645814167434,0.7529411764705882,0.04343891402714932,1.0,0.0,64
63e46229572d,TheViper,2021,2021-03 (HC4),1v1 tournament,hc4_viper,2,Ivaylo,16,59,120,True,2453,40.89503333333334,24.198243756626464,59.982834101288574,101.37099306342299,0.40300000000002,0.23846153038765786,2.284615307262213,0.1153846114779901,0.01631321370309951,1.409458989165413,26.916802610114193,0.06984589000620274,306.0,0.9425193640440277,3.134129740367908,27.131112072695803,0.6836526701997554,0.10110069302894414,1.0657894736842106,0.019736842105263157,304
3598af4f05ca,TheViper,2026,2026-09-30T15:48:39+00:00,1v1 ranked,viper_2026_session,1,Oni.TheViper,49,29,120,False,847,14.623050000000001,8.652692014727215,57.92225288158079,97.88861068420943,0.40300000000002,0.23846153038765786,2.25576915439281,0.11538461147792284,0.057919621749408984,1.3254169486800622,22.69503546099291,0.1356773495725355,510.0,0.9291617473435655,1.905132702742763,20.229007633587788,0.6623376623376623,0.030696576151121605,1.0,0.0,34
67f43712e111,TheViper,2026,2026-09-30T15:31:40+00:00,1v1 ranked,viper_2026_session,2,Oni.TheViper,28,216,120,True,1392,22.73115,13.450384159978013,61.237552873479785,103.49146786022173,0.41599999999994,0.24615383781947006,2.0461537768746476,0.11538461147792284,0.0035945363048166786,0.9382000822255631,24.73040977713875,0.04020474107117322,288.0,0.9892241379310345,2.8793097720000294,26.88953488372093,0.7880747126436781,0.035201149425287355,1.0,0.0,67
