game_id,player,year,context,cluster,window,core_cpm_nominal,move_order_commands,explicit_actor_commands,explicit_actor_coverage,actor_pair_count,same_actor_pair_count,actor_group_size_median,actor_group_size_p90,actor_group_ge10_fraction,actor_group_change_fraction,actor_overlap_jaccard_median,same_actor_gap_nominal_median_s,same_actor_recommand_under1s_fraction,commanded_actor_ids,destination_coordinate_coverage,destination_jump_diagonal_median,destination_jump_ge_quarter_diagonal_fraction,valid_target_order_fraction,distinct_order_target_ids,distinct_building_type_ids,distinct_research_type_ids,positive_de_queue_commands,requested_queue_unit_type_ids,explicitly_commanded_production_building_ids,production_command_revisit_nominal_median_s,positive_queue_amount_mean,build_commands_nominal_min,wall_commands_nominal_min,research_commands_nominal_min,market_commands_nominal_min
hc4_tatoh_vs_hera,TaToH,2021,tournament,HC4 Ro16 vs Hera,first 10 game minutes,101.23100342750548,573,231,0.4031413612565445,96,0,1.0,2.0,0.0,1.0,0.0,,,34,1.0,0.02594964639495593,0.038461538461538464,1.0,30,5,0,29,2,2,13.039052812958234,1.103448275862069,2.87300009727478,1.521000051498413,0.0,0.0
hc4_tatoh_vs_hera,TaToH,2021,tournament,HC4 Ro16 vs Hera,whole available replay,77.26021386508097,2688,1103,0.4103422619047619,435,7,2.0,12.0,0.13780598368087035,0.9839080459770115,0.0,1.110059134012814,0.42857142857142855,686,1.0,0.02801074001698806,0.10271678451804987,1.0,317,16,45,820,14,55,0.2485207016447362,1.0585365853658537,7.008170580517581,0.24333925626797157,1.4843694632346265,1.9710479757705697
lobby_509101119,TaToH,2026,tournament,vs CNZS_Donghaidi,first 10 game minutes,102.75200347900389,577,220,0.38128249566724437,111,28,1.0,3.0,0.0,0.7477477477477478,0.0,0.12307691890976866,0.8928571428571429,31,1.0,0.02341790469839604,0.11631944444444445,1.0,37,5,4,22,1,1,9.853845820212078,1.0,1.6900000572204588,1.521000051498413,1.0140000343322753,0.33800001144409175
lobby_509101119,TaToH,2026,tournament,vs CNZS_Donghaidi,whole available replay,92.8645188274832,1394,612,0.43902439024390244,310,105,2.0,6.0,0.0392156862745098,0.6612903225806451,0.0,0.12307691890976866,0.9428571428571428,85,1.0,0.025699743806947263,0.11844938980617373,1.0,137,12,17,149,6,10,5.349999818858274,1.0,3.195866961634101,0.8604257204399502,1.5364745007856255,0.5531308202828251
lobby_509105894,TaToH,2026,tournament,vs CNZS_Donghaidi,first 10 game minutes,80.78200273513794,427,156,0.36533957845433257,78,22,1.0,2.0,0.00641025641025641,0.717948717948718,0.0,0.23846153038762422,0.9545454545454546,26,1.0,0.02675228498025835,0.09859154929577464,1.0,35,7,5,13,1,1,18.50384552733815,1.0,1.6900000572204588,0.0,1.352000045776367,0.0
lobby_509105894,TaToH,2026,tournament,vs CNZS_Donghaidi,whole available replay,77.68373934635143,1932,1020,0.5279503105590062,665,225,4.0,20.0,0.3264705882352941,0.6616541353383458,0.0,0.1242603508223681,0.96,321,1.0,0.03004626062886658,0.09114448472294148,1.0,230,18,42,453,9,26,3.197041311871965,1.0,6.7565692810976365,0.2689181803421945,2.117730670194782,1.6471238545959412
lobby_509112691,TaToH,2026,tournament,vs CNZS_Donghaidi,first 10 game minutes,108.83600368499755,639,276,0.431924882629108,179,97,4.0,9.0,0.08695652173913043,0.4581005586592179,1.0,0.12307691890976866,0.9175257731958762,37,1.0,0.006365928786961709,0.003134796238244514,1.0,43,3,1,32,1,1,9.853845820212094,1.0,0.6760000228881835,0.0,0.16900000572204588,0.0
lobby_509112691,TaToH,2026,tournament,vs CNZS_Donghaidi,whole available replay,108.44728703927497,720,312,0.43333333333333335,201,109,5.0,9.0,0.09935897435897435,0.4577114427860697,1.0,0.12307691890975185,0.8990825688073395,40,1.0,0.005833420746540745,0.004172461752433936,1.0,52,3,1,34,1,1,10.45384579989712,1.0,0.7458547939427439,0.1491709587885488,0.1491709587885488,0.0
lobby_510770026,TaToH,2026,tournament,vs Lamo,first 10 game minutes,104.44200353622435,589,187,0.3174872665534805,85,17,1.0,3.0,0.0053475935828877,0.8,0.0,0.2461538378195037,0.8235294117647058,35,1.0,0.018459673571855233,0.03741496598639456,1.0,31,8,5,27,3,3,16.465384057895385,1.0,3.042000102996826,0.8450000286102294,0.8450000286102294,0.0
lobby_510770026,TaToH,2026,tournament,vs Lamo,whole available replay,107.03216170218683,808,308,0.3811881188118812,145,31,1.0,5.0,0.003246753246753247,0.7862068965517242,0.0,0.23846153038765786,0.9032258064516129,48,1.0,0.01861122908338986,0.03841387856257745,1.0,46,10,7,39,3,3,16.465384057895385,1.0,3.651685516898139,0.6296009511893343,0.881441331665068,0.0
lobby_510771979,TaToH,2026,tournament,vs Lamo,first 10 game minutes,88.21800298690795,493,215,0.43610547667342797,104,24,1.0,2.5999999999999943,0.0,0.7692307692307693,0.0,0.23846153038764367,0.875,33,1.0,0.028927024946128206,0.12195121951219512,1.0,48,6,4,24,3,4,12.561538036226644,1.0,1.6900000572204588,2.0280000686645505,0.6760000228881835,0.0
lobby_510771979,TaToH,2026,tournament,vs Lamo,whole available replay,85.58356019943177,1888,913,0.4835805084745763,462,108,3.0,14.0,0.19386637458926614,0.7662337662337663,0.0,0.24378697399427118,0.8518518518518519,203,1.0,0.031162118494704925,0.127715951245363,1.0,213,14,28,264,8,26,3.636686267400786,1.0,4.036183301031913,0.6177831583212111,1.3591229483066645,0.8237108777616148
lobby_510777842,TaToH,2026,tournament,vs Lamo,first 10 game minutes,88.04900298118591,461,105,0.227765726681128,51,19,1.0,1.0,0.009523809523809525,0.6274509803921569,0.0,0.12307691890973503,1.0,25,1.0,0.022518435897479566,0.08260869565217391,1.0,32,7,4,14,1,1,13.699999536141858,1.0,1.8590000629425047,0.0,1.1830000400543212,0.0
lobby_510777842,TaToH,2026,tournament,vs Lamo,whole available replay,78.50729096009937,965,339,0.35129533678756475,186,48,1.0,6.0,0.0058997050147492625,0.7419354838709677,0.0,0.12307691890975185,0.9375,95,1.0,0.029316510207752028,0.08609958506224066,1.0,79,13,18,139,5,12,5.646153654984927,1.0,7.328251878730105,0.0,2.035625521869474,0.5428334724985263
lobby_510988467,TaToH,2026,tournament,vs wR.Capoch,first 10 game minutes,104.44200353622435,579,229,0.3955094991364421,148,37,1.0,4.0,0.0,0.75,0.0,0.23846153038765786,0.972972972972973,30,1.0,0.007344054081157535,0.03806228373702422,1.0,48,8,4,23,1,1,14.903845649227875,1.0,2.87300009727478,1.521000051498413,0.8450000286102294,0.0
lobby_510988467,TaToH,2026,tournament,vs wR.Capoch,whole available replay,85.94097110141001,1822,863,0.47365532381997805,538,165,1.0,8.0,0.0880648899188876,0.6933085501858736,0.0,0.1242603508223681,0.9212121212121213,176,1.0,0.01971033139178971,0.09719934102141681,1.0,192,19,30,244,8,16,5.1266270453563685,1.0,6.648728423318253,1.026038336931829,1.764785939522746,0.4104153347727317
lobby_510992933,TaToH,2026,tournament,vs wR.Capoch,first 10 game minutes,96.33000326156615,536,213,0.39738805970149255,119,33,1.0,3.0,0.004694835680751174,0.7226890756302521,0.0,0.2384615303875906,0.8787878787878788,37,1.0,0.014323597363633355,0.11775700934579439,1.0,45,7,5,35,3,4,13.699999536141853,1.0,2.3660000801086425,1.8590000629425047,1.352000045776367,0.0
lobby_510992933,TaToH,2026,tournament,vs wR.Capoch,whole available replay,79.73744671554053,1460,702,0.4808219178082192,383,96,2.0,8.0,0.07977207977207977,0.7493472584856397,0.0,0.1236686348660852,0.84375,167,1.0,0.02534484387624258,0.16175462645647704,1.0,156,17,30,243,12,17,6.737277878396487,1.0,5.147484379931362,0.5341729073513678,1.8938857624275767,0.6312952541425255
lobby_510997318,TaToH,2026,tournament,vs wR.Capoch,first 10 game minutes,112.7230038166046,626,235,0.3753993610223642,113,18,1.0,3.0,0.0,0.8407079646017699,0.0,0.23846153038764945,1.0,37,1.0,0.018139297915270695,0.0896,1.0,28,6,3,32,3,3,13.215384167934708,1.0,3.3800001144409175,2.3660000801086425,1.0140000343322753,0.0
lobby_510997318,TaToH,2026,tournament,vs wR.Capoch,whole available replay,104.59049899120161,1609,802,0.49844623990055936,456,122,2.0,5.0,0.0024937655860349127,0.7324561403508771,0.0,0.1230769189098023,0.8934426229508197,87,1.0,0.016464892711852138,0.06654228855721393,1.0,121,13,15,106,8,9,13.576922617232066,1.0,4.125379310557836,0.9706774848371379,1.2133468560464225,0.3640040568139267
lobby_511040166,TaToH,2026,tournament,vs TAG_Sora Kuma,first 10 game minutes,60.840002059936516,340,128,0.3764705882352941,70,26,1.0,2.0,0.0,0.6285714285714286,0.0,0.18076922464870485,0.9230769230769231,31,1.0,0.03679418748158529,0.08849557522123894,1.0,40,6,1,39,2,4,14.542307199930484,1.0,2.87300009727478,0.0,0.16900000572204588,0.0
lobby_511040166,TaToH,2026,tournament,vs TAG_Sora Kuma,whole available replay,74.0015906057244,1605,795,0.4953271028037383,478,138,2.0,10.0,0.10314465408805032,0.7112970711297071,0.0,0.1242603508223681,0.9057971014492754,217,1.0,0.036998434028978726,0.10536159600997506,1.0,198,19,31,241,14,24,8.194082562799284,1.0,5.326803310489575,0.08195082016137807,1.8438934536310068,0.6556065612910246
lobby_511046560,TaToH,2026,tournament,vs TAG_Sora Kuma,first 10 game minutes,110.69500374794005,626,267,0.426517571884984,152,24,1.0,2.0,0.003745318352059925,0.8421052631578947,0.0,0.23846153038765786,0.875,31,1.0,0.03180128249871199,0.0912,1.0,32,7,4,23,1,1,7.507692053494917,1.0,2.704000091552734,0.33800001144409175,1.0140000343322753,0.0
lobby_511046560,TaToH,2026,tournament,vs TAG_Sora Kuma,whole available replay,81.6576267244101,1944,1006,0.5174897119341564,628,165,2.0,14.0,0.1878727634194831,0.7372611464968153,0.0,0.1242603508223681,0.8787878787878788,264,1.0,0.03156392811394047,0.10138960370560988,1.0,235,17,31,360,9,25,4.535502805015628,1.0222222222222221,6.581792765209317,0.36163696512139104,1.735857432582677,1.9890033081676508
lobby_511053797,TaToH,2026,tournament,vs TAG_Sora Kuma,first 10 game minutes,99.03400335311889,552,210,0.3804347826086957,126,31,1.0,3.0,0.004761904761904762,0.753968253968254,0.0,0.2461538378195373,0.9354838709677419,35,1.0,0.013056946231177967,0.05989110707803993,1.0,42,7,3,26,2,2,13.82307645505163,1.0,2.704000091552734,2.0280000686645505,0.5070000171661376,0.0
lobby_511053797,TaToH,2026,tournament,vs TAG_Sora Kuma,whole available replay,83.82472856900627,1062,536,0.504708097928437,359,123,1.0,6.0,0.0018656716417910447,0.6573816155988857,0.0,0.23846153038765786,0.8861788617886179,72,1.0,0.014857016199419811,0.117813383600377,1.0,125,13,9,67,3,3,16.165384068052845,1.0,3.6567834610640317,2.672264836931408,0.773550347532776,0.421936553199696
lobby_511057711,TaToH,2026,tournament,vs TAG_Sora Kuma,first 10 game minutes,108.16000366210936,601,219,0.3643926788685524,100,14,1.0,3.200000000000017,0.0045662100456621,0.86,0.0,0.23846153038764523,0.9285714285714286,36,1.0,0.019925966065910086,0.06333333333333334,1.0,36,7,3,29,3,3,17.849999395630093,1.0,3.2110001087188715,2.1970000743865965,0.6760000228881835,0.0
lobby_511057711,TaToH,2026,tournament,vs TAG_Sora Kuma,whole available replay,95.12870218555452,1936,984,0.5082644628099173,570,146,4.0,9.0,0.08434959349593496,0.743859649122807,0.0,0.23846153038764523,0.9657534246575342,160,1.0,0.023693293505571998,0.10129198966408269,1.0,185,16,21,225,6,12,7.214792655128085,1.0355555555555556,4.945253894334119,0.71930965735769,1.5285330218850914,0.3146979750939894
ranked_502637707,TaToH,2026,ranked,day 2026-08-28,first 10 game minutes,104.9490035533905,609,209,0.34318555008210183,98,7,1.0,3.0,0.0,0.9285714285714286,0.0,0.3615384492974265,0.8571428571428571,37,1.0,0.030781245589656094,0.12335526315789473,1.0,26,6,2,15,1,1,14.361537975281777,1.2,1.521000051498413,0.0,0.5070000171661376,0.0
ranked_502637707,TaToH,2026,ranked,day 2026-08-28,whole available replay,90.33002151045447,2064,833,0.40358527131782945,404,100,2.0,11.0,0.12605042016806722,0.7524752475247525,0.0,0.23846153038752332,0.79,147,1.0,0.023141944336498844,0.0838584585555017,1.0,153,17,19,180,8,15,6.5201181224352815,1.0166666666666666,4.096870196202911,0.4773052655770382,0.9546105311540763,1.5910175519234606
ranked_502643690,TaToH,2026,ranked,day 2026-08-28,first 10 game minutes,73.17700247764587,405,179,0.4419753086419753,92,10,1.0,3.0,0.00558659217877095,0.8913043478260869,0.0,0.3653846030133242,0.8,44,1.0,0.02972458594900714,0.01485148514851485,1.0,25,7,3,21,2,2,15.62307639410674,1.0,2.3660000801086425,1.1830000400543212,0.6760000228881835,0.0
ranked_502643690,TaToH,2026,ranked,day 2026-08-28,whole available replay,74.18593603757037,932,414,0.44420600858369097,212,51,2.0,4.0,0.0024154589371980675,0.7594339622641509,0.0,0.12307691890973503,0.8235294117647058,72,1.0,0.02649147720185075,0.05155746509129968,1.0,77,13,11,55,3,3,17.546153252071644,1.0,3.405018548599421,1.3764968600721064,0.8693664379402777,0.36223601580844905
ranked_502647651,TaToH,2026,ranked,day 2026-08-28,first 10 game minutes,109.00500369071959,624,245,0.3926282051282051,133,24,1.0,3.0,0.0,0.8195488721804511,0.0,0.2461538378195037,0.9166666666666666,39,1.0,0.03260055741843511,0.12520064205457465,1.0,36,5,2,29,2,2,12.376922657862032,1.0,1.6900000572204588,1.0140000343322753,0.33800001144409175,0.0
ranked_502647651,TaToH,2026,ranked,day 2026-08-28,whole available replay,88.53029285803103,1634,689,0.42166462668298654,373,64,1.0,7.0,0.06821480406386067,0.8284182305630027,0.0,0.23905324634400804,0.953125,150,1.0,0.03260055741843511,0.12186160440906307,1.0,147,18,29,199,9,12,6.00769210428232,1.0,5.50243773590426,0.34390235849401624,1.670382884113793,0.39303126685030426
ranked_503419779,TaToH,2026,ranked,day 2026-08-31,first 10 game minutes,118.80700402259825,685,193,0.28175182481751826,83,13,1.0,2.8000000000000114,0.0,0.8433734939759037,0.0,0.23846153038762422,0.9230769230769231,30,1.0,0.012472515273297822,0.06286549707602339,1.0,28,5,4,23,2,2,16.707691741998936,1.2608695652173914,2.0280000686645505,0.0,0.8450000286102294,0.0
ranked_503419779,TaToH,2026,ranked,day 2026-08-31,whole available replay,96.26225869700814,1414,459,0.3246110325318246,209,49,1.0,4.0,0.004357298474945534,0.7655502392344498,0.0,0.23846153038764104,0.8979591836734694,95,1.0,0.01885020291850373,0.09483368719037509,1.0,108,16,16,139,9,12,5.915384415099901,1.0431654676258992,4.813112934850407,0.12666086670658966,1.1399478003593069,0.379982600119769
ranked_503596731,TaToH,2026,ranked,day 2026-09-01,first 10 game minutes,107.99100365638732,627,152,0.24242424242424243,63,7,1.0,2.9000000000000057,0.0,0.8888888888888888,0.0,0.12307691890975185,1.0,34,1.0,0.00975873543572982,0.020766773162939296,1.0,28,3,2,25,2,3,15.026922568137621,1.24,1.521000051498413,0.0,0.5070000171661376,0.0
ranked_503596731,TaToH,2026,ranked,day 2026-09-01,whole available replay,95.09322379137059,1274,419,0.32888540031397173,207,49,1.0,6.0,0.02386634844868735,0.7632850241545893,0.0,0.23846153038765786,0.8775510204081632,76,1.0,0.01700258779832064,0.09897879025923016,1.0,87,9,15,86,6,10,16.09999945488194,1.069767441860465,1.9275653471223768,0.14278261830536124,1.2850435647482512,0.571130473221445
ranked_503599836,TaToH,2026,ranked,day 2026-09-01,first 10 game minutes,130.8060044288635,764,205,0.2683246073298429,85,6,1.0,2.0,0.0,0.9294117647058824,0.0,0.18076922464868803,0.8333333333333334,31,1.0,0.008225930742872577,0.022280471821756225,1.0,26,4,2,20,1,1,12.738461107159416,1.0,1.1830000400543212,0.0,0.5070000171661376,0.0
ranked_503599836,TaToH,2026,ranked,day 2026-09-01,whole available replay,91.84511517618061,1436,489,0.34052924791086353,245,33,1.0,5.0,0.012269938650306749,0.8653061224489796,0.0,0.23846153038765786,0.7878787878787878,90,1.0,0.016285457204767557,0.08153310104529617,1.0,99,12,9,121,4,7,6.866567814847192,1.0,3.302021451074403,0.0,0.672633999292934,0.0
ranked_505288489,TaToH,2026,ranked,day 2026-09-08,first 10 game minutes,89.9080030441284,517,184,0.35589941972920697,106,23,1.0,2.700000000000017,0.005434782608695652,0.7830188679245284,0.0,0.12307691890976866,0.8260869565217391,34,1.0,0.02237705933471998,0.1182170542635659,1.0,34,5,2,21,1,1,12.438461117316884,1.4285714285714286,1.6900000572204588,0.0,0.5070000171661376,0.0
ranked_505288489,TaToH,2026,ranked,day 2026-09-08,whole available replay,84.47991922540336,938,429,0.4573560767590618,264,80,1.0,3.0,0.002331002331002331,0.696969696969697,0.0,0.1230769189098023,0.8875,53,1.0,0.02283581002283138,0.08004268943436499,1.0,81,10,5,49,5,4,14.661537965124296,1.183673469387755,2.315693217346082,0.857664154572623,0.6003649082008361,0.0
ranked_506421735,TaToH,2026,ranked,day 2026-09-13,first 10 game minutes,121.84900412559507,696,211,0.3031609195402299,82,10,1.0,3.0,0.0,0.8780487804878049,0.0,0.12307691890976866,1.0,33,1.0,0.015455283282604086,0.050359712230215826,1.0,25,5,3,20,3,3,16.22307637379179,1.3,1.6900000572204588,1.8590000629425047,0.5070000171661376,0.0
ranked_506421735,TaToH,2026,ranked,day 2026-09-13,whole available replay,91.01872850277248,2620,1240,0.4732824427480916,641,148,3.0,13.0,0.15161290322580645,0.7691107644305772,0.0,0.23846153038765786,0.8851351351351351,416,1.0,0.025290065274889483,0.1332569683085147,1.0,244,15,42,469,10,34,3.6781063843413957,1.0639658848614073,7.312092810810966,0.5507015506050099,1.529726529458361,0.979024978853351
ranked_506683393,TaToH,2026,ranked,day 2026-09-14,first 10 game minutes,128.10200433731077,729,231,0.3168724279835391,118,25,1.0,4.0,0.0,0.788135593220339,0.0,0.23846153038765786,0.8,41,1.0,0.01891396712599281,0.005494505494505495,1.0,35,4,2,23,2,2,14.907691802943807,1.2608695652173914,1.521000051498413,2.0280000686645505,0.6760000228881835,0.0
ranked_506683393,TaToH,2026,ranked,day 2026-09-14,whole available replay,95.3296385541971,1613,714,0.4426534407935524,411,94,1.0,4.0,0.014005602240896359,0.7712895377128953,0.0,0.23846153038765786,0.8723404255319149,133,1.0,0.022978782241471762,0.06699751861042183,1.0,120,15,15,156,7,10,7.092307452174565,1.0384615384615385,3.848370645209802,0.8246508525449576,1.1545111935629406,0.49479051152697456
ranked_506687982,TaToH,2026,ranked,day 2026-09-14,first 10 game minutes,101.56900343894958,580,215,0.3706896551724138,122,23,1.0,3.0,0.013953488372093023,0.8114754098360656,0.0,0.23846153038764104,0.9130434782608695,38,1.0,0.025343185641210533,0.13471502590673576,1.0,31,6,2,32,2,2,13.580768770948035,1.0,2.0280000686645505,0.8450000286102294,0.5070000171661376,0.0
ranked_506687982,TaToH,2026,ranked,day 2026-09-14,whole available replay,74.10340321700717,1735,949,0.5469740634005764,619,177,2.0,12.0,0.13593256059009484,0.7140549273021002,0.0,0.13017751038519706,0.8757062146892656,280,1.0,0.031178360210924287,0.08938869665513265,1.0,239,18,33,357,16,25,2.9147928007184314,1.0,4.982366297581014,0.6692730847496884,2.193728444457312,0.7064549227913378
ranked_506700185,TaToH,2026,ranked,day 2026-09-14,first 10 game minutes,88.55600299835204,511,154,0.3013698630136986,65,7,1.0,3.0,0.0,0.8923076923076924,0.0,0.23846153038765786,1.0,35,1.0,0.026598078840983523,0.08431372549019608,1.0,27,5,2,24,2,2,14.907691802943795,1.125,1.8590000629425047,0.0,0.33800001144409175,0.0
ranked_506700185,TaToH,2026,ranked,day 2026-09-14,whole available replay,86.50415861507518,1188,493,0.414983164983165,238,55,2.0,8.0,0.0,0.7689075630252101,0.0,0.1230769189098023,0.8363636363636363,86,1.0,0.02095681677825975,0.07329401853411963,1.0,111,15,16,81,5,4,16.107691762313884,1.037037037037037,4.282384089855207,1.1858909787291343,1.1858909787291343,0.46117982506133004
ranked_506837938,TaToH,2026,ranked,day 2026-09-15,first 10 game minutes,101.73800344467162,588,165,0.28061224489795916,82,20,1.0,2.0,0.0,0.7560975609756098,0.0,0.12307691890976866,1.0,31,1.0,0.015212786346517897,0.06984667802385008,1.0,26,5,3,25,3,2,14.184614904349013,1.24,1.6900000572204588,0.0,0.6760000228881835,0.0
ranked_506837938,TaToH,2026,ranked,day 2026-09-15,whole available replay,93.0705117321018,1640,643,0.39207317073170733,342,122,2.0,12.0,0.16174183514774496,0.6432748538011696,0.0,0.23846153038752332,0.9016393442622951,105,1.0,0.01833387166174493,0.06650396583282489,1.0,124,17,15,106,8,6,13.823076455051638,1.0566037735849056,3.456904721478067,0.47864834605080925,1.2232124399076236,0.6381977947344124
ranked_506842626,TaToH,2026,ranked,day 2026-09-15,first 10 game minutes,92.27400312423705,533,173,0.324577861163227,77,14,1.0,2.0,0.0,0.8181818181818182,0.0,0.4807692144912218,0.8571428571428571,35,1.0,0.011795969218293432,0.005639097744360902,1.0,34,3,0,36,2,3,18.86923013035148,1.0,2.1970000743865965,0.0,0.0,0.0
ranked_506842626,TaToH,2026,ranked,day 2026-09-15,whole available replay,74.86592105437369,1371,598,0.4361779722830051,307,68,1.0,12.0,0.12374581939799331,0.7785016286644951,0.0,0.18313608847392893,0.8382352941176471,216,0.9700948212983224,0.022982328402351333,0.08803611738148984,1.0,155,16,20,253,11,17,7.6923074318595495,1.0,3.8237970430997317,0.0,1.3081410936920135,0.6540705468460067
ranked_506874133,TaToH,2026,ranked,day 2026-09-15,first 10 game minutes,86.69700293540953,462,137,0.29653679653679654,63,12,1.0,3.0,0.0,0.8095238095238095,0.0,0.12307691890976236,0.8333333333333334,39,1.0,0.012295352130305973,0.021691973969631236,1.0,32,4,1,35,2,2,13.58461492466398,1.1714285714285715,2.535000085830688,0.33800001144409175,0.16900000572204588,0.5070000171661376
ranked_506874133,TaToH,2026,ranked,day 2026-09-15,whole available replay,69.63797955931236,1591,761,0.4783155248271527,431,121,2.0,26.0,0.19579500657030224,0.7192575406032483,0.0,0.12603549869121677,0.8925619834710744,420,1.0,0.021626604872174455,0.05220125786163522,1.0,188,19,43,472,14,33,2.680473282024754,1.0423728813559323,6.574956445701572,0.45953996663505614,2.191652148567191,1.0604768460808989
ranked_506880558,TaToH,2026,ranked,day 2026-09-15,first 10 game minutes,102.75200347900389,579,185,0.31951640759930916,91,21,1.0,3.0,0.0,0.7692307692307693,0.0,0.24615383781947006,0.8095238095238095,31,1.0,0.01723557974956797,0.09688581314878893,1.0,36,5,3,21,2,2,13.099999556456819,1.2857142857142858,1.8590000629425047,1.8590000629425047,0.5070000171661376,0.0
ranked_506880558,TaToH,2026,ranked,day 2026-09-15,whole available replay,80.9356171234012,1774,838,0.47237880496054113,467,154,2.5,10.0,0.15274463007159905,0.6702355460385439,0.0,0.23846153038765786,0.922077922077922,213,1.0,0.024440389091699502,0.10265087422447829,1.0,206,18,32,275,8,17,3.978698090140372,1.0218181818181817,6.397917357475459,1.0597777217904134,1.7270451762510441,1.13827977525637
ranked_506885930,TaToH,2026,ranked,day 2026-09-15,first 10 game minutes,94.64000320434569,538,158,0.2936802973977695,69,13,1.0,2.3000000000000114,0.006329113924050633,0.8115942028985508,0.0,0.23846153038764104,1.0,28,1.0,0.017744242031917067,0.09497206703910614,1.0,19,7,3,22,2,2,14.607691813101283,1.2727272727272727,2.535000085830688,0.0,1.0140000343322753,0.0
ranked_506885930,TaToH,2026,ranked,day 2026-09-15,whole available replay,74.43081448838298,1952,954,0.4887295081967213,607,195,1.0,6.0,0.040880503144654086,0.6787479406919276,0.0,0.23846153038762422,0.9179487179487179,302,1.0,0.02459601234414526,0.08918503331624808,1.0,231,20,28,413,12,25,3.3266271063011486,1.0145278450363195,6.161815128473229,0.5542373395981212,1.4344966436657254,1.1410768756431906
ranked_506894055,TaToH,2026,ranked,day 2026-09-15,first 10 game minutes,92.61200313568114,537,182,0.33891992551210426,75,7,1.0,4.0,0.0,0.9066666666666666,0.0,0.36153844929739287,1.0,35,1.0,0.036569749824661144,0.13059701492537312,1.0,22,4,2,23,2,2,15.14615333333145,1.2608695652173914,1.521000051498413,0.0,0.33800001144409175,0.0
ranked_506894055,TaToH,2026,ranked,day 2026-09-15,whole available replay,94.3993851969713,1073,456,0.4249767008387698,225,57,1.0,5.0,0.0,0.7466666666666667,0.0,0.23846153038765786,0.8947368421052632,70,1.0,0.020387491024800704,0.10820895522388059,1.0,83,7,10,76,4,4,15.623076394106757,1.0789473684210527,3.6822455218676744,0.0,0.8368739822426533,0.0
ranked_506897408,TaToH,2026,ranked,day 2026-09-15,first 10 game minutes,75.71200256347656,422,159,0.3767772511848341,83,13,1.0,5.0,0.0,0.8433734939759037,0.0,0.12307691890976866,0.9230769230769231,79,1.0,0.051180918270774825,0.12589073634204276,1.0,32,6,2,59,1,2,6.430769013034585,1.1355932203389831,3.5490001201629635,0.5070000171661376,0.33800001144409175,0.0
ranked_506897408,TaToH,2026,ranked,day 2026-09-15,whole available replay,68.05496367162417,803,381,0.47447073474470736,229,50,2.0,6.0,0.005249343832020997,0.7816593886462883,0.0,0.12307691890978548,0.86,139,1.0,0.041008689671739235,0.10099750623441396,1.0,87,18,16,149,6,10,6.907692073809871,1.0536912751677852,7.133033625475046,0.21835817220841977,1.3829350906533253,0.0727860574028066
ranked_507064675,TaToH,2026,ranked,day 2026-09-16,first 10 game minutes,110.35700373649595,637,206,0.32339089481946626,109,23,1.0,3.0,0.0048543689320388345,0.7889908256880734,0.0,0.23846153038762422,0.9130434782608695,32,1.0,0.018057328134218224,0.10377358490566038,1.0,34,5,1,23,1,1,11.357691923140623,1.2608695652173914,2.1970000743865965,0.0,0.5070000171661376,0.0
ranked_507064675,TaToH,2026,ranked,day 2026-09-16,whole available replay,102.77148511443278,1838,701,0.38139281828073995,383,113,1.0,10.0,0.11982881597717546,0.7049608355091384,0.0,0.1230769189098023,0.911504424778761,157,1.0,0.02319334286447365,0.12955906369080022,1.0,147,16,23,217,4,14,4.93076906382202,1.0460829493087558,6.312744785898819,0.3535137080103339,1.8180704983388598,0.3030117497231433
ranked_507070391,TaToH,2026,ranked,day 2026-09-16,first 10 game minutes,113.23000383377074,659,203,0.30804248861911987,81,4,1.0,3.0,0.014778325123152709,0.9506172839506173,0.0,0.24230768410356396,1.0,31,1.0,0.014857838834790176,0.07446808510638298,1.0,30,5,1,17,1,1,15.80384561875542,1.1764705882352942,1.6900000572204588,0.0,0.16900000572204588,0.0
ranked_507070391,TaToH,2026,ranked,day 2026-09-16,whole available replay,103.24694600301169,1719,536,0.31180919139034324,238,37,1.0,5.0,0.03731343283582089,0.8445378151260504,0.0,0.23846153038765786,0.918918918918919,113,1.0,0.020341776616778152,0.09254947613504075,1.0,107,11,20,181,4,13,5.292307513119346,1.0165745856353592,6.549246574817905,0.0,1.3208564520641153,0.49532116952404326
ranked_507075120,TaToH,2026,ranked,day 2026-09-16,first 10 game minutes,106.63900361061096,618,216,0.34951456310679613,104,25,1.0,2.0,0.0,0.7596153846153846,0.0,0.12307691890975185,0.92,39,0.8155339805825242,0.008680567423597971,0.007952286282306162,1.0,38,3,0,43,3,3,12.97692263754705,1.1395348837209303,2.1970000743865965,0.0,0.0,0.0
ranked_507075120,TaToH,2026,ranked,day 2026-09-16,whole available replay,76.71290056614315,1503,692,0.46041250831669994,367,119,2.0,12.0,0.1329479768786127,0.6757493188010899,0.0,0.1230769189098023,0.9411764705882353,243,0.8596141051230871,0.019939562169860446,0.07978311386522076,1.0,177,12,27,297,10,20,5.06775130770474,1.02020202020202,3.847374829616965,0.0,1.8767682095692513,0.4222728471530815
ranked_507093584,TaToH,2026,ranked,day 2026-09-16,first 10 game minutes,122.18700413703917,701,253,0.3609129814550642,125,20,1.0,3.0,0.0,0.84,0.0,0.4192307550363375,0.9,34,1.0,0.014979993969536105,0.06428571428571428,1.0,45,6,2,22,2,2,14.180768750633074,1.1363636363636365,2.1970000743865965,1.0140000343322753,0.33800001144409175,0.0
ranked_507093584,TaToH,2026,ranked,day 2026-09-16,whole available replay,116.19130744255327,896,368,0.4107142857142857,193,43,1.0,4.0,0.0,0.7772020725388601,0.0,0.12307691890973503,0.8604651162790697,44,1.0,0.015812883462835152,0.08603351955307263,1.0,60,7,4,32,3,2,14.180768750633074,1.09375,2.384054904328847,0.7528594434722674,0.5019062956481782,0.0
ranked_508468284,TaToH,2026,ranked,day 2026-09-22,first 10 game minutes,102.41400346755981,591,186,0.3147208121827411,81,13,1.0,2.0,0.005376344086021506,0.8395061728395061,0.0,0.23846153038765786,0.9230769230769231,29,1.0,0.013263222553833547,0.015254237288135594,1.0,27,6,4,26,2,2,13.038461097001939,1.0,1.6900000572204588,0.16900000572204588,0.6760000228881835,0.0
ranked_508468284,TaToH,2026,ranked,day 2026-09-22,whole available replay,86.02900318543212,2082,788,0.37848222862632086,385,93,2.0,16.0,0.16624365482233502,0.7584415584415585,0.0,0.23846153038765786,0.8387096774193549,286,1.0,0.02571920109379959,0.09899086977414705,1.0,200,18,36,336,9,21,3.969230634839577,1.1041666666666667,6.074775277787384,0.2910071989359226,1.5277877944135936,1.0549010961427194
ranked_508883926,TaToH,2026,ranked,day 2026-09-24,first 10 game minutes,115.76500391960143,666,201,0.30180180180180183,81,8,1.0,3.0,0.0,0.9012345679012346,0.0,0.12307691890975184,0.75,31,1.0,0.016493979757198667,0.04962406015037594,1.0,27,6,4,23,2,2,13.938461066529493,1.2608695652173914,1.8590000629425047,0.33800001144409175,0.8450000286102294,0.0
ranked_508883926,TaToH,2026,ranked,day 2026-09-24,whole available replay,116.34594510273051,2472,1018,0.41181229773462785,474,122,4.0,10.0,0.12475442043222004,0.7426160337552743,0.0,0.1230769189098023,0.9016393442622951,195,1.0,0.019458577742628748,0.05139619587211655,1.0,174,15,23,231,7,9,8.653845860841994,1.025974025974026,4.954656217302592,0.22119000970100858,1.1501880504452446,0.22119000970100858
ranked_508889323,TaToH,2026,ranked,day 2026-09-24,first 10 game minutes,126.07400426864622,718,197,0.2743732590529248,86,11,1.0,2.0,0.005076142131979695,0.872093023255814,0.0,0.23846153038765786,0.9090909090909091,26,1.0,0.013798506757884733,0.03905160390516039,1.0,26,6,3,22,3,3,14.184614904348997,1.0,2.1970000743865965,1.521000051498413,0.5070000171661376,0.0
ranked_508889323,TaToH,2026,ranked,day 2026-09-24,whole available replay,122.75102305202324,1620,616,0.3802469135802469,297,76,1.0,9.0,0.045454545454545456,0.7441077441077442,0.0,0.29999998984249177,0.881578947368421,62,1.0,0.01627968709175811,0.026559604694255712,1.0,88,10,11,75,5,5,14.542307199930484,1.0,3.178955276214846,0.722489835503374,0.9392367861543862,0.2167469506510122
ranked_508893295,TaToH,2026,ranked,day 2026-09-24,first 10 game minutes,115.59600391387939,653,207,0.3169984686064318,104,19,1.0,2.0,0.0,0.8173076923076923,0.0,0.2461538378195037,0.9473684210526315,31,1.0,0.023895181196326512,0.0950920245398773,1.0,36,4,3,24,2,2,11.657691912983152,1.125,2.0280000686645505,2.1970000743865965,0.6760000228881835,0.0
ranked_508893295,TaToH,2026,ranked,day 2026-09-24,whole available replay,99.04057989456389,2015,915,0.45409429280397023,514,131,2.0,10.0,0.10819672131147541,0.745136186770428,0.0,0.1230769189098023,0.9465648854961832,174,1.0,0.026794480139156196,0.09731876861966236,1.0,179,14,24,260,9,12,5.5230767360750574,1.0115384615384615,5.556150074227538,0.8819285832107203,1.4551821622976886,0.4850607207658962
ranked_508899243,TaToH,2026,ranked,day 2026-09-24,first 10 game minutes,111.37100377082824,631,223,0.35340729001584786,118,22,1.0,3.0,0.0,0.8135593220338984,0.0,0.23846153038765786,0.9545454545454546,32,1.0,0.015316645231831754,0.044444444444444446,1.0,28,5,4,20,2,2,15.807691772471367,1.15,1.8590000629425047,1.6900000572204588,0.6760000228881835,0.0
ranked_508899243,TaToH,2026,ranked,day 2026-09-24,whole available replay,111.36065056697421,1259,547,0.4344718030182685,287,56,1.0,7.0,0.03290676416819013,0.8048780487804879,0.0,0.23846153038765786,0.9464285714285714,65,1.0,0.017014990772334544,0.09777424483306836,1.0,88,9,10,60,4,3,15.261537944809346,1.05,3.7537297943923895,0.8341621765316422,0.9175783941848064,0.0
ranked_508902656,TaToH,2026,ranked,day 2026-09-24,first 10 game minutes,115.93400392532347,660,249,0.37727272727272726,130,25,1.0,2.0,0.0,0.8076923076923077,0.0,0.12307691890975185,0.92,33,1.0,0.019627456911441757,0.07283763277693475,1.0,43,4,2,27,1,1,12.138461127474375,1.2222222222222223,1.6900000572204588,2.1970000743865965,0.5070000171661376,0.0
ranked_508902656,TaToH,2026,ranked,day 2026-09-24,whole available replay,77.63942394099399,1249,546,0.4371497197758207,306,80,1.0,8.0,0.06776556776556776,0.738562091503268,0.0,0.1230769189098023,0.8375,96,1.0,0.02051112795590498,0.08413461538461539,1.0,128,12,12,130,4,7,9.615384289824437,1.0461538461538462,3.8876883858524236,0.7432345443541398,0.9147502084358644,0.057171888027241526
ranked_508907620,TaToH,2026,ranked,day 2026-09-24,first 10 game minutes,106.63900361061096,612,225,0.36764705882352944,111,15,1.0,2.0,0.0,0.8648648648648649,0.0,0.12307691890975185,0.9333333333333333,30,1.0,0.027791339490960795,0.03273322422258593,1.0,35,5,3,18,2,2,16.16923022176877,1.1666666666666667,1.6900000572204588,0.8450000286102294,0.5070000171661376,0.0
ranked_508907620,TaToH,2026,ranked,day 2026-09-24,whole available replay,91.85743581890925,2393,1195,0.49937317175094026,691,153,2.0,9.0,0.09288702928870293,0.7785817655571635,0.0,0.1230769189098023,0.934640522875817,309,1.0,0.027449060799454854,0.08570234113712374,1.0,289,17,29,381,6,15,4.684615226002416,1.031496062992126,5.461412563072856,0.24664443833232252,1.1627523521380918,0.4228190371411243
ranked_508914728,TaToH,2026,ranked,day 2026-09-24,first 10 game minutes,125.06000423431395,712,241,0.33848314606741575,112,11,1.0,2.0,0.004149377593360996,0.9017857142857143,0.0,0.3615384492974097,1.0,32,1.0,0.024865210427236,0.090014064697609,1.0,25,6,3,22,3,3,11.776922678176982,1.1363636363636365,2.1970000743865965,1.8590000629425047,0.5070000171661376,0.0
ranked_508914728,TaToH,2026,ranked,day 2026-09-24,whole available replay,111.64918785776894,1105,383,0.34660633484162895,180,32,1.0,6.0,0.0026109660574412533,0.8222222222222222,0.0,0.23846153038763263,0.90625,49,1.0,0.022469838646142305,0.10416666666666667,1.0,58,9,5,48,3,4,16.1076917623139,1.0625,3.6449047582433156,1.1510225552347313,0.5755112776173656,0.0
ranked_508917520,TaToH,2026,ranked,day 2026-09-24,first 10 game minutes,115.59600391387939,668,196,0.2934131736526946,100,11,1.0,2.0,0.01020408163265306,0.89,0.0,0.23846153038765786,0.9090909090909091,28,1.0,0.01396032202700738,0.0239880059970015,1.0,28,6,3,23,3,3,14.48461489419153,1.0,1.6900000572204588,0.5070000171661376,0.5070000171661376,0.0
ranked_508917520,TaToH,2026,ranked,day 2026-09-24,whole available replay,110.75620833423518,2692,1267,0.47065378900445765,699,187,3.0,9.0,0.07734806629834254,0.7324749642346209,0.0,0.1230769189098023,0.9411764705882353,212,1.0,0.01750324438716707,0.055369751021924936,1.0,264,10,9,241,3,6,10.75384578973957,1.0,4.13968902800738,0.5858050511331199,0.4295903708309545,0.0
ranked_508924320,TaToH,2026,ranked,day 2026-09-24,first 10 game minutes,116.44100394248962,677,211,0.31166912850812406,103,16,1.0,3.0,0.0,0.8446601941747572,0.0,0.18076922464869644,0.9375,30,1.0,0.012293489893228446,0.008875739644970414,1.0,24,4,2,24,1,1,13.438461083458632,1.0,1.352000045776367,0.0,0.5070000171661376,0.0
ranked_508924320,TaToH,2026,ranked,day 2026-09-24,whole available replay,111.4048569009655,1302,398,0.30568356374807987,193,46,1.0,3.0,0.0,0.7616580310880829,0.0,0.1230769189098023,0.9782608695652174,45,1.0,0.014388790912335135,0.0207532667179093,1.0,70,10,6,46,3,3,14.184614904349013,1.0,2.158365334892029,0.08301405134200111,0.74712646207801,0.08301405134200111
ranked_508927645,TaToH,2026,ranked,day 2026-09-24,first 10 game minutes,112.7230038166046,640,217,0.3390625,101,7,1.0,2.0,0.004608294930875576,0.9306930693069307,0.0,0.5999999796850172,1.0,27,1.0,0.018872573887493166,0.010954616588419406,1.0,20,5,2,19,1,1,14.065384139155189,1.0,1.521000051498413,2.1970000743865965,0.5070000171661376,0.0
ranked_508927645,TaToH,2026,ranked,day 2026-09-24,whole available replay,92.85315828560645,1290,536,0.41550387596899224,280,44,1.0,6.0,0.026119402985074626,0.8428571428571429,0.0,0.36153844929739287,0.7954545454545454,69,1.0,0.020926611721394636,0.06516679596586501,1.0,96,10,9,74,3,4,14.899999495511954,1.0,3.483668276227659,1.071897931146972,0.803923448360229,0.267974482786743
ranked_508931665,TaToH,2026,ranked,day 2026-09-24,first 10 game minutes,119.48300404548644,692,233,0.33670520231213874,104,11,1.0,3.0,0.0,0.8942307692307693,0.0,0.23846153038765786,0.9090909090909091,32,1.0,0.017885527097891225,0.023154848046309694,1.0,27,6,4,27,3,2,11.061538087014007,1.2222222222222223,1.6900000572204588,0.16900000572204588,0.6760000228881835,0.0
ranked_508931665,TaToH,2026,ranked,day 2026-09-24,whole available replay,90.66648896304353,2144,1052,0.4906716417910448,586,131,3.0,10.0,0.1444866920152091,0.7764505119453925,0.0,0.23846153038765786,0.8473282442748091,258,1.0,0.02527816661540752,0.09472701819878675,1.0,220,16,21,320,9,14,5.530769043507139,1.0375,5.798661513519514,0.4608207825313521,0.9216415650627042,0.7296329056746408
ranked_510124286,TaToH,2026,ranked,day 2026-09-29,whole available replay,124.2230389408935,442,166,0.3755656108597285,81,19,1.0,2.0,0.0,0.7654320987654321,0.0,0.23846153038764104,1.0,26,1.0,0.025624545886477567,0.08616780045351474,1.0,21,4,1,17,2,2,14.899999495511945,1.3529411764705883,1.9195613081374272,0.548446088039265,0.2742230440196325,0.0
ranked_510125405,TaToH,2026,ranked,day 2026-09-29,first 10 game minutes,126.41200428009031,725,199,0.27448275862068966,87,8,1.0,3.0,0.0,0.9080459770114943,0.0,0.24230768410358078,1.0,29,1.0,0.015851111948056766,0.03867403314917127,1.0,19,5,3,27,2,2,9.976922739121829,1.2222222222222223,2.1970000743865965,0.5070000171661376,0.5070000171661376,0.0
ranked_510125405,TaToH,2026,ranked,day 2026-09-29,whole available replay,115.01343099822539,1528,650,0.42539267015706805,365,75,2.0,7.0,0.024615384615384615,0.7945205479452054,0.0,0.23846153038765786,0.96,96,1.0,0.019309312809685737,0.029469548133595286,1.0,72,9,9,120,4,5,11.296153463685737,1.05,3.672939875334687,0.2880737157125245,0.64816586035318,0.0
ranked_510128528,TaToH,2026,ranked,day 2026-09-29,first 10 game minutes,108.83600368499755,629,233,0.37042925278219396,112,15,1.0,2.0,0.004291845493562232,0.8660714285714286,0.0,0.23846153038765786,0.9333333333333333,29,1.0,0.024345778539105016,0.12101910828025478,1.0,24,6,3,22,3,3,12.01538420856464,1.1818181818181819,1.8590000629425047,0.0,0.5070000171661376,0.0
ranked_510128528,TaToH,2026,ranked,day 2026-09-29,whole available replay,91.58270390538581,3389,1793,0.5290646208321038,1028,283,5.0,15.0,0.2632459564974902,0.7247081712062257,0.0,0.1242603508223681,0.8904593639575972,490,1.0,0.02238197251694292,0.11216056670602124,1.0,355,18,42,614,10,27,4.527218781627668,1.0260586319218241,5.177475527451144,0.9036160118664733,1.1234145012393995,0.6349734137440083
ranked_510325757,TaToH,2026,ranked,day 2026-09-30,first 10 game minutes,50.70000171661376,287,97,0.33797909407665505,60,18,1.0,3.0,0.0,0.7,0.0,0.24615383781950473,1.0,23,0.9407665505226481,0.017677669529663688,0.06319702602230483,1.0,33,6,4,13,1,1,12.984614944978922,1.2307692307692308,1.521000051498413,0.0,0.6760000228881835,0.0
ranked_510325757,TaToH,2026,ranked,day 2026-09-30,whole available replay,77.18560391943743,1381,517,0.3743664011585807,278,66,1.0,9.0,0.08317214700193423,0.762589928057554,0.0,0.18136094060501298,0.9090909090909091,189,0.9145546705286025,0.03160680526849577,0.098256735340729,1.0,140,15,41,278,8,24,3.069230665311967,1.0683453237410072,6.564035073969045,0.0,2.1880116913230148,0.7448550438546434
ranked_510330665,TaToH,2026,ranked,day 2026-09-30,first 10 game minutes,102.07600345611571,589,229,0.38879456706281834,124,22,1.0,3.200000000000017,0.0,0.8225806451612904,0.0,0.23846153038764945,1.0,31,1.0,0.019779477212476772,0.030612244897959183,1.0,24,7,3,25,3,3,9.373076605720865,1.24,1.8590000629425047,0.0,0.6760000228881835,0.0
ranked_510330665,TaToH,2026,ranked,day 2026-09-30,whole available replay,95.11490742987527,795,348,0.4377358490566038,196,43,1.0,6.0,0.0,0.7806122448979592,0.0,0.23846153038765786,0.8837209302325582,45,1.0,0.018743683077821635,0.04030226700251889,1.0,52,9,6,43,4,3,13.999999525984395,1.1395348837209303,2.4269903475423824,0.0,0.8089967825141274,0.0
ranked_510333065,TaToH,2026,ranked,day 2026-09-30,first 10 game minutes,103.93500351905821,591,222,0.3756345177664975,117,18,1.0,3.0,0.0,0.8461538461538461,0.0,0.18076922464870485,1.0,34,1.0,0.018373401925968584,0.05423728813559322,1.0,30,4,3,25,3,3,11.657691912983136,1.0,1.1830000400543212,1.8590000629425047,0.6760000228881835,0.0
ranked_510333065,TaToH,2026,ranked,day 2026-09-30,whole available replay,99.67243026421461,1509,716,0.47448641484426773,380,83,3.0,9.0,0.025139664804469275,0.781578947368421,0.0,0.24615383781947006,0.8795180722891566,94,1.0,0.02576801158741942,0.10742705570291777,1.0,104,10,15,100,6,6,13.888461068222412,1.0,2.036650277844633,1.6663502273274269,1.110900151551618,0.432016725603407
