game_id,player,year,context,cluster,player_slot,window,window_game_seconds,core_cpm_nominal,move_order_commands,explicit_actor_commands,explicit_actor_coverage,actor_pair_count,same_actor_pair_count,actor_group_size_median,actor_group_size_p90,actor_group_ge10_fraction,actor_group_change_fraction,actor_overlap_jaccard_median,same_actor_gap_nominal_median_s,same_actor_recommand_under1s_fraction,commanded_actor_ids,destination_coordinate_coverage,destination_jump_diagonal_median,destination_jump_ge_quarter_diagonal_fraction,valid_target_order_fraction,distinct_order_target_ids,distinct_building_type_ids,distinct_research_type_ids,positive_de_queue_commands,requested_queue_unit_type_ids,explicitly_commanded_production_building_ids,production_command_revisit_nominal_median_s,positive_queue_amount_mean,build_commands_nominal_min,wall_commands_nominal_min,research_commands_nominal_min,market_commands_nominal_min
c7d3588daf74,DauT,2026,1v1 ranked,daut_2026_session,1,whole game,1416.48,86.11784432549187,1134,426,0.37566137566137564,191,32,2.0,6.0,0.004694835680751174,0.8324607329842932,0.0,0.36153844929739287,0.75,70,1.0,0.01554861264079679,0.04854368932038835,1.0,84,10,12,75.0,5.0,6.0,12.86153802606916,1.04,3.0066080313139305,0.21475771652242362,0.9306167715971689,0.42951543304484724
c7d3588daf74,DauT,2026,1v1 ranked,daut_2026_session,1,first 10 game minutes,600.0,84.83800287246703,489,158,0.3231083844580777,66,7,1.0,3.0,0.012658227848101266,0.8939393939393939,0.0,0.8384615100727086,0.5714285714285714,30,1.0,0.01789205482245145,0.05122950819672131,1.0,30,5,3,22.0,3.0,3.0,16.22307637379179,1.1363636363636365,1.521000051498413,0.16900000572204588,0.5070000171661376,0.0
a467a9f1780f,DauT,2026,1v1 ranked,daut_2026_session,1,whole game,1510.365,89.69381877015952,1268,522,0.4116719242902208,246,45,1.5,8.0,0.05363984674329502,0.8170731707317073,0.0,0.36153844929746015,0.8444444444444444,77,1.0,0.01987224654428433,0.04814522494080505,1.0,106,12,13,84.0,6.0,5.0,14.607691813101274,1.0357142857142858,3.222532410903935,0.2685443675753279,1.0070413784074796,0.0
a467a9f1780f,DauT,2026,1v1 ranked,daut_2026_session,1,first 10 game minutes,600.0,92.78100314140319,533,216,0.4052532833020638,105,12,1.0,3.0,0.0,0.8857142857142857,0.0,0.36153844929739287,0.8333333333333334,34,1.0,0.02482503709703195,0.05075187969924812,1.0,34,6,4,23.0,2.0,2.0,8.2923074115446,1.1304347826086956,2.0280000686645505,0.0,0.6760000228881835,0.0
d4d080a3a4f6,DauT,2026,1v1 ranked,daut_2026_session,1,whole game,1980.601,83.96239607598561,1551,576,0.3713733075435203,248,48,2.0,6.5,0.010416666666666666,0.8064516129032258,0.0,0.4807692144912218,0.7708333333333334,100,1.0,0.025595252798161307,0.07870967741935483,1.0,111,12,10,127.0,4.0,5.0,9.796153514473165,1.0236220472440944,2.6110257316312597,0.4607692467584576,0.6143589956779435,0.4095726637852956
d4d080a3a4f6,DauT,2026,1v1 ranked,daut_2026_session,1,first 10 game minutes,600.0,74.36000251770018,424,188,0.44339622641509435,86,10,1.0,2.0,0.005319148936170213,0.8837209302325582,0.0,0.6038461334009821,0.9,28,1.0,0.03826777499035778,0.13238770685579196,1.0,24,6,2,22.0,2.0,2.0,12.680768801420463,1.1363636363636365,1.8590000629425047,0.5070000171661376,0.33800001144409175,0.0
4d327356c515,DauT,2026,1v1 ranked,daut_2026_session,1,whole game,1278.355,103.43418258381178,1234,565,0.45786061588330634,264,30,2.0,10.0,0.13097345132743363,0.8863636363636364,0.0,0.4807692144912218,0.8666666666666667,56,1.0,0.01706281336441104,0.062449310624493104,1.0,73,9,10,68.0,5.0,3.0,15.269230252241176,1.0441176470588236,3.331469070950993,0.8725276138204981,0.8725276138204981,0.0
4d327356c515,DauT,2026,1v1 ranked,daut_2026_session,1,first 10 game minutes,600.0,91.7670031070709,522,210,0.40229885057471265,104,8,1.0,3.0,0.009523809523809525,0.9230769230769231,0.0,0.36153844929739287,0.875,32,1.0,0.025516847052622794,0.061420345489443376,1.0,33,6,2,23.0,2.0,2.0,14.546153353646407,1.1304347826086956,1.8590000629425047,0.8450000286102294,0.33800001144409175,0.0
23d4576b7264,DauT,2026,1v1 ranked,daut_2026_session,1,whole game,2777.19,70.72321542644247,1684,798,0.47387173396674587,458,177,5.0,30.300000000000068,0.39974937343358397,0.6135371179039302,0.0,0.23846153038764104,0.768361581920904,252,1.0,0.024557237453909902,0.08972073677956031,1.0,157,17,45,244.0,7.0,24.0,5.281064909949702,1.360655737704918,5.440247340495574,0.4381407254090395,2.4827974439845573,0.3286055440567796
23d4576b7264,DauT,2026,1v1 ranked,daut_2026_session,1,first 10 game minutes,600.0,82.97900280952453,469,185,0.39445628997867804,76,5,1.0,2.0,0.0,0.9342105263157895,0.0,0.2384615303875906,1.0,29,1.0,0.02380848402276607,0.021367521367521368,1.0,26,3,1,28.0,2.0,2.0,15.565384088367797,1.1071428571428572,1.6900000572204588,1.352000045776367,0.16900000572204588,0.0
9621aabf243e,DauT,2021,1v1 tournament,hc4_daut,2,whole game,2779.53,80.91483366428808,1936,817,0.422004132231405,383,4,1.0,6.0,0.046511627906976744,0.9895561357702349,0.0,2.435502876117984,0.25,230,1.0,0.019758897018817605,0.08785529715762273,1.0,172,18,33,307.0,12.0,20.0,4.572780910262325,1.0,7.0408308824200185,0.36480989028082994,1.8240494514041499,0.5836958244493279
9621aabf243e,DauT,2021,1v1 tournament,hc4_daut,2,first 10 game minutes,600.0,109.68100371360778,632,266,0.4208860759493671,121,0,1.0,3.0,0.0,1.0,0.0,,,30,1.0,0.016571661784148876,0.04754358161648178,1.0,23,7,1,33.0,3.0,3.0,15.474555689076219,1.0,2.3660000801086425,0.33800001144409175,0.16900000572204588,0.0
2c3759e0dc22,DauT,2021,1v1 tournament,hc4_daut,2,whole game,2011.053,86.97682553484044,1579,595,0.37682077264091196,252,1,2.0,8.0,0.02857142857142857,0.996031746031746,0.0,0.36449702907887466,1.0,115,1.0,0.018479180416610713,0.048795944233206594,1.0,124,12,15,158.0,5.0,7.0,8.151479013945975,1.0253164556962024,4.537921332252545,0.8571629183143696,1.0084269627227878,0.4537921332252545
2c3759e0dc22,DauT,2021,1v1 tournament,hc4_daut,2,first 10 game minutes,600.0,104.27300353050231,595,172,0.28907563025210087,63,0,1.0,2.0,0.0,1.0,0.0,,,25,1.0,0.014356532456036533,0.058922558922558925,1.0,29,5,3,24.0,1.0,1.0,5.792307496190241,1.1666666666666667,1.6900000572204588,1.352000045776367,0.6760000228881835,0.0
11508bc32ada,DauT,2021,1v1 tournament,hc4_daut,2,whole game,2944.882,71.30995642956636,1789,753,0.4209055338177753,348,8,3.0,12.0,0.14873837981407703,0.9770114942528736,0.0,1.706508817960302,0.25,362,1.0,0.027689170093009315,0.09731543624161074,1.0,174,17,29,497.0,8.0,22.0,3.0485206068415946,1.0020120724346075,7.093119760739096,0.6542197837574895,1.480602668503792,0.06886524039552522
11508bc32ada,DauT,2021,1v1 tournament,hc4_daut,2,first 10 game minutes,600.0,100.5550034046173,568,184,0.323943661971831,67,0,1.0,2.0,0.0,1.0,0.0,,,28,1.0,0.023321472059623028,0.12345679012345678,1.0,29,4,3,25.0,1.0,1.0,10.843786615096777,1.04,2.0280000686645505,1.6900000572204588,0.6760000228881835,0.0
323cda4cd90e,DauT,2021,1v1 tournament,hc4_daut,2,whole game,2693.703,74.72204872436073,1736,718,0.41359447004608296,310,3,1.0,9.0,0.09331476323119778,0.9903225806451613,0.0,2.0710058470391095,0.3333333333333333,262,1.0,0.0241907320012633,0.11296829971181556,1.0,172,16,35,313.0,8.0,28.0,4.274556068288682,1.1916932907348243,5.872362519395604,0.1505733979332206,2.0327408720984783,0.8281536886327133
323cda4cd90e,DauT,2021,1v1 tournament,hc4_daut,2,first 10 game minutes,600.0,95.82300324440001,544,181,0.3327205882352941,73,0,1.0,3.0,0.0,1.0,0.0,,,28,1.0,0.01049773144309707,0.007366482504604052,1.0,26,5,2,30.0,1.0,1.0,8.035502686511736,1.0,2.1970000743865965,0.16900000572204588,0.33800001144409175,0.0
dde7930841b0,DauT,2021,1v1 tournament,hc4_daut,2,whole game,2376.851,76.7480191969864,1635,521,0.3186544342507645,194,6,1.0,11.0,0.1401151631477927,0.9690721649484536,0.0,1.217751438058992,0.3333333333333333,129,1.0,0.02562248534471867,0.09179926560587515,1.0,117,15,21,210.0,7.0,14.0,9.626035177037798,1.0,5.07671722314696,0.2133074463507126,1.4078291459147032,0.04266148927014252
dde7930841b0,DauT,2021,1v1 tournament,hc4_daut,2,first 10 game minutes,600.0,82.1340027809143,470,133,0.28297872340425534,53,0,1.0,3.0,0.0,1.0,0.0,,,23,1.0,0.02123241858352569,0.12153518123667377,1.0,18,5,3,32.0,3.0,3.0,9.990532206116663,1.0,1.6900000572204588,0.5070000171661376,0.5070000171661376,0.0
e1e75a47ab4e,DauT,2021,1v1 tournament,hc4_daut_ro8,2,whole game,1276.524,88.96660293516993,1045,408,0.39043062200956935,172,1,1.0,3.0,0.0,0.9941860465116279,0.0,1.3230768782798366,0.0,45,1.0,0.02065499435855958,0.07854406130268199,1.0,81,10,9,64.0,4.0,5.0,8.495857700510726,1.0,2.4624684740984533,1.5886893381280345,0.9532136028768207,0.0
e1e75a47ab4e,DauT,2021,1v1 tournament,hc4_daut_ro8,2,first 10 game minutes,600.0,96.16100325584411,556,189,0.33992805755395683,69,0,1.0,2.0,0.0,1.0,0.0,,,29,1.0,0.02213138872994036,0.11171171171171171,1.0,26,5,2,37.0,2.0,2.0,0.2514792814261843,1.0,1.0140000343322753,0.8450000286102294,0.33800001144409175,0.0
0b3bc1441529,DauT,2021,1v1 tournament,hc4_daut_ro8,2,whole game,4302.921,71.07321058290735,2670,1063,0.39812734082397006,421,6,2.0,11.0,0.11194731890874883,0.9857482185273159,0.0,1.151775108931902,0.5,588,1.0,0.03621197066076644,0.14424878231547397,1.0,249,17,31,804.0,9.0,37.0,0.2485207016447362,1.0385572139303483,5.7499547023307,0.0942615524972246,1.1782694062153074,0.801223196226409
0b3bc1441529,DauT,2021,1v1 tournament,hc4_daut_ro8,2,first 10 game minutes,600.0,93.62600317001342,536,164,0.30597014925373134,62,1,1.0,2.0,0.0,0.9838709677419355,0.0,1.34201178888136,0.0,26,1.0,0.023799290955824715,0.14018691588785046,1.0,28,5,2,26.0,3.0,3.0,11.465088369208503,1.0769230769230769,1.6900000572204588,0.6760000228881835,0.33800001144409175,0.0
5e152714b185,DauT,2021,1v1 tournament,hc4_daut_ro8,2,whole game,2863.482,72.94755373787882,1798,657,0.3654060066740823,280,9,2.0,7.0,0.0532724505327245,0.9678571428571429,0.0,1.5739644437497042,0.2222222222222222,244,1.0,0.02144379432045473,0.08625486922648859,1.0,173,18,23,317.0,7.0,26.0,6.577514570196203,1.0220820189274449,6.374058093601063,0.2124686031200354,1.3102230525735516,1.1331658833068556
5e152714b185,DauT,2021,1v1 tournament,hc4_daut_ro8,2,first 10 game minutes,600.0,83.9930028438568,481,178,0.3700623700623701,81,0,1.0,3.0,0.0,1.0,0.0,,,29,1.0,0.01472782463330774,0.004166666666666667,1.0,28,7,1,31.0,1.0,1.0,9.864200849447283,1.032258064516129,2.1970000743865965,0.16900000572204588,0.16900000572204588,0.0
31d31c225a08,DauT,2021,1v1 tournament,hc4_daut_ro8,2,whole game,1805.963,73.66529907002221,1208,513,0.4246688741721854,210,2,2.0,10.800000000000011,0.10526315789473684,0.9904761904761905,0.0,1.1597632743419228,0.5,109,1.0,0.02626179469114582,0.08947804473902236,1.0,103,12,14,143.0,10.0,10.0,11.581064696642702,1.006993006993007,4.267197202226897,0.33688398964949184,1.0667993005567242,0.0
31d31c225a08,DauT,2021,1v1 tournament,hc4_daut_ro8,2,first 10 game minutes,600.0,67.93800230026244,388,169,0.43556701030927836,68,0,1.0,2.0,0.0,1.0,0.0,,,32,1.0,0.02435534892708633,0.07751937984496124,1.0,32,6,2,30.0,3.0,3.0,8.781064791445834,1.0333333333333334,2.0280000686645505,0.0,0.33800001144409175,0.0
63e46229572d,TheViper,2021,1v1 tournament,hc4_viper,2,whole game,2453.702,101.37099306342299,2140,705,0.3294392523364486,209,4,1.0,8.0,0.07943262411347518,0.9808612440191388,0.0,0.8384615100727086,0.5,192,1.0,0.015930650636407594,0.0822814399251987,1.0,179,16,30,304.0,10.0,19.0,0.1230769189098023,1.0657894736842106,6.6120500978995835,0.4959037573424688,2.7274706653835783,0.41325313111872397
63e46229572d,TheViper,2021,1v1 tournament,hc4_viper,2,first 10 game minutes,600.0,130.97500443458554,750,203,0.27066666666666667,57,0,1.0,3.0,0.0,1.0,0.0,,,38,1.0,0.015009079378690024,0.09345794392523364,1.0,43,5,1,28.0,2.0,2.0,14.39053205714033,1.0714285714285714,2.704000091552734,1.0140000343322753,0.33800001144409175,0.0
40cfbfe02398,TheViper,2021,1v1 tournament,hc4_viper,2,whole game,986.664,113.56145941649481,1048,331,0.31583969465648853,85,2,1.0,3.0,0.0,0.9764705882352941,0.0,1.6923076350091089,0.5,50,1.0,0.02202693062267112,0.12702960840496658,1.0,67,10,5,64.0,7.0,5.0,16.195857439802122,1.0,2.980345993736063,1.130476066589541,0.8221644120651208,0.0
40cfbfe02398,TheViper,2021,1v1 tournament,hc4_viper,2,first 10 game minutes,600.0,122.18700413703917,695,205,0.2949640287769784,45,0,1.0,3.0,0.0,1.0,0.0,,,34,1.0,0.02024852544172352,0.11239193083573487,1.0,35,5,2,37.0,3.0,3.0,11.56065049615047,1.0,1.8590000629425047,1.1830000400543212,0.5070000171661376,0.0
c0b3c47feff8,TheViper,2021,1v1 tournament,hc4_viper,2,whole game,2912.643,94.7281933768787,2399,799,0.3330554397665694,265,6,1.0,6.0,0.007509386733416771,0.9773584905660377,0.0,0.8786981951008537,0.6666666666666666,221,1.0,0.018634410137661178,0.09549624687239366,1.0,217,17,26,337.0,15.0,25.0,4.1100590324382695,1.0,6.440542364837398,1.0792260178916722,2.088824550758075,0.83552982030323
c0b3c47feff8,TheViper,2021,1v1 tournament,hc4_viper,2,first 10 game minutes,600.0,138.74900469779968,792,206,0.2601010101010101,45,0,1.0,2.0,0.0,1.0,0.0,,,30,1.0,0.017353511802802497,0.08723135271807839,1.0,32,5,3,33.0,3.0,2.0,8.676922783137572,1.0,1.6900000572204588,1.8590000629425047,0.8450000286102294,0.0
679124a7c6b9,TheViper,2021,1v1 tournament,hc4_viper_ro8,2,whole game,2986.062,88.018537089627,2260,743,0.32876106194690263,225,10,2.0,9.800000000000068,0.1009421265141319,0.9555555555555556,0.0,1.4124259876807066,0.5,321,1.0,0.021894068742981977,0.11553784860557768,1.0,235,16,42,369.0,13.0,31.0,0.13136094229789738,1.102981029810298,6.553849405207566,0.5093665340834896,2.750579284050844,0.5433243030223889
679124a7c6b9,TheViper,2021,1v1 tournament,hc4_viper_ro8,2,first 10 game minutes,600.0,100.5550034046173,569,180,0.3163444639718805,45,0,1.0,4.0,0.0,1.0,0.0,,,31,1.0,0.02186470802293497,0.12852112676056338,1.0,44,5,4,29.0,3.0,2.0,13.794082373193069,1.103448275862069,2.3660000801086425,0.33800001144409175,0.8450000286102294,0.0
d777b0479240,TheViper,2021,1v1 tournament,hc4_viper_ro8,2,whole game,2986.687,81.99085082944565,2133,787,0.3689639006094702,259,1,1.0,5.0,0.04701397712833545,0.9961389961389961,0.0,1.3230768782798366,0.0,280,1.0,0.020501030616045305,0.09943714821763602,1.0,240,16,42,389.0,17.0,32.0,0.1230769189098023,1.0,5.432106059093707,0.4413586173013637,2.817905018154861,0.5092599430400351
d777b0479240,TheViper,2021,1v1 tournament,hc4_viper_ro8,2,first 10 game minutes,600.0,96.4990032672882,555,179,0.3225225225225225,49,0,1.0,3.0,0.0,1.0,0.0,,,37,1.0,0.013868226110432515,0.05415162454873646,1.0,42,4,2,40.0,2.0,3.0,14.48165631441004,1.0,1.8590000629425047,0.33800001144409175,0.5070000171661376,0.0
211c10a368c4,DauT,2011,1v1 challenge,historical_110,1,whole game,2495.52,61.77870744373918,1502,565,0.37616511318242346,250,5,2.0,11.0,0.1433628318584071,0.98,0.0,2.5199999999998304,0.2,218,1.0,0.017862761082960955,0.09460359760159893,0.896551724137931,142,13,23,,,,,,5.157241777264859,0.2524523946912868,1.2622619734564338,0.7212925562608193
211c10a368c4,DauT,2011,1v1 challenge,historical_110,1,first 10 game minutes,600.0,69.0,446,157,0.35201793721973096,61,0,1.0,3.4000000000000057,0.0,1.0,0.0,,,34,1.0,0.018622978311230335,0.08314606741573034,0.8169014084507042,26,5,0,,,,,,1.95,0.15,0.0,0.0
079005bcaa66,DauT,2011,1v1 challenge,historical_110,1,whole game,2571.66,29.502344788968994,537,289,0.5381750465549349,154,8,2.0,16.19999999999999,0.13494809688581316,0.948051948051948,0.0,3.0150000000001755,0.0,195,1.0,0.02485508195550405,0.05223880597014925,0.9789029535864979,134,14,33,,,,,,6.15944564989151,0.06999370056694898,1.8898299153076223,1.504864562189403
079005bcaa66,DauT,2011,1v1 challenge,historical_110,1,first 10 game minutes,600.0,26.099999999999998,160,82,0.5125,43,0,1.0,4.0,0.0,1.0,0.0,,,34,1.0,0.013868257245514944,0.031446540880503145,0.9594594594594594,31,5,2,,,,,,1.65,0.15,0.3,0.0
bb815fe6233a,DauT,2011,1v1 challenge,historical_110,1,whole game,2052.54,50.90765588003158,992,365,0.36794354838709675,167,6,4.0,15.0,0.29315068493150687,0.9640718562874252,0.0,3.480000000000018,0.16666666666666666,193,1.0,0.021773680758141484,0.10090817356205853,0.8181818181818182,99,14,24,,,,,,4.954836446549154,0.0,1.6223800754187496,0.2630886608787162
bb815fe6233a,DauT,2011,1v1 challenge,historical_110,1,first 10 game minutes,600.0,43.5,273,71,0.2600732600732601,29,0,1.0,2.0,0.0,1.0,0.0,,,21,1.0,0.021613518307905547,0.13970588235294118,0.5333333333333333,23,6,5,,,,,,1.2,0.0,1.2,0.0
252b3a6bcf45,DauT,2011,1v1 challenge,historical_110,1,whole game,1972.395,50.055896511601375,1029,464,0.4509232264334305,220,5,2.0,7.0,0.04310344827586207,0.9772727272727273,0.0,2.6999999999999695,0.2,157,1.0,0.0203637238919833,0.06031128404669261,0.8446601941747572,116,10,9,,,,,,2.144600853277361,0.13688941616664005,0.7300768862220802,0.0
252b3a6bcf45,DauT,2011,1v1 challenge,historical_110,1,first 10 game minutes,600.0,63.0,408,143,0.35049019607843135,42,0,1.0,3.0,0.006993006993006993,1.0,0.0,,,28,1.0,0.02284689372953898,0.04914004914004914,0.7027027027027027,22,3,1,,,,,,1.5,0.0,0.3,0.0
2a4d86704ada,TheViper,2012,team game,historical_119,5,whole game,3385.26,50.406763439144996,1647,501,0.30418943533697634,203,6,3.0,28.0,0.3093812375249501,0.9704433497536946,0.0,4.515000000000024,0.0,290,1.0,0.009063361069576625,0.0479951397326853,0.9283154121863799,167,14,38,,,,,,3.8283617801882275,0.21268676556601263,2.02052427287712,0.23927261126176422
2a4d86704ada,TheViper,2012,team game,historical_119,5,first 10 game minutes,600.0,63.449999999999996,406,124,0.3054187192118227,44,0,1.0,4.700000000000003,0.0,1.0,0.0,,,27,1.0,0.014405142095590883,0.04691358024691358,0.8596491228070176,20,5,2,,,,,,1.65,0.0,0.8999999999999999,0.0
be2ccdca713e,TheViper,2012,team game,historical_119,4,whole game,2751.27,44.84837911219182,1192,436,0.36577181208053694,179,6,2.0,19.0,0.17660550458715596,0.9664804469273743,0.0,2.5200000000000573,0.16666666666666666,261,1.0,0.01389301763533471,0.05793450881612091,0.9423076923076923,147,12,27,,,,,,3.5002017250215354,0.0,1.8645934423011918,0.39254598785288247
be2ccdca713e,TheViper,2012,team game,historical_119,4,first 10 game minutes,600.0,47.85,302,143,0.4735099337748344,52,0,1.0,6.0,0.0,1.0,0.0,,,32,1.0,0.01875723240142615,0.0,1.0,27,3,1,,,,,,1.7999999999999998,0.0,0.6,0.0
5e1293a4be54,DauT,2012,team game,historical_147,2,whole game,2872.125,46.75283979631806,1314,618,0.4703196347031963,297,15,3.0,15.0,0.2022653721682848,0.9494949494949495,0.0,2.8200000000000123,0.0,276,1.0,0.016883442986146593,0.03884234577303884,0.95578231292517,139,13,1,,,,,,3.8856247551899723,0.1253427340383862,1.3787700744222482,0.09400705052878966
5e1293a4be54,DauT,2012,team game,historical_147,2,first 10 game minutes,600.0,58.65,373,165,0.44235924932975873,62,0,1.0,3.0,0.0,1.0,0.0,,,33,1.0,0.021687604000972714,0.07795698924731183,0.9814814814814815,24,5,1,,,,,,2.25,0.15,0.3,0.0
5e1293a4be54,TheViper,2012,team game,historical_147,4,whole game,2872.125,64.4888366627497,1852,551,0.2975161987041037,214,4,3.0,26.0,0.27404718693284935,0.9813084112149533,0.0,4.229999999999942,0.25,298,1.0,0.012786358292536673,0.03835764451647758,0.9307228915662651,164,14,26,,,,,,3.916960438699569,0.1253427340383862,1.8488053270661966,0.4073638856247552
5e1293a4be54,TheViper,2012,team game,historical_147,4,first 10 game minutes,600.0,65.39999999999999,418,143,0.34210526315789475,54,0,1.0,4.0,0.0,1.0,0.0,,,35,1.0,0.021037272615807207,0.07434052757793765,0.7411764705882353,28,5,2,,,,,,1.95,0.0,0.6,0.0
bd5257dfee73,DauT,2012,team game,historical_147,2,whole game,3404.745,52.57662468114352,1681,562,0.33432480666270076,254,9,3.0,21.900000000000034,0.19750889679715303,0.9645669291338582,0.0,2.339999999999994,0.0,332,1.0,0.014299920684521069,0.11488095238095238,0.8778625954198473,151,16,1,,,,,,5.2338721402043324,0.21146958142239727,1.9560936281571748,0.47580655820039386
bd5257dfee73,DauT,2012,team game,historical_147,2,first 10 game minutes,600.0,86.7,562,129,0.22953736654804271,43,0,1.0,1.2000000000000028,0.0,1.0,0.0,,,26,1.0,0.011417486644917686,0.049910873440285206,0.8846153846153846,25,5,1,,,,,,1.3499999999999999,0.0,1.05,0.0
bd5257dfee73,TheViper,2012,team game,historical_147,4,whole game,3404.745,71.29168263702567,2351,679,0.28881327094853254,225,10,3.0,32.0,0.22091310751104565,0.9555555555555556,0.0,1.8899999999999484,0.3,355,1.0,0.015112070945170766,0.07148936170212766,0.8411405295315683,227,14,42,,,,,,4.573029698259341,0.2643369767779966,2.5112012793909675,0.7401435349783905
bd5257dfee73,TheViper,2012,team game,historical_147,4,first 10 game minutes,600.0,90.6,582,145,0.24914089347079038,43,1,1.0,3.0,0.0,0.9767441860465116,0.0,2.160000000000006,0.0,33,1.0,0.013875582704831439,0.03442340791738382,1.0,26,5,2,,,,,,2.4,0.3,0.44999999999999996,0.0
5338a28e825b,DauT,2012,team game,historical_147,2,whole game,2530.62,38.160608862650264,844,400,0.47393364928909953,199,1,1.0,3.0,0.0225,0.9949748743718593,0.0,2.3999999999999395,0.0,188,1.0,0.021670251932785038,0.09845788849347568,0.9382716049382716,118,12,1,,,,,,5.796998364037272,0.46233729283732844,1.56483391421865,0.07112881428266592
5338a28e825b,DauT,2012,team game,historical_147,2,first 10 game minutes,600.0,59.849999999999994,379,165,0.43535620052770446,59,0,1.0,2.0,0.0,1.0,0.0,,,30,1.0,0.023329468821470394,0.1455026455026455,0.875,28,5,0,,,,,,2.55,0.3,0.0,0.0
5338a28e825b,TheViper,2012,team game,historical_147,4,whole game,2530.62,62.486663347322,1502,444,0.2956058588548602,151,3,1.0,14.0,0.13513513513513514,0.9801324503311258,0.0,1.0199999999999818,0.3333333333333333,176,1.0,0.016446145857772383,0.10592938041305797,0.855595667870036,129,13,36,,,,,,5.619176328330607,0.07112881428266592,2.8807169784479694,0.0
5338a28e825b,TheViper,2012,team game,historical_147,4,first 10 game minutes,600.0,79.64999999999999,512,160,0.3125,43,0,1.0,2.0999999999999943,0.0,1.0,0.0,,,30,1.0,0.021044844678171058,0.10176125244618395,0.7407407407407407,32,6,1,,,,,,1.7999999999999998,0.3,0.44999999999999996,0.0
c15e438221ef,TheViper,2012,team game,historical_147,3,whole game,4497.75,59.289644822411205,2552,852,0.3338557993730408,316,19,3.0,14.899999999999977,0.1467136150234742,0.939873417721519,0.0,1.320000000000012,0.21052631578947367,482,1.0,0.014705401645192838,0.07056056448451588,0.9120879120879121,296,14,45,,,,,,4.762381190595297,0.2001000500250125,1.9609804902451224,0.8404202101050525
c15e438221ef,TheViper,2012,team game,historical_147,3,first 10 game minutes,600.0,75.45,485,150,0.30927835051546393,44,1,1.0,4.0,0.0,0.9772727272727273,0.0,1.6200000000000045,0.0,28,1.0,0.021446199217291906,0.09917355371900827,0.6354166666666666,30,5,4,,,,,,1.5,0.0,1.2,0.0
c15e438221ef,DauT,2012,team game,historical_147,4,whole game,4497.75,47.20360180090045,2035,903,0.4437346437346437,418,11,2.0,15.0,0.1805094130675526,0.9736842105263158,0.0,1.5599999999997938,0.18181818181818182,558,1.0,0.01697104461893103,0.07079646017699115,0.9354838709677419,276,15,1,,,,,,4.582291145572786,0.14007003501750875,1.360680340170085,0.24012006003001501
c15e438221ef,DauT,2012,team game,historical_147,4,first 10 game minutes,600.0,78.45,510,157,0.307843137254902,49,0,1.0,2.0,0.0,1.0,0.0,,,24,1.0,0.014633477221293135,0.0825147347740668,0.9682539682539683,26,5,1,,,,,,1.65,0.0,0.3,0.0
65e3f6795645,DauT,2012,team game,historical_147,2,whole game,2347.965,47.6071832416582,1100,438,0.3981818181818182,182,5,1.0,12.300000000000011,0.1461187214611872,0.9725274725274725,0.0,1.050000000000182,0.2,183,1.0,0.015981642920158478,0.09645131938125569,0.9464285714285714,115,12,1,,,,,,3.181478429192939,0.49830385035552055,1.4182494202426355,0.07666213082392624
65e3f6795645,DauT,2012,team game,historical_147,2,first 10 game minutes,600.0,65.25,427,159,0.37236533957845436,56,0,1.0,2.0,0.0,1.0,0.0,,,25,1.0,0.0185002672354583,0.13380281690140844,0.8596491228070176,24,4,1,,,,,,0.8999999999999999,0.0,0.3,0.0
65e3f6795645,TheViper,2012,team game,historical_147,4,whole game,2347.965,69.80087011518484,1631,438,0.2685469037400368,160,3,2.0,9.0,0.05251141552511415,0.98125,0.0,0.7799999999998969,0.6666666666666666,163,1.0,0.016275116742984853,0.07116564417177915,0.9543973941368078,162,13,30,,,,,,4.369741456963796,0.11499319623588936,2.3765260555417136,0.3833106541196312
65e3f6795645,TheViper,2012,team game,historical_147,4,first 10 game minutes,600.0,72.0,464,163,0.35129310344827586,60,1,1.0,3.0,0.0,0.9833333333333333,0.0,1.9200000000000348,0.0,34,1.0,0.020337670115126424,0.08855291576673865,1.0,28,5,1,,,,,,2.1,0.0,0.15,0.0
52a03f0c9e03,DauT,2012,team game,historical_147,2,whole game,2429.865,46.92853306665186,1056,342,0.32386363636363635,129,2,1.0,14.0,0.21929824561403508,0.9844961240310077,0.0,4.334999999999961,0.0,173,1.0,0.01678695250406765,0.10426540284360189,0.8830409356725146,91,12,1,,,,,,4.1113395188621595,0.3703909476452396,2.3334629701650096,0.4815082319388115
52a03f0c9e03,DauT,2012,team game,historical_147,2,first 10 game minutes,600.0,55.65,359,126,0.35097493036211697,35,0,1.0,2.0,0.0,1.0,0.0,,,23,1.0,0.02062124987956227,0.11173184357541899,0.875,15,4,1,,,,,,0.8999999999999999,0.3,0.6,0.0
52a03f0c9e03,TheViper,2012,team game,historical_147,4,whole game,2429.865,63.52204752115859,1540,594,0.38571428571428573,241,6,1.0,11.0,0.10606060606060606,0.975103734439834,0.0,2.175000000000182,0.16666666666666666,175,1.0,0.013309928437498748,0.06692657569850552,0.884272997032641,148,11,17,,,,,,4.333574087449303,0.4815082319388115,1.2593292219938146,0.0
52a03f0c9e03,TheViper,2012,team game,historical_147,4,first 10 game minutes,600.0,71.39999999999999,457,165,0.3610503282275711,55,0,1.0,4.0,0.0,1.0,0.0,,,31,1.0,0.0177672958256588,0.07017543859649122,0.8860759493670886,32,5,1,,,,,,2.55,0.0,0.3,0.0
1c40a1c5da42,TheViper,2012,team game,historical_159,2,whole game,3650.76,62.22266048713145,2083,665,0.31925108017282766,241,9,3.0,18.0,0.16541353383458646,0.9626556016597511,0.0,0.75,0.5555555555555556,392,1.0,0.010100552453773018,0.03314121037463977,0.9883040935672515,187,13,32,,,,,,5.744009466522039,0.12326200571935707,2.2926733063800415,0.6409624297406568
1c40a1c5da42,TheViper,2012,team game,historical_159,2,first 10 game minutes,600.0,79.8,515,173,0.3359223300970874,72,1,1.0,4.800000000000011,0.0,0.9861111111111112,0.0,0.6900000000000546,1.0,33,1.0,0.01264855418939748,0.005836575875486381,1.0,36,6,0,,,,,,2.4,0.15,0.0,0.0
1c40a1c5da42,DauT,2012,team game,historical_159,6,whole game,3650.76,27.43812247312888,857,355,0.41423570595099185,168,4,1.0,5.0,0.01971830985915493,0.9761904761904762,0.0,3.599999999999985,0.25,164,1.0,0.012140338772310572,0.015186915887850467,0.9637462235649547,124,15,1,,,,,,4.807218223054925,0.0,1.3558820629129278,0.0
1c40a1c5da42,DauT,2012,team game,historical_159,6,first 10 game minutes,600.0,52.199999999999996,334,127,0.38023952095808383,37,0,1.0,5.0,0.0,1.0,0.0,,,28,1.0,0.01687444710835135,0.003003003003003003,0.9090909090909091,21,4,1,,,,,,1.95,0.0,0.15,0.0
bdaf8d46c8e5,TheViper,2026,1v1 ranked,viper_2026_session,1,whole game,4414.748,106.61963399429419,4284,1658,0.3870214752567694,788,183,5.0,25.0,0.23944511459589868,0.7677664974619289,0.0,0.1230769189098023,0.8797814207650273,798,1.0,0.014951734898227927,0.08638804576231614,1.0,337,16,40,651.0,13.0,47.0,1.3230768782797693,1.5468509984639016,6.316329028097997,0.0,1.0795180520749303,0.6201486682132579
bdaf8d46c8e5,TheViper,2026,1v1 ranked,viper_2026_session,1,first 10 game minutes,600.0,105.11800355911254,606,169,0.27887788778877887,78,19,1.0,7.0,0.011834319526627219,0.7564102564102564,0.0,0.23846153038765786,1.0,26,1.0,0.017547797042244285,0.09752066115702479,1.0,24,6,3,21.0,2.0,2.0,11.538461147789324,1.0,1.8590000629425047,0.0,0.8450000286102294,0.0
91de7aa859e1,TheViper,2026,1v1 ranked,viper_2026_session,1,whole game,1686.022,103.32321043158684,1620,636,0.3925925925925926,329,92,2.0,9.0,0.059748427672955975,0.7203647416413373,0.0,0.23846153038765786,0.8913043478260869,107,1.0,0.011049888678958272,0.07411982705373688,1.0,115,9,9,132.0,3.0,4.0,7.930768962247073,1.0,3.367927697420759,0.6615572262790776,0.5412740942283363,0.36084939615222417
91de7aa859e1,TheViper,2026,1v1 ranked,viper_2026_session,1,first 10 game minutes,600.0,102.75200347900389,585,230,0.39316239316239315,117,18,1.0,3.0999999999999943,0.004347826086956522,0.8461538461538461,0.0,0.23846153038765786,0.9444444444444444,30,1.0,0.015622988674464402,0.04452054794520548,1.0,28,5,3,27.0,3.0,2.0,14.423076434736656,1.0,2.0280000686645505,1.0140000343322753,0.5070000171661376,0.0
65486e44c665,TheViper,2026,1v1 ranked,viper_2026_session,2,whole game,1949.272,95.81977595943775,1751,637,0.36379211878926326,303,90,1.0,5.0,0.026687598116169546,0.7029702970297029,0.0,0.23846153038765786,0.9,97,1.0,0.009317146984197236,0.05142857142857143,1.0,163,14,9,118.0,12.0,12.0,17.907691701369036,1.0,2.132796316143837,0.7802913351745745,0.6762524904846312,0.36413595641480145
65486e44c665,TheViper,2026,1v1 ranked,viper_2026_session,2,first 10 game minutes,600.0,99.03400335311889,563,197,0.34991119005328597,91,29,1.0,3.0,0.0,0.6813186813186813,0.0,0.23846153038765786,0.9655172413793104,27,1.0,0.013527930066621,0.037366548042704624,1.0,39,5,2,24.0,2.0,2.0,16.403845598440498,1.0,1.6900000572204588,1.8590000629425047,0.33800001144409175,0.0
67f43712e111,TheViper,2026,1v1 ranked,viper_2026_session,2,whole game,1363.869,103.49146786022173,1336,537,0.40194610778443113,273,59,1.0,5.0,0.00931098696461825,0.7838827838827839,0.0,0.23846153038765786,0.9152542372881356,54,1.0,0.01447656572604386,0.06142322097378277,1.0,92,9,7,67.0,4.0,4.0,10.57692271880688,1.0,2.7508507980087673,0.2973892754604073,0.5947785509208146,0.0
67f43712e111,TheViper,2026,1v1 ranked,viper_2026_session,2,first 10 game minutes,600.0,109.17400369644163,621,214,0.3446054750402576,103,13,1.0,4.0,0.0,0.8737864077669902,0.0,0.23846153038765786,1.0,29,1.0,0.0143399854517691,0.054838709677419356,1.0,32,5,2,23.0,2.0,2.0,10.57692271880688,1.0,2.1970000743865965,0.6760000228881835,0.33800001144409175,0.0
3598af4f05ca,TheViper,2026,1v1 ranked,viper_2026_session,1,whole game,877.383,97.88861068420943,766,299,0.39033942558746737,170,41,1.0,8.0,0.0903010033444816,0.7588235294117647,0.0,0.23846153038765786,0.9512195121951219,41,1.0,0.008542301805654543,0.018300653594771243,1.0,56,12,3,34.0,2.0,2.0,14.126922598610044,1.0,2.4269903475423824,0.0,0.4622838757223585,0.11557096893058963
3598af4f05ca,TheViper,2026,1v1 ranked,viper_2026_session,1,first 10 game minutes,600.0,89.57000303268431,517,189,0.3655705996131528,106,16,1.0,5.200000000000017,0.026455026455026454,0.8490566037735849,0.0,0.36153844929739287,1.0,32,1.0,0.011760472313780843,0.023255813953488372,1.0,34,6,2,20.0,1.0,1.0,14.546153353646407,1.0,1.8590000629425047,0.0,0.33800001144409175,0.0
