game_id,player,year,date,context,cluster,map,map_dimension,civilization_id,profile_id,slot,age_years,duration_game_minutes,nominal_speed,players,file,sha256,sync_checks,header_date_agrees,body_end_agrees,save_version,postgame_present
511243727,MembTV,2026,2026-10-04T10:06:19.000Z,8-player unranked Rage Forest 2026 (Custom),2026-10-04,Rage Forest 2026 (Custom),220,5,196407,1,49.20292682259047,43.4933,1.690000057220459,8,memb/raw/511243727.aoe2record,05c7f2c4df05769ce9f2739d7f67c3ec9e65a300b45d8b4436b805bcc12e3699,226,True,True,68.9,True
511239187,MembTV,2026,2026-10-04T09:22:18.000Z,8-player unranked Rage Forest 2026 (Custom),2026-10-04,Rage Forest 2026 (Custom),220,13,196407,1,49.20292682259047,49.409216666666666,1.690000057220459,8,memb/raw/511239187.aoe2record,0e47723268d21025d6e3408308dc60f7b778f8a9fa1f30198b9df476d922d365,240,True,True,68.9,True
511234303,MembTV,2026,2026-10-04T08:50:52.000Z,8-player unranked Rage Forest 2026 (Custom),2026-10-04,Rage Forest 2026 (Custom),220,14,196407,5,49.20292682259047,31.29635,1.690000057220459,8,memb/raw/511234303.aoe2record,dbfc4fd1bc72461a99ba6e0c70cde92891a9169a81e3e372fff89e3c58245e67,183,True,True,68.9,True
511121619,MembTV,2026,2026-10-03T21:33:33.000Z,8-player unranked Rage Forest 2026 (Custom),2026-10-03,Rage Forest 2026 (Custom),220,7,196407,1,49.20018891558348,58.5237,1.690000057220459,8,memb/raw/511121619.aoe2record,1a1e7e1a5293550fedeb6bd77e6c2d761ff5faefd9af47ec42688ea9939efc65,226,True,True,68.9,True
511107222,MembTV,2026,2026-10-03T20:26:44.000Z,8-player unranked Rage Forest 2026 (Custom),2026-10-03,Rage Forest 2026 (Custom),220,57,196407,2,49.20018891558348,69.02696666666667,1.690000057220459,8,memb/raw/511107222.aoe2record,233b00e164a5ab5be77279b65c984e3cc902ebbda40e6652617ad9419e0f5c82,216,True,True,68.9,True
511098379,MembTV,2026,2026-10-03T19:58:42.000Z,8-player unranked Rage Forest 2026 (Custom),2026-10-03,Rage Forest 2026 (Custom),220,22,196407,7,49.20018891558348,30.906133333333333,1.690000057220459,8,memb/raw/511098379.aoe2record,acfc7c96feafa2cd5472063599f76bb94f963d33d5a738a6ea139ac18e136682,183,True,True,68.9,True
510975120,MembTV,2026,2026-10-03T10:16:20.000Z,8-player unranked Rage Forest 2026 (Custom),2026-10-03,Rage Forest 2026 (Custom),220,21,196407,4,49.20018891558348,52.31413333333333,1.690000057220459,8,memb/raw/510975120.aoe2record,d3835ae8ca8345772ff5f271732397b900f109ecf5e4be26f31a2f4ed150f15e,285,True,True,68.9,True
510971234,MembTV,2026,2026-10-03T09:47:46.000Z,8-player unranked Rage Forest 2026 (Custom),2026-10-03,Rage Forest 2026 (Custom),220,9,196407,2,49.20018891558348,41.2689,1.690000057220459,8,memb/raw/510971234.aoe2record,82afb1efb21b3d8ab4b543b900437193fbf3119f039e6a347cfca168fbef9868,218,True,True,68.9,True
510966979,MembTV,2026,2026-10-03T09:17:04.000Z,8-player unranked Rage Forest 2026 (Custom),2026-10-03,Rage Forest 2026 (Custom),220,37,196407,7,49.20018891558348,42.4763,1.690000057220459,8,memb/raw/510966979.aoe2record,31c2d650dc13818733768f674bd8d971feef824621343b3662ad3e3cf95e5b3e,237,True,True,68.9,True
510962960,MembTV,2026,2026-10-03T08:48:37.000Z,8-player unranked Rage Forest 2026 (Custom),2026-10-03,Rage Forest 2026 (Custom),220,23,196407,4,49.20018891558348,39.72591666666666,1.690000057220459,8,memb/raw/510962960.aoe2record,fc690cd91ad0637a0218a2f6c2fe04a31d2dafb927e08ababf65ead0cb2ecc7a,173,True,True,68.9,True
510959259,MembTV,2026,2026-10-03T08:21:41.000Z,8-player unranked Rage Forest 2026 (Custom),2026-10-03,Rage Forest 2026 (Custom),220,10,196407,4,49.20018891558348,37.198483333333336,1.690000057220459,8,memb/raw/510959259.aoe2record,60f61d1660dc9030561c00c9f0ded67f3473d6f4bed1e00dfcfbb3db82606eb4,246,True,True,68.9,True
510953127,MembTV,2026,2026-10-03T07:36:09.000Z,8-player unranked Rage Forest 2026 (Custom),2026-10-03,Rage Forest 2026 (Custom),220,16,196407,3,49.20018891558348,52.67948333333333,1.690000057220459,8,memb/raw/510953127.aoe2record,a4404b9f92ae37454a8474ff07d40086393484326cebefa6a1ac4993acab56a2,266,True,True,68.9,True
510947511,MembTV,2026,2026-10-03T07:06:41.000Z,8-player unranked Rage Forest 2026 (Custom),2026-10-03,Rage Forest 2026 (Custom),220,35,196407,3,49.20018891558348,36.869083333333336,1.690000057220459,8,memb/raw/510947511.aoe2record,8f2cc55d862f63aed33ebb21149922ff094c3aa38ede434f69166be40ad56eda,229,True,True,68.9,True
510872211,MembTV,2026,2026-10-02T23:17:48.000Z,8-player unranked Rage Forest 2026 (Custom),2026-10-02,Rage Forest 2026 (Custom),220,19,196407,2,49.19745100857649,50.90455,1.690000057220459,8,memb/raw/510872211.aoe2record,5f057691529dca7662ef0cab6ea6784fa65f9f4f870c3ab9c7252dcb7a6fedfd,275,True,True,68.9,True
510867517,MembTV,2026,2026-10-02T22:47:19.000Z,8-player unranked Rage Forest 2026 (Custom),2026-10-02,Rage Forest 2026 (Custom),220,1,196407,3,49.19745100857649,36.525600000000004,1.690000057220459,8,memb/raw/510867517.aoe2record,189ce85174377d539f0c0f5a452a71a6aa6add9769787c39bac7cb6bb4149d9d,224,True,True,68.9,True
510860186,MembTV,2026,2026-10-02T22:10:01.000Z,8-player unranked Rage Forest 2026 (Custom),2026-10-02,Rage Forest 2026 (Custom),220,13,196407,3,49.19745100857649,51.959383333333335,1.690000057220459,8,memb/raw/510860186.aoe2record,b015e302de6c19da779fc04a792b92730b2766699b94ecbadfc1225abab50674,263,True,True,68.9,True
510732730,MembTV,2026,2026-10-02T11:45:07.000Z,8-player unranked Rage Forest 2026 (Custom),2026-10-02,Rage Forest 2026 (Custom),220,59,196407,1,49.19745100857649,34.756750000000004,1.690000057220459,8,memb/raw/510732730.aoe2record,1079b051298f3b27d64d9dfed920306079cc1a2494565a39ae1fd0cc702f0329,164,True,True,68.9,True
510729249,MembTV,2026,2026-10-02T11:20:33.000Z,8-player unranked Rage Forest 2026 (Custom),2026-10-02,Rage Forest 2026 (Custom),220,51,196407,1,49.19745100857649,30.571849999999998,1.690000057220459,8,memb/raw/510729249.aoe2record,47f7c8f7fbc3ca2f14884f9f9967117b4ed0f8504f1c63e81620448dcf1a7929,150,True,True,68.9,True
510725857,MembTV,2026,2026-10-02T10:59:11.000Z,8-player unranked Rage Forest 2026 (Custom),2026-10-02,Rage Forest 2026 (Custom),220,44,196407,1,49.19745100857649,25.876283333333333,1.690000057220459,8,memb/raw/510725857.aoe2record,893249e890bef920afa9f1362eab1c74f5bde6c3faa983c16f4fd235e3e3b43d,112,True,True,68.9,True
510718973,MembTV,2026,2026-10-02T09:59:08.000Z,8-player unranked Rage Forest 2026 (Custom),2026-10-02,Rage Forest 2026 (Custom),220,31,196407,2,49.19745100857649,74.85813333333334,1.690000057220459,8,memb/raw/510718973.aoe2record,29a9bacd1bebd5e09eab96d89c02a6917d5fd584613fab125f34252fba972160,329,True,True,68.9,True
510617671,MembTV,2026,2026-10-01T21:09:04.000Z,8-player unranked Rage Forest 2026 (Custom),2026-10-01,Rage Forest 2026 (Custom),220,32,196407,1,49.194713101569505,51.071416666666664,1.690000057220459,8,memb/raw/510617671.aoe2record,4eef798c9eba47540183800ffcc5a058d3fe6c9905a649d063f0eb7bf4de7ddd,207,True,True,68.9,True
510612190,MembTV,2026,2026-10-01T20:41:09.000Z,8-player unranked Rage Forest 2026 (Custom),2026-10-01,Rage Forest 2026 (Custom),220,30,196407,6,49.194713101569505,40.675533333333334,1.690000057220459,8,memb/raw/510612190.aoe2record,d671d82f7fc54d5ffbe4100f25af8d4b0976fe1325c68464d8779a865d4e86a4,174,True,True,68.9,True
510514824,MembTV,2026,2026-10-01T12:07:31.000Z,8-player unranked Rage Forest 2026 (Custom),2026-10-01,Rage Forest 2026 (Custom),220,11,196407,1,49.194713101569505,44.229033333333334,1.690000057220459,8,memb/raw/510514824.aoe2record,482267701403e8fe291db3effe253345bde59263f2caf4e8017ed3b79aed8f77,204,True,True,68.9,True
510508710,MembTV,2026,2026-10-01T11:18:41.000Z,8-player unranked Rage Forest 2026 (Custom),2026-10-01,Rage Forest 2026 (Custom),220,35,196407,8,49.194713101569505,53.45401666666667,1.690000057220459,8,memb/raw/510508710.aoe2record,1cc6ed7547250e424d425f19d97047f3ac0068613a5fd5f756884ef17d910050,269,True,True,68.9,True
510382409,MembTV,2026,2026-09-30T19:59:20.000Z,8-player unranked Rage Forest 2026 (Custom),2026-09-30,Rage Forest 2026 (Custom),220,20,196407,1,49.19197519456252,132.21761666666666,1.690000057220459,8,memb/raw/510382409.aoe2record,c5ff084feba5cc272d72e761bc595325c9a28ba693fd030e69465e246ac69ed0,412,True,True,68.9,True
510376686,MembTV,2026,2026-09-30T19:33:19.000Z,8-player unranked Rage Forest 2026 (Custom),2026-09-30,Rage Forest 2026 (Custom),220,26,196407,1,49.19197519456252,38.50775,1.690000057220459,8,memb/raw/510376686.aoe2record,7ba1b2d4eccc23ff9509f35855092b51e0de8fde60eae1e243e92d2cb3d38ee2,202,True,True,68.9,True
510365141,MembTV,2026,2026-09-30T18:43:19.000Z,8-player unranked Rage Forest 2026 (Custom),2026-09-30,Rage Forest 2026 (Custom),220,24,196407,1,49.19197519456252,71.66303333333333,1.690000057220459,8,memb/raw/510365141.aoe2record,e46eb714a1d40da3f3b554ce951e372cf0cb24a6180f7361c4db11ef873f2442,352,True,True,68.9,True
510357263,MembTV,2026,2026-09-30T18:10:03.000Z,8-player unranked Rage Forest 2026 (Custom),2026-09-30,Rage Forest 2026 (Custom),220,11,196407,1,49.19197519456252,49.17698333333333,1.690000057220459,8,memb/raw/510357263.aoe2record,74f5f26bc703086a3a6519f9891022f81afc7c8d12281702138b6695fe228adf,227,True,True,68.9,False
510350959,MembTV,2026,2026-09-30T17:35:40.000Z,8-player unranked Rage Forest 2026 (Custom),2026-09-30,Rage Forest 2026 (Custom),220,25,196407,1,49.19197519456252,47.96986666666667,1.690000057220459,8,memb/raw/510350959.aoe2record,090e0517e78b2630cea3e7facde13431a27190a371e80ac83cb7b6c798205e5d,246,True,True,68.9,True
510181138,MembTV,2026,2026-09-29T21:16:45.000Z,8-player unranked Rage Forest 2026 (Custom),2026-09-29,Rage Forest 2026 (Custom),220,61,196407,1,49.18923728755553,72.73851666666665,1.690000057220459,8,memb/raw/510181138.aoe2record,4cde0d17d08d76b7649711642cf982af88b5e5282091bc8743a0938022ae58a6,299,True,True,68.9,True
510175846,MembTV,2026,2026-09-29T20:48:08.000Z,8-player unranked Rage Forest 2026 (Custom),2026-09-29,Rage Forest 2026 (Custom),220,4,196407,1,49.18923728755553,38.79205,1.690000057220459,8,memb/raw/510175846.aoe2record,3287d3b412a4ca1f8ba1a013142e986981e05c63791a4958d0d8ee439bdadc5b,202,True,True,68.9,True
510168423,MembTV,2026,2026-09-29T20:11:13.000Z,8-player unranked Rage Forest 2026 (Custom),2026-09-29,Rage Forest 2026 (Custom),220,20,196407,1,49.18923728755553,54.25921666666667,1.690000057220459,8,memb/raw/510168423.aoe2record,0fd2dec5f660ebd3e07022cf5ba80700fa30b747214a3a6b1f7ef74542a0e679,235,True,True,68.9,True
510162506,MembTV,2026,2026-09-29T19:44:20.000Z,8-player unranked Rage Forest 2026 (Custom),2026-09-29,Rage Forest 2026 (Custom),220,45,196407,1,49.18923728755553,39.7673,1.690000057220459,8,memb/raw/510162506.aoe2record,8cf1eb9e4246d4b43330cbedd268942a4e0061aba73964003be265e909355543,203,True,True,68.9,True
510156210,MembTV,2026,2026-09-29T19:15:29.000Z,8-player unranked Rage Forest 2026 (Custom),2026-09-29,Rage Forest 2026 (Custom),220,12,196407,1,49.18923728755553,42.942249999999994,1.690000057220459,8,memb/raw/510156210.aoe2record,3649c8c1d9403885f86b7737ec6b2997673b3ceb252e2fe78968ac9ef5938f83,217,True,True,68.9,True
510148611,MembTV,2026,2026-09-29T18:41:31.000Z,8-player unranked Rage Forest 2026 (Custom),2026-09-29,Rage Forest 2026 (Custom),220,17,196407,1,49.18923728755553,52.65698333333333,1.690000057220459,8,memb/raw/510148611.aoe2record,5aaf4e9076deaa6c1bf3ad8f912579bef7353e599b76e40e567822549e543c47,240,True,True,68.9,True
510141944,MembTV,2026,2026-09-29T18:14:07.000Z,8-player unranked Rage Forest 2026 (Custom),2026-09-29,Rage Forest 2026 (Custom),220,16,196407,1,49.18923728755553,41.67273333333333,1.690000057220459,8,memb/raw/510141944.aoe2record,091779c7cafe79ad6dbd0c95c6efca48d5c951c75144c20c6dc7453429edef8f,211,True,True,68.9,True
510136293,MembTV,2026,2026-09-29T17:43:47.000Z,8-player unranked Rage Forest 2026 (Custom),2026-09-29,Rage Forest 2026 (Custom),220,41,196407,1,49.18923728755553,38.438316666666665,1.690000057220459,8,memb/raw/510136293.aoe2record,9afdf9c832e2e204815023cfeefe53c6aef9219bfc8bf38cf6bcb3df2b5921c2,200,True,True,68.9,True
510129467,MembTV,2026,2026-09-29T17:06:09.000Z,8-player unranked Rage Forest 2026 (Custom),2026-09-29,Rage Forest 2026 (Custom),220,59,196407,1,49.18923728755553,56.45465,1.690000057220459,8,memb/raw/510129467.aoe2record,e115a5e637be7e8cbb657b387d76239917c350ed1ecc2989ac063b146914131a,268,True,True,68.9,True
510080509,MembTV,2026,2026-09-29T12:31:56.000Z,8-player unranked Rage Forest 2026 (Custom),2026-09-29,Rage Forest 2026 (Custom),220,19,196407,1,49.18923728755553,48.01116666666667,1.690000057220459,8,memb/raw/510080509.aoe2record,9cc25cee839575aafb23dfa939f3ea0bd6ffac1474e153b23840457d7199ab92,200,True,True,68.9,True
510076929,MembTV,2026,2026-09-29T12:01:43.000Z,8-player unranked Rage Forest 2026 (Custom),2026-09-29,Rage Forest 2026 (Custom),220,10,196407,1,49.18923728755553,32.44063333333334,1.690000057220459,8,memb/raw/510076929.aoe2record,cc731e9b515bec53fde48faf07a5d247abb3b7372f91686aa7cf8d74cf8d1b23,144,True,True,68.9,False
510073579,MembTV,2026,2026-09-29T11:34:42.000Z,8-player unranked Rage Forest 2026 (Custom),2026-09-29,Rage Forest 2026 (Custom),220,62,196407,1,49.18923728755553,34.09085,1.690000057220459,8,memb/raw/510073579.aoe2record,7d148826ef00f7b77a47a36086af7883f7905eda339a676f49df85698637cf15,176,True,True,68.9,True
510069029,MembTV,2026,2026-09-29T10:48:01.000Z,8-player unranked Rage Forest 2026 (Custom),2026-09-29,Rage Forest 2026 (Custom),220,18,196407,1,49.18923728755553,43.661550000000005,1.690000057220459,8,memb/raw/510069029.aoe2record,ee97e45e394194cf7460b1cb181b48b0f7cb0b8bf505c22c5f3537786eb55c1f,194,True,True,68.9,False
510063832,MembTV,2026,2026-09-29T10:10:42.000Z,8-player unranked Rage Forest 2026 (Custom),2026-09-29,Rage Forest 2026 (Custom),220,25,196407,4,49.18923728755553,49.43118333333334,1.690000057220459,8,memb/raw/510063832.aoe2record,e2e811c110c989434ab5e34126cd44bc5181d3c7be952528e556a22eab2be23c,197,True,True,68.9,True
509960927,MembTV,2026,2026-09-28T20:57:09.000Z,8-player unranked Rage Forest 2026 (Custom),2026-09-28,Rage Forest 2026 (Custom),220,1,196407,1,49.18649938054854,32.52693333333333,1.690000057220459,8,memb/raw/509960927.aoe2record,e00eda5c028cc176cafbf855d1cc4b51374adb480f641f94db4d273b67b78f07,179,True,True,68.9,True
509952488,MembTV,2026,2026-09-28T20:13:39.000Z,8-player unranked Rage Forest 2026 (Custom),2026-09-28,Rage Forest 2026 (Custom),220,5,196407,1,49.18649938054854,58.83513333333334,1.690000057220459,8,memb/raw/509952488.aoe2record,7d189d39ae55049bffc299caff6ee39199b76d4d3fe42c43b2f61efbc7909eab,257,True,True,68.9,True
509944286,MembTV,2026,2026-09-28T19:36:42.000Z,8-player unranked Rage Forest 2026 (Custom),2026-09-28,Rage Forest 2026 (Custom),220,57,196407,1,49.18649938054854,40.637899999999995,1.690000057220459,8,memb/raw/509944286.aoe2record,4d8cdedf7688ff8d8da76ce91f98ff68ea61a528be703d9f7eb61cbb7e2143b1,205,True,True,68.9,True
509938938,MembTV,2026,2026-09-28T19:13:37.000Z,8-player unranked Rage Forest 2026 (Custom),2026-09-28,Rage Forest 2026 (Custom),220,25,196407,1,49.18649938054854,32.467816666666664,1.690000057220459,8,memb/raw/509938938.aoe2record,06d994f629d1d55fdadf07f4b15a903ef016468cdceae55378ece12984e7c00e,177,True,True,68.9,True
509931662,MembTV,2026,2026-09-28T18:40:48.000Z,8-player unranked Rage Forest 2026 (Custom),2026-09-28,Rage Forest 2026 (Custom),220,31,196407,1,49.18649938054854,47.183416666666666,1.690000057220459,8,memb/raw/509931662.aoe2record,efebfcd648d6d0d94d06b24a3ab9674f7948e00fc3165b0c1355bf40bc8ff0cb,194,True,True,68.9,True
509915433,MembTV,2026,2026-09-28T17:30:30.000Z,8-player unranked Rage Forest 2026 (Custom),2026-09-28,Rage Forest 2026 (Custom),220,22,196407,1,49.18649938054854,108.28098333333334,1.690000057220459,8,memb/raw/509915433.aoe2record,57c11f6fe900e21e0a77ca1185f78f6861854c8e2c512f839db3f3d6f040081f,210,True,True,68.9,True
509908280,MembTV,2026,2026-09-28T16:50:05.000Z,8-player unranked Rage Forest 2026 (Custom),2026-09-28,Rage Forest 2026 (Custom),220,32,196407,2,49.18649938054854,48.33295,1.690000057220459,8,memb/raw/509908280.aoe2record,ed7a247ad164fda3dca2f3064e9573b7cc2261d6485afd7bee3a3faa77b42816,239,True,True,68.9,True
509857983,MembTV,2026,2026-09-28T11:56:59.000Z,8-player rm_team Nomad,2026-09-28,Nomad,220,31,196407,3,49.18649938054854,26.737399999999997,1.690000057220459,8,memb/raw/509857983.aoe2record,f90b9a9d952bacb2e6451823683ceb86ae039150f011580c86edd1a8dc5c2c89,159,True,True,68.9,True
509855601,MembTV,2026,2026-09-28T11:37:25.000Z,6-player rm_team Oasis,2026-09-28,Oasis,200,13,196407,3,49.18649938054854,24.168016666666666,1.690000057220459,6,memb/raw/509855601.aoe2record,829d4e2659f1e8e5e0007da77785f7c7350fad56237cbc1d31a80c72246e6b00,216,True,True,68.9,True
509843237,MembTV,2026,2026-09-28T10:13:13.000Z,8-player unranked Rage Forest 2026 (Custom),2026-09-28,Rage Forest 2026 (Custom),220,33,196407,2,49.18649938054854,100.31418333333333,1.690000057220459,8,memb/raw/509843237.aoe2record,83ed111db54733b8b9dd86e48d0c2e55107907e5832dee0bdbd6b8d4e0be3b90,292,True,True,68.9,True
509719483,MembTV,2026,2026-09-27T20:02:16.000Z,8-player unranked Rage Forest 2026 (Custom),2026-09-27,Rage Forest 2026 (Custom),220,4,196407,4,49.18376147354155,46.45936666666667,1.690000057220459,8,memb/raw/509719483.aoe2record,60e05060695836f3d49799677bcbcb48036687e21b3a1b72ff8cea9b1beae2b7,245,True,True,68.9,True
