game_id,player,year,date,context,cluster,map,map_dimension,civilization_id,profile_id,slot,age_years,late_window,partial_recording,core_cpm_late_over_opening,burst_p95_late_over_opening,p_gap_late_minus_opening,opening_core_cpm,late_core_cpm,opening_gap_count,late_gap_count
511239187,MembTV,2026,2026-10-04T09:22:18.000Z,8-player unranked Rage Forest 2026 (Custom),2026-10-04,Rage Forest 2026 (Custom),220,13,196407,1,49.20292682259047,40-45,False,0.7468354430379746,1.056818181818182,0.07716727716727717,53.404001808166505,39.884001350402826,315,117
511239187,MembTV,2026,2026-10-04T09:22:18.000Z,8-player unranked Rage Forest 2026 (Custom),2026-10-04,Rage Forest 2026 (Custom),220,13,196407,1,49.20292682259047,40+,False,0.6861034697395972,0.818181818181818,0.08790366721401205,53.404001808166505,36.640670938562764,315,203
511239187,MembTV,2026,2026-10-04T09:22:18.000Z,8-player unranked Rage Forest 2026 (Custom),2026-10-04,Rage Forest 2026 (Custom),220,13,196407,1,49.20292682259047,40+ excluding final minute,False,0.7150081233703617,0.863636363636363,0.08042328042328042,53.404001808166505,38.18429511332454,315,189
511121619,MembTV,2026,2026-10-03T21:33:33.000Z,8-player unranked Rage Forest 2026 (Custom),2026-10-03,Rage Forest 2026 (Custom),220,7,196407,1,49.20018891558348,40-45,False,1.042016806722689,0.8796680497925318,0.020558761008199214,60.33300204277039,62.86800212860107,356,185
511121619,MembTV,2026,2026-10-03T21:33:33.000Z,8-player unranked Rage Forest 2026 (Custom),2026-10-03,Rage Forest 2026 (Custom),220,7,196407,1,49.20018891558348,40+,False,0.9496502542454167,0.9045643153526978,0.021351898643442106,60.33300204277039,57.29525072930615,356,627
511121619,MembTV,2026,2026-10-03T21:33:33.000Z,8-player unranked Rage Forest 2026 (Custom),2026-10-03,Rage Forest 2026 (Custom),220,7,196407,1,49.20018891558348,40+ excluding final minute,False,0.9830624101247178,0.9107883817427392,0.02077004721297076,60.33300204277039,59.311106398225384,356,614
511107222,MembTV,2026,2026-10-03T20:26:44.000Z,8-player unranked Rage Forest 2026 (Custom),2026-10-03,Rage Forest 2026 (Custom),220,57,196407,2,49.20018891558348,40-45,False,1.5317725752508364,1.3988439306358382,-0.009566701989874013,50.531001710891715,77.40200262069702,298,228
511107222,MembTV,2026,2026-10-03T20:26:44.000Z,8-player unranked Rage Forest 2026 (Custom),2026-10-03,Rage Forest 2026 (Custom),220,57,196407,2,49.20018891558348,40+,False,1.2478305501879234,1.317919075144508,0.0031696212581721686,50.531001710891715,63.054127666448906,298,1082
511107222,MembTV,2026,2026-10-03T20:26:44.000Z,8-player unranked Rage Forest 2026 (Custom),2026-10-03,Rage Forest 2026 (Custom),220,57,196407,2,49.20018891558348,40+ excluding final minute,False,1.2279143914633484,1.3294797687861273,0.005451387982137727,50.531001710891715,62.04774421586301,298,1028
510975120,MembTV,2026,2026-10-03T10:16:20.000Z,8-player unranked Rage Forest 2026 (Custom),2026-10-03,Rage Forest 2026 (Custom),220,21,196407,4,49.20018891558348,40-45,False,0.5362776025236593,0.4200913242009134,0.04852320675105485,53.573001813888546,28.730000972747803,316,84
510975120,MembTV,2026,2026-10-03T10:16:20.000Z,8-player unranked Rage Forest 2026 (Custom),2026-10-03,Rage Forest 2026 (Custom),220,21,196407,4,49.20018891558348,40+,False,0.6071349474321899,0.5479452054794522,0.05417292426517915,53.573001813888546,32.52604164005984,316,236
510975120,MembTV,2026,2026-10-03T10:16:20.000Z,8-player unranked Rage Forest 2026 (Custom),2026-10-03,Rage Forest 2026 (Custom),220,21,196407,4,49.20018891558348,40+ excluding final minute,False,0.6245503609157576,0.5525114155251141,0.05039166713969461,53.573001813888546,33.459037618204626,316,223
510953127,MembTV,2026,2026-10-03T07:36:09.000Z,8-player unranked Rage Forest 2026 (Custom),2026-10-03,Rage Forest 2026 (Custom),220,16,196407,3,49.20018891558348,40-45,False,1.225806451612903,1.126315789473684,-0.014371129045231516,41.91200141906739,51.37600173950195,247,151
510953127,MembTV,2026,2026-10-03T07:36:09.000Z,8-player unranked Rage Forest 2026 (Custom),2026-10-03,Rage Forest 2026 (Custom),220,16,196407,3,49.20018891558348,40+,False,1.198914222574196,1.094736842105263,-0.010196830045654234,41.91200141906739,50.24889459786978,247,376
510953127,MembTV,2026,2026-10-03T07:36:09.000Z,8-player unranked Rage Forest 2026 (Custom),2026-10-03,Rage Forest 2026 (Custom),220,16,196407,3,49.20018891558348,40+ excluding final minute,False,1.2739461013313536,1.105263157894737,-0.014533092765358212,41.91200141906739,53.393630806815054,247,368
510872211,MembTV,2026,2026-10-02T23:17:48.000Z,8-player unranked Rage Forest 2026 (Custom),2026-10-02,Rage Forest 2026 (Custom),220,19,196407,2,49.19745100857649,40-45,False,0.9417249417249416,0.7138461538461539,-0.010473334263263124,72.5010024547577,68.27600231170653,428,201
510872211,MembTV,2026,2026-10-02T23:17:48.000Z,8-player unranked Rage Forest 2026 (Custom),2026-10-02,Rage Forest 2026 (Custom),220,19,196407,2,49.19745100857649,40+,False,0.8828461171749061,0.5415384615384616,-0.008529171581526176,72.5010024547577,64.00722850847117,428,412
510872211,MembTV,2026,2026-10-02T23:17:48.000Z,8-player unranked Rage Forest 2026 (Custom),2026-10-02,Rage Forest 2026 (Custom),220,19,196407,2,49.19745100857649,40+ excluding final minute,False,0.9625676617109844,0.5599999999999999,-0.010765988638446033,72.5010024547577,69.78712040457846,428,408
510860186,MembTV,2026,2026-10-02T22:10:01.000Z,8-player unranked Rage Forest 2026 (Custom),2026-10-02,Rage Forest 2026 (Custom),220,13,196407,3,49.19745100857649,40-45,False,0.5200945626477541,0.46451612903225803,0.04495847645549807,71.48700242042541,37.18000125885009,422,109
510860186,MembTV,2026,2026-10-02T22:10:01.000Z,8-player unranked Rage Forest 2026 (Custom),2026-10-02,Rage Forest 2026 (Custom),220,13,196407,3,49.19745100857649,40+,False,0.5495353594524128,0.5129032258064513,0.050986363714134175,71.48700242042541,39.284635571283985,422,277
510860186,MembTV,2026,2026-10-02T22:10:01.000Z,8-player unranked Rage Forest 2026 (Custom),2026-10-02,Rage Forest 2026 (Custom),220,13,196407,3,49.19745100857649,40+ excluding final minute,False,0.5759499914917948,0.5258064516129032,0.04675195096746605,71.48700242042541,41.17293843581793,422,266
510718973,MembTV,2026,2026-10-02T09:59:08.000Z,8-player unranked Rage Forest 2026 (Custom),2026-10-02,Rage Forest 2026 (Custom),220,31,196407,2,49.19745100857649,40-45,False,0.7905604719764012,0.8947368421052626,0.03808337411576278,57.29100193977355,45.2920015335083,338,133
510718973,MembTV,2026,2026-10-02T09:59:08.000Z,8-player unranked Rage Forest 2026 (Custom),2026-10-02,Rage Forest 2026 (Custom),220,31,196407,2,49.19745100857649,40+,False,0.7057684264457962,0.784210526315789,0.047244933476349116,57.29100193977355,40.434180288537036,338,833
510718973,MembTV,2026,2026-10-02T09:59:08.000Z,8-player unranked Rage Forest 2026 (Custom),2026-10-02,Rage Forest 2026 (Custom),220,31,196407,2,49.19745100857649,40+ excluding final minute,False,0.7205146248263795,0.7894736842105263,0.046685387624109925,57.29100193977355,41.27900476856332,338,826
510617671,MembTV,2026,2026-10-01T21:09:04.000Z,8-player unranked Rage Forest 2026 (Custom),2026-10-01,Rage Forest 2026 (Custom),220,32,196407,1,49.194713101569505,40-45,False,0.6576576576576578,0.5351170568561873,0.0050128434654004815,75.03600254058837,49.348001670837405,443,145
510617671,MembTV,2026,2026-10-01T21:09:04.000Z,8-player unranked Rage Forest 2026 (Custom),2026-10-01,Rage Forest 2026 (Custom),220,32,196407,1,49.194713101569505,40+,False,0.5980825960202284,0.5183946488294319,0.011556329401613264,75.03600254058837,44.877727194455545,443,293
510617671,MembTV,2026,2026-10-01T21:09:04.000Z,8-player unranked Rage Forest 2026 (Custom),2026-10-01,Rage Forest 2026 (Custom),220,32,196407,1,49.194713101569505,40+ excluding final minute,False,0.6574667537623761,0.5518394648829428,0.011556329401613264,75.03600254058837,49.33367700566604,443,293
510508710,MembTV,2026,2026-10-01T11:18:41.000Z,8-player unranked Rage Forest 2026 (Custom),2026-10-01,Rage Forest 2026 (Custom),220,35,196407,8,49.194713101569505,40-45,False,0.7989821882951654,0.5077399380804953,0.016810570381998954,66.41700224876404,53.06600179672241,392,156
510508710,MembTV,2026,2026-10-01T11:18:41.000Z,8-player unranked Rage Forest 2026 (Custom),2026-10-01,Rage Forest 2026 (Custom),220,35,196407,8,49.194713101569505,40+,False,0.7357073411422269,0.5479876160990711,0.028639806438039133,66.41700224876404,48.863476131075494,392,388
510508710,MembTV,2026,2026-10-01T11:18:41.000Z,8-player unranked Rage Forest 2026 (Custom),2026-10-01,Rage Forest 2026 (Custom),220,35,196407,8,49.194713101569505,40+ excluding final minute,False,0.7273576401477962,0.5526315789473685,0.028276803679218167,66.41700224876404,48.30891402135189,392,355
510382409,MembTV,2026,2026-09-30T19:59:20.000Z,8-player unranked Rage Forest 2026 (Custom),2026-09-30,Rage Forest 2026 (Custom),220,20,196407,1,49.19197519456252,40-45,False,1.0320855614973263,0.8060836501901141,0.004440348525469168,63.20600214004516,65.23400220870971,373,192
510382409,MembTV,2026,2026-09-30T19:59:20.000Z,8-player unranked Rage Forest 2026 (Custom),2026-09-30,Rage Forest 2026 (Custom),220,20,196407,1,49.19197519456252,40+,False,0.8379388891825328,0.7604562737642586,0.027880552748383674,63.20600214004516,52.96276722289823,373,2889
510382409,MembTV,2026,2026-09-30T19:59:20.000Z,8-player unranked Rage Forest 2026 (Custom),2026-09-30,Rage Forest 2026 (Custom),220,20,196407,1,49.19197519456252,40+ excluding final minute,False,0.8351070042380554,0.7566539923954365,0.027614505828839956,63.20600214004516,52.78377509703723,373,2848
510365141,MembTV,2026,2026-09-30T18:43:19.000Z,8-player unranked Rage Forest 2026 (Custom),2026-09-30,Rage Forest 2026 (Custom),220,24,196407,1,49.19197519456252,40-45,False,0.7282051282051282,0.4945454545454548,0.007183357946361834,65.9100022315979,47.996001625061034,389,141
510365141,MembTV,2026,2026-09-30T18:43:19.000Z,8-player unranked Rage Forest 2026 (Custom),2026-09-30,Rage Forest 2026 (Custom),220,24,196407,1,49.19197519456252,40+,False,0.955575226728443,0.7436363636363637,-0.004528695181965456,65.9100022315979,62.981965326131345,389,1179
510365141,MembTV,2026,2026-09-30T18:43:19.000Z,8-player unranked Rage Forest 2026 (Custom),2026-09-30,Rage Forest 2026 (Custom),220,24,196407,1,49.19197519456252,40+ excluding final minute,False,0.9683421522432882,0.750909090909091,-0.005805724849080037,65.9100022315979,63.823433415305445,389,1157
510357263,MembTV,2026,2026-09-30T18:10:03.000Z,8-player unranked Rage Forest 2026 (Custom),2026-09-30,Rage Forest 2026 (Custom),220,11,196407,1,49.19197519456252,40-45,True,1.2461059190031152,1.1727272727272724,-0.02989949748743719,54.24900183677673,67.60000228881835,320,199
510357263,MembTV,2026,2026-09-30T18:10:03.000Z,8-player unranked Rage Forest 2026 (Custom),2026-09-30,Rage Forest 2026 (Custom),220,11,196407,1,49.19197519456252,40+,True,1.140602455014393,1.065909090909091,-0.020149253731343287,54.24900183677673,61.87654467710785,320,335
510357263,MembTV,2026,2026-09-30T18:10:03.000Z,8-player unranked Rage Forest 2026 (Custom),2026-09-30,Rage Forest 2026 (Custom),220,11,196407,1,49.19197519456252,40+ excluding final minute,True,1.2267546892364636,1.0727272727272728,-0.025077881619937698,54.24900183677673,66.55021738966337,320,321
510350959,MembTV,2026,2026-09-30T17:35:40.000Z,8-player unranked Rage Forest 2026 (Custom),2026-09-30,Rage Forest 2026 (Custom),220,25,196407,1,49.19197519456252,40-45,False,1.1815181518151816,0.8761904761904761,-0.006027234169209021,51.207001733779904,60.50200204849243,302,178
510350959,MembTV,2026,2026-09-30T17:35:40.000Z,8-player unranked Rage Forest 2026 (Custom),2026-09-30,Rage Forest 2026 (Custom),220,25,196407,1,49.19197519456252,40+,False,1.192610979905499,0.9357142857142856,-0.008376214320326744,51.207001733779904,61.07003251574583,302,287
510350959,MembTV,2026,2026-09-30T17:35:40.000Z,8-player unranked Rage Forest 2026 (Custom),2026-09-30,Rage Forest 2026 (Custom),220,25,196407,1,49.19197519456252,40+ excluding final minute,False,1.1411689433855197,0.8976190476190475,-0.006401766004415013,51.207001733779904,58.435840062478086,302,240
510181138,MembTV,2026,2026-09-29T21:16:45.000Z,8-player unranked Rage Forest 2026 (Custom),2026-09-29,Rage Forest 2026 (Custom),220,61,196407,1,49.18923728755553,40-45,False,1.5666666666666667,1.3076923076923082,-0.012077294685990336,50.70000171661377,79.43000268936157,299,234
510181138,MembTV,2026,2026-09-29T21:16:45.000Z,8-player unranked Rage Forest 2026 (Custom),2026-09-29,Rage Forest 2026 (Custom),220,61,196407,1,49.18923728755553,40+,False,0.8786795980880829,0.9478021978021984,0.035000659584539344,50.70000171661377,44.5490571314193,299,862
510181138,MembTV,2026,2026-09-29T21:16:45.000Z,8-player unranked Rage Forest 2026 (Custom),2026-09-29,Rage Forest 2026 (Custom),220,61,196407,1,49.18923728755553,40+ excluding final minute,False,0.8769575977873364,0.9587912087912087,0.03609954845488158,50.70000171661377,44.46175171321544,299,834
510168423,MembTV,2026,2026-09-29T20:11:13.000Z,8-player unranked Rage Forest 2026 (Custom),2026-09-29,Rage Forest 2026 (Custom),220,20,196407,1,49.18923728755553,40-45,False,1.2158590308370045,0.8366013071895424,-0.02125185711517344,38.363001298904415,46.64400157928467,226,137
510168423,MembTV,2026,2026-09-29T20:11:13.000Z,8-player unranked Rage Forest 2026 (Custom),2026-09-29,Rage Forest 2026 (Custom),220,20,196407,1,49.18923728755553,40+,False,1.4643902085824587,1.1111111111111114,-0.041591049411588615,38.363001298904415,56.17840347395177,226,473
510168423,MembTV,2026,2026-09-29T20:11:13.000Z,8-player unranked Rage Forest 2026 (Custom),2026-09-29,Rage Forest 2026 (Custom),220,20,196407,1,49.18923728755553,40+ excluding final minute,False,1.475160400298065,1.1111111111111114,-0.041271299866157934,38.363001298904415,56.59158035272702,226,443
510148611,MembTV,2026,2026-09-29T18:41:31.000Z,8-player unranked Rage Forest 2026 (Custom),2026-09-29,Rage Forest 2026 (Custom),220,17,196407,1,49.18923728755553,40-45,False,0.8195991091314031,0.5892351274787535,0.009465261514441842,75.8810025691986,62.19200210571288,448,183
510148611,MembTV,2026,2026-09-29T18:41:31.000Z,8-player unranked Rage Forest 2026 (Custom),2026-09-29,Rage Forest 2026 (Custom),220,17,196407,1,49.18923728755553,40+,False,0.7144132231365211,0.4773371104815865,0.021649029982363316,75.8810025691986,54.21039162029181,448,405
510148611,MembTV,2026,2026-09-29T18:41:31.000Z,8-player unranked Rage Forest 2026 (Custom),2026-09-29,Rage Forest 2026 (Custom),220,17,196407,1,49.18923728755553,40+ excluding final minute,False,0.7470406609932954,0.481586402266289,0.020604395604395608,75.8810025691986,56.686194316128066,448,390
510129467,MembTV,2026,2026-09-29T17:06:09.000Z,8-player unranked Rage Forest 2026 (Custom),2026-09-29,Rage Forest 2026 (Custom),220,59,196407,1,49.18923728755553,40-45,False,1.1728665207877462,1.0181818181818187,-0.003843879361324659,77.23300261497496,90.5840030670166,456,267
510129467,MembTV,2026,2026-09-29T17:06:09.000Z,8-player unranked Rage Forest 2026 (Custom),2026-09-29,Rage Forest 2026 (Custom),220,59,196407,1,49.18923728755553,40+,False,1.094447632446133,1.0181818181818187,-0.014150339352029707,77.23300261497496,84.52747685866535,456,822
510129467,MembTV,2026,2026-09-29T17:06:09.000Z,8-player unranked Rage Forest 2026 (Custom),2026-09-29,Rage Forest 2026 (Custom),220,59,196407,1,49.18923728755553,40+ excluding final minute,False,1.0902230278451244,0.9945454545454548,-0.013311888303333104,77.23300261497496,84.20119796046842,456,769
510080509,MembTV,2026,2026-09-29T12:31:56.000Z,8-player unranked Rage Forest 2026 (Custom),2026-09-29,Rage Forest 2026 (Custom),220,19,196407,1,49.18923728755553,40-45,False,1.3407407407407408,0.7345132743362831,-0.02430813713341594,45.63000154495239,61.17800207138062,269,180
510080509,MembTV,2026,2026-09-29T12:31:56.000Z,8-player unranked Rage Forest 2026 (Custom),2026-09-29,Rage Forest 2026 (Custom),220,19,196407,1,49.18923728755553,40+,False,1.257503993268655,0.6327433628318584,-0.015226546317507778,45.63000154495239,57.379909155632525,269,271
510080509,MembTV,2026,2026-09-29T12:31:56.000Z,8-player unranked Rage Forest 2026 (Custom),2026-09-29,Rage Forest 2026 (Custom),220,19,196407,1,49.18923728755553,40+ excluding final minute,False,1.2995142669233997,0.6504424778761062,-0.01829906683863136,45.63000154495239,59.29683800740241,269,245
510063832,MembTV,2026,2026-09-29T10:10:42.000Z,8-player unranked Rage Forest 2026 (Custom),2026-09-29,Rage Forest 2026 (Custom),220,25,196407,4,49.18923728755553,40-45,False,0.6167023554603855,0.6639999999999998,0.0495062877037126,78.92300267219542,48.672001647949216,466,143
510063832,MembTV,2026,2026-09-29T10:10:42.000Z,8-player unranked Rage Forest 2026 (Custom),2026-09-29,Rage Forest 2026 (Custom),220,25,196407,4,49.18923728755553,40+,False,0.44955426524315434,0.576,0.09000893226727086,78.92300267219542,35.48017247708232,466,197
510063832,MembTV,2026,2026-09-29T10:10:42.000Z,8-player unranked Rage Forest 2026 (Custom),2026-09-29,Rage Forest 2026 (Custom),220,25,196407,4,49.18923728755553,40+ excluding final minute,False,0.4622383501829442,0.584,0.09300974557181134,78.92300267219542,36.481238546679705,466,181
509952488,MembTV,2026,2026-09-28T20:13:39.000Z,8-player unranked Rage Forest 2026 (Custom),2026-09-28,Rage Forest 2026 (Custom),220,5,196407,1,49.18649938054854,40-45,False,0.5766871165644172,0.5046728971962621,0.04757650951199338,55.09400186538696,31.772001075744626,325,93
509952488,MembTV,2026,2026-09-28T20:13:39.000Z,8-player unranked Rage Forest 2026 (Custom),2026-09-28,Rage Forest 2026 (Custom),220,5,196407,1,49.18649938054854,40+,False,0.7377545608812109,0.5607476635514025,0.03867937372362151,55.09400186538696,40.64585115338717,325,452
509952488,MembTV,2026,2026-09-28T20:13:39.000Z,8-player unranked Rage Forest 2026 (Custom),2026-09-28,Rage Forest 2026 (Custom),220,5,196407,1,49.18649938054854,40+ excluding final minute,False,0.7447215751470162,0.5607476635514025,0.03943732193732194,55.09400186538696,41.029691850343625,325,432
509931662,MembTV,2026,2026-09-28T18:40:48.000Z,8-player unranked Rage Forest 2026 (Custom),2026-09-28,Rage Forest 2026 (Custom),220,31,196407,1,49.18649938054854,40-45,False,0.5593667546174143,0.485355648535565,0.07407407407407407,64.05100216865539,35.828001213073726,378,105
509931662,MembTV,2026,2026-09-28T18:40:48.000Z,8-player unranked Rage Forest 2026 (Custom),2026-09-28,Rage Forest 2026 (Custom),220,31,196407,1,49.18649938054854,40+,False,0.6391149555685017,0.5774058577405858,0.04820014068568981,64.05100216865539,40.93595340513819,378,173
509931662,MembTV,2026,2026-09-28T18:40:48.000Z,8-player unranked Rage Forest 2026 (Custom),2026-09-28,Rage Forest 2026 (Custom),220,31,196407,1,49.18649938054854,40+ excluding final minute,False,0.6187287265328906,0.5439330543933056,0.05522486772486773,64.05100216865539,39.63019500496756,378,144
509915433,MembTV,2026,2026-09-28T17:30:30.000Z,8-player unranked Rage Forest 2026 (Custom),2026-09-28,Rage Forest 2026 (Custom),220,22,196407,1,49.18649938054854,40-45,False,0.593186372745491,0.5722379603399432,0.04995492172772724,84.3310028553009,50.02400169372559,498,147
509915433,MembTV,2026,2026-09-28T17:30:30.000Z,8-player unranked Rage Forest 2026 (Custom),2026-09-28,Rage Forest 2026 (Custom),220,22,196407,1,49.18649938054854,40+,False,0.6136966043776043,0.509915014164306,0.03695163428834958,84.3310028553009,51.75365009605621,498,2090
509915433,MembTV,2026,2026-09-28T17:30:30.000Z,8-player unranked Rage Forest 2026 (Custom),2026-09-28,Rage Forest 2026 (Custom),220,22,196407,1,49.18649938054854,40+ excluding final minute,False,0.6198394367545745,0.5141643059490079,0.03625463392029657,84.3310028553009,52.27168131077813,498,2080
509908280,MembTV,2026,2026-09-28T16:50:05.000Z,8-player unranked Rage Forest 2026 (Custom),2026-09-28,Rage Forest 2026 (Custom),220,32,196407,2,49.18649938054854,40-45,False,1.0035587188612098,0.8524590163934427,0.014285714285714277,47.4890016078949,47.65800161361694,280,140
509908280,MembTV,2026,2026-09-28T16:50:05.000Z,8-player unranked Rage Forest 2026 (Custom),2026-09-28,Rage Forest 2026 (Custom),220,32,196407,2,49.18649938054854,40+,False,1.0975593845288416,0.9617486338797815,-0.0031250000000000028,47.4890016078949,52.121999376650294,280,256
509908280,MembTV,2026,2026-09-28T16:50:05.000Z,8-player unranked Rage Forest 2026 (Custom),2026-09-28,Rage Forest 2026 (Custom),220,32,196407,2,49.18649938054854,40+ excluding final minute,False,1.1113489376268515,0.969945355191257,0.0026315789473684154,47.4890016078949,52.776851485893836,280,228
509843237,MembTV,2026,2026-09-28T10:13:13.000Z,8-player unranked Rage Forest 2026 (Custom),2026-09-28,Rage Forest 2026 (Custom),220,33,196407,2,49.18649938054854,40-45,False,0.9935897435897435,0.829015544041451,-0.012548544702885543,52.72800178527832,52.39000177383423,311,154
509843237,MembTV,2026,2026-09-28T10:13:13.000Z,8-player unranked Rage Forest 2026 (Custom),2026-09-28,Rage Forest 2026 (Custom),220,33,196407,2,49.18649938054854,40+,False,0.9092346204319036,0.984455958549223,0.01346345499332468,52.72800178527832,47.942124689370274,311,1710
509843237,MembTV,2026,2026-09-28T10:13:13.000Z,8-player unranked Rage Forest 2026 (Custom),2026-09-28,Rage Forest 2026 (Custom),220,33,196407,2,49.18649938054854,40+ excluding final minute,False,0.9034895294533588,0.9611398963730563,0.014229883332274991,52.72800178527832,47.63919752199698,311,1671
509719483,MembTV,2026,2026-09-27T20:02:16.000Z,8-player unranked Rage Forest 2026 (Custom),2026-09-27,Rage Forest 2026 (Custom),220,4,196407,4,49.18376147354155,40-45,False,0.49246231155778886,0.572769953051643,0.0648419849905217,67.26200227737426,33.12400112152099,397,97
509719483,MembTV,2026,2026-09-27T20:02:16.000Z,8-player unranked Rage Forest 2026 (Custom),2026-09-27,Rage Forest 2026 (Custom),220,4,196407,4,49.18376147354155,40+,False,0.49011448166672333,0.7840375586854459,0.06236775818639799,67.26200227737426,32.96608138204125,397,125
509719483,MembTV,2026,2026-09-27T20:02:16.000Z,8-player unranked Rage Forest 2026 (Custom),2026-09-27,Rage Forest 2026 (Custom),220,4,196407,4,49.18376147354155,40+ excluding final minute,False,0.5338664798093081,0.8028169014084507,0.060628627751615385,67.26200227737426,35.90892838074746,397,115
