game_id,player,year,date,context,cluster,map,map_dimension,civilization_id,profile_id,slot,age_years,window,window_game_seconds,window_nominal_seconds,n_recorded_actions,n_core_commands,all_recorded_cpm,core_cpm,burst_p95_10s_core_cpm,peak_10s_core_cpm,complete_10s_bins,adjacent_core_gaps,long_gap_count_gt5s,p_core_gap_gt5s,core_gap_p50_s,core_gap_p99_s,silence_time_gt5s_fraction,approx_repeat_pairs,approx_repeat_pairs_per_core_command,approx_dedup_core_cpm,explicit_actor_coverage,distinct_explicit_actor_ids,distinct_commanded_production_ids,positive_queue_request_cpm,core_category_entropy_bits,session_id,observed_game_ordinal,session_elapsed_hours,left_log_boundary_censored,gap_threshold_minutes
511243727,MembTV,2026,2026-10-04T10:06:19.000Z,8-player unranked Rage Forest 2026 (Custom),2026-10-04,Rage Forest 2026 (Custom),220,5,196407,1,49.20292682259047,0-10,600,355.02957377813306,418,340,70.64200239181518,57.460001945495605,173.99999999999983,222,35,339,11,0.032448377581120944,0.3710059045981211,10.181301430426757,0.26789999999999947,144,0.4235294117647059,33.12400112152099,0.33993399339933994,28,1,4.5630001544952385,1.3148651090190717,memb-15-32,3,1.2575,False,15
511239187,MembTV,2026,2026-10-04T09:22:18.000Z,8-player unranked Rage Forest 2026 (Custom),2026-10-04,Rage Forest 2026 (Custom),220,13,196407,1,49.20292682259047,0-10,600,355.02957377813306,386,316,65.23400220870971,53.404001808166505,105.59999999999997,138,35,315,8,0.025396825396825397,0.4846153682071872,7.270106262722596,0.16992166666666647,140,0.4430379746835443,29.744001007080076,0.297029702970297,28,2,4.225000143051147,0.7743802531113843,memb-15-32,2,0.5238888888888888,False,15
511234303,MembTV,2026,2026-10-04T08:50:52.000Z,8-player unranked Rage Forest 2026 (Custom),2026-10-04,Rage Forest 2026 (Custom),220,14,196407,5,49.20292682259047,0-10,600,355.02957377813306,357,279,60.33300204277039,47.151001596450804,129.59999999999997,210,35,278,14,0.050359712230215826,0.489940811813824,10.444792545765802,0.3109733333333333,118,0.4229390681003584,27.209000921249388,0.31835205992509363,28,2,5.070000171661377,0.9688853905749184,memb-15-32,1,0.0,False,15
511121619,MembTV,2026,2026-10-03T21:33:33.000Z,8-player unranked Rage Forest 2026 (Custom),2026-10-03,Rage Forest 2026 (Custom),220,7,196407,1,49.20018891558348,0-10,600,355.02957377813306,433,357,73.17700247764587,60.33300204277039,144.59999999999988,228,35,356,10,0.028089887640449437,0.2502958495135914,8.204171319854183,0.2323349999999997,170,0.47619047619047616,31.60300107002258,0.28402366863905326,29,2,4.732000160217284,1.1907904428588234,memb-15-31,1,0.0,False,15
511107222,MembTV,2026,2026-10-03T20:26:44.000Z,8-player unranked Rage Forest 2026 (Custom),2026-10-03,Rage Forest 2026 (Custom),220,57,196407,2,49.20018891558348,0-10,600,355.02957377813306,389,299,65.74100222587586,50.531001710891715,103.79999999999998,150,35,298,12,0.040268456375838924,0.4881656639449261,8.06143759687615,0.25060333333333323,126,0.4214046822742475,29.237000989913938,0.3380281690140845,27,2,5.408000183105469,0.9890245235161965,memb-15-30,2,0.4672222222222222,False,15
511098379,MembTV,2026,2026-10-03T19:58:42.000Z,8-player unranked Rage Forest 2026 (Custom),2026-10-03,Rage Forest 2026 (Custom),220,22,196407,7,49.20018891558348,0-10,600,355.02957377813306,336,266,56.78400192260742,44.9540015220642,149.39999999999995,186,35,265,12,0.045283018867924525,0.48402365225086896,11.225703761929042,0.36465000000000003,118,0.44360902255639095,25.012000846862794,0.296875,29,2,4.5630001544952385,1.061111216880533,memb-15-30,1,0.0,False,15
510975120,MembTV,2026,2026-10-03T10:16:20.000Z,8-player unranked Rage Forest 2026 (Custom),2026-10-03,Rage Forest 2026 (Custom),220,21,196407,4,49.20018891558348,0-10,600,355.02957377813306,398,317,67.26200227737426,53.573001813888546,131.39999999999995,168,35,316,11,0.03481012658227848,0.5999999796850375,7.627692049431966,0.21560499999999996,120,0.3785488958990536,33.293001127243045,0.3468013468013468,24,1,3.887000131607055,1.196022833797582,memb-15-29,7,3.160833333333333,False,15
510971234,MembTV,2026,2026-10-03T09:47:46.000Z,8-player unranked Rage Forest 2026 (Custom),2026-10-03,Rage Forest 2026 (Custom),220,9,196407,2,49.20018891558348,0-10,600,355.02957377813306,391,325,66.07900223731994,54.92500185966492,138.0,144,35,324,7,0.021604938271604937,0.489940811813824,6.469786763192788,0.1272116666666664,132,0.40615384615384614,32.617001104354856,0.47635135135135137,26,1,4.225000143051147,1.4340128202549818,memb-15-29,6,2.6847222222222222,False,15
510966979,MembTV,2026,2026-10-03T09:17:04.000Z,8-player unranked Rage Forest 2026 (Custom),2026-10-03,Rage Forest 2026 (Custom),220,37,196407,7,49.20018891558348,0-10,600,355.02957377813306,471,395,79.59900269508361,66.75500226020813,207.59999999999997,228,35,394,8,0.02030456852791878,0.24615383781950584,7.348124011560331,0.1917566666666667,229,0.579746835443038,28.05400094985962,0.24736842105263157,31,2,4.9010001659393305,1.0145466423519651,memb-15-29,5,2.1730555555555555,False,15
510962960,MembTV,2026,2026-10-03T08:48:37.000Z,8-player unranked Rage Forest 2026 (Custom),2026-10-03,Rage Forest 2026 (Custom),220,23,196407,4,49.20018891558348,0-10,600,355.02957377813306,392,314,66.24800224304198,53.06600179672241,139.19999999999993,162,35,313,11,0.03514376996805112,0.4769230607752917,9.723904996209278,0.2432583333333334,139,0.4426751592356688,29.57500100135803,0.2739273927392739,28,2,4.732000160217284,0.7510723943678651,memb-15-29,4,1.698888888888889,False,15
510959259,MembTV,2026,2026-10-03T08:21:41.000Z,8-player unranked Rage Forest 2026 (Custom),2026-10-03,Rage Forest 2026 (Custom),220,10,196407,4,49.20018891558348,0-10,600,355.02957377813306,419,346,70.81100239753722,58.474001979827875,175.7999999999998,228,35,345,11,0.03188405797101449,0.361538449297397,7.4283074407981315,0.2383866666666665,170,0.4913294797687861,29.744001007080076,0.428125,23,1,4.225000143051147,1.3810228765034938,memb-15-29,3,1.25,False,15
510953127,MembTV,2026,2026-10-03T07:36:09.000Z,8-player unranked Rage Forest 2026 (Custom),2026-10-03,Rage Forest 2026 (Custom),220,16,196407,3,49.20018891558348,0-10,600,355.02957377813306,329,248,55.6010018825531,41.91200141906739,114.0,174,35,247,15,0.06072874493927125,0.6088757190294913,12.583040994078475,0.3499749999999998,83,0.3346774193548387,27.88500094413757,0.3574468085106383,26,2,4.9010001659393305,1.0515766186355573,memb-15-29,2,0.4911111111111111,False,15
510947511,MembTV,2026,2026-10-03T07:06:41.000Z,8-player unranked Rage Forest 2026 (Custom),2026-10-03,Rage Forest 2026 (Custom),220,35,196407,3,49.20018891558348,0-10,600,355.02957377813306,297,240,50.19300169944763,40.560001373291016,73.79999999999998,114,35,239,15,0.06276150627615062,0.7207100347696382,7.980662451682143,0.28127500000000005,71,0.29583333333333334,28.561000967025755,0.4383561643835616,24,1,3.042000102996826,1.337736880921709,memb-15-29,1,0.0,False,15
510872211,MembTV,2026,2026-10-02T23:17:48.000Z,8-player unranked Rage Forest 2026 (Custom),2026-10-02,Rage Forest 2026 (Custom),220,19,196407,2,49.19745100857649,0-10,600,355.02957377813306,491,429,82.97900280952453,72.5010024547577,194.99999999999991,252,35,428,13,0.030373831775700934,0.23846153038766715,10.225171251426701,0.35354333333333365,265,0.6177156177156177,27.716000938415526,0.2536231884057971,24,1,3.211000108718872,1.0004468969795242,memb-15-28,3,1.1297222222222223,False,15
510867517,MembTV,2026,2026-10-02T22:47:19.000Z,8-player unranked Rage Forest 2026 (Custom),2026-10-02,Rage Forest 2026 (Custom),220,1,196407,3,49.19745100857649,0-10,600,355.02957377813306,646,571,109.17400369644164,96.4990032672882,209.39999999999995,240,35,570,3,0.005263157894736842,0.23846153038766715,4.446520559507736,0.05082333333333336,361,0.6322241681260946,35.49000120162964,0.19710669077757687,25,2,4.394000148773193,0.9027133913705901,memb-15-28,2,0.6216666666666667,False,15
510860186,MembTV,2026,2026-10-02T22:10:01.000Z,8-player unranked Rage Forest 2026 (Custom),2026-10-02,Rage Forest 2026 (Custom),220,13,196407,3,49.19745100857649,0-10,600,355.02957377813306,503,423,85.00700287818908,71.48700242042541,186.0,216,35,422,12,0.02843601895734597,0.24615383781949163,6.942076688030323,0.22669000000000006,220,0.5200945626477541,34.307001161575315,0.25735294117647056,26,1,4.056000137329101,0.9222085759626321,memb-15-28,1,0.0,False,15
510732730,MembTV,2026,2026-10-02T11:45:07.000Z,8-player unranked Rage Forest 2026 (Custom),2026-10-02,Rage Forest 2026 (Custom),220,59,196407,1,49.19745100857649,0-10,600,355.02957377813306,357,284,60.33300204277039,47.996001625061034,133.19999999999993,180,35,283,15,0.053003533568904596,0.4852070841634486,13.114153402131457,0.40680666666666665,124,0.43661971830985913,27.040000915527344,0.3151750972762646,30,2,4.732000160217284,1.4018672317559322,memb-15-27,4,1.7663888888888888,False,15
510729249,MembTV,2026,2026-10-02T11:20:33.000Z,8-player unranked Rage Forest 2026 (Custom),2026-10-02,Rage Forest 2026 (Custom),220,51,196407,1,49.19745100857649,0-10,600,355.02957377813306,494,411,83.48600282669067,69.45900235176086,175.7999999999998,228,35,410,9,0.02195121951219512,0.24852070164470774,6.379147713007243,0.20590500000000028,189,0.45985401459854014,37.518001270294185,0.2715736040609137,27,2,3.887000131607055,0.9570161329310846,memb-15-27,3,1.3569444444444445,False,15
510725857,MembTV,2026,2026-10-02T10:59:11.000Z,8-player unranked Rage Forest 2026 (Custom),2026-10-02,Rage Forest 2026 (Custom),220,44,196407,1,49.19745100857649,0-10,600,355.02957377813306,355,264,59.99500203132629,44.616001510620116,127.79999999999998,150,35,263,14,0.053231939163498096,0.3698224726855557,12.74121850351579,0.4208933333333335,121,0.4583333333333333,24.16700081825256,0.3861788617886179,32,2,3.7180001258850095,1.2832025411590458,memb-15-27,2,1.0008333333333332,False,15
510718973,MembTV,2026,2026-10-02T09:59:08.000Z,8-player unranked Rage Forest 2026 (Custom),2026-10-02,Rage Forest 2026 (Custom),220,31,196407,2,49.19745100857649,0-10,600,355.02957377813306,420,339,70.98000240325928,57.29100193977355,114.0,132,35,338,10,0.029585798816568046,0.24615383781950761,8.389153562111662,0.22490166666666636,172,0.5073746312684366,28.223000955581664,0.25925925925925924,26,2,4.225000143051147,0.9665236603115193,memb-15-27,1,0.0,False,15
510617671,MembTV,2026,2026-10-01T21:09:04.000Z,8-player unranked Rage Forest 2026 (Custom),2026-10-01,Rage Forest 2026 (Custom),220,32,196407,1,49.194713101569505,0-10,600,355.02957377813306,522,444,88.21800298690796,75.03600254058837,179.39999999999995,210,35,443,10,0.022573363431151242,0.24852070164469353,6.457739426322556,0.19606166666666627,269,0.6058558558558559,29.57500100135803,0.26450116009280744,29,3,4.732000160217284,1.0607774321219203,memb-15-26,2,0.4652777777777778,False,15
510612190,MembTV,2026,2026-10-01T20:41:09.000Z,8-player unranked Rage Forest 2026 (Custom),2026-10-01,Rage Forest 2026 (Custom),220,30,196407,6,49.194713101569505,0-10,600,355.02957377813306,502,427,84.83800287246703,72.16300244331359,134.99999999999991,228,35,426,6,0.014084507042253521,0.25147928142618525,5.266272011042339,0.11583333333333362,224,0.5245901639344263,34.307001161575315,0.2773722627737226,26,2,3.887000131607055,0.9843058817702467,memb-15-26,1,0.0,False,15
510514824,MembTV,2026,2026-10-01T12:07:31.000Z,8-player unranked Rage Forest 2026 (Custom),2026-10-01,Rage Forest 2026 (Custom),220,11,196407,1,49.194713101569505,0-10,600,355.02957377813306,400,329,67.60000228881835,55.6010018825531,119.39999999999995,138,35,328,11,0.03353658536585366,0.4272189204463359,7.1750175085456975,0.20540166666666687,136,0.4133738601823708,32.617001104354856,0.3409090909090909,31,1,5.070000171661377,1.1151264599610524,memb-15-25,3,0.8138888888888889,False,15
510508710,MembTV,2026,2026-10-01T11:18:41.000Z,8-player unranked Rage Forest 2026 (Custom),2026-10-01,Rage Forest 2026 (Custom),220,35,196407,8,49.194713101569505,0-10,600,355.02957377813306,493,393,83.31700282096863,66.41700224876404,193.79999999999998,216,35,392,11,0.02806122448979592,0.24615383781950584,8.053845881156919,0.2701616666666665,216,0.549618320610687,29.913001012802123,0.356353591160221,33,1,5.408000183105469,1.373842684250337,memb-15-25,1,0.0,False,15
510382409,MembTV,2026,2026-09-30T19:59:20.000Z,8-player unranked Rage Forest 2026 (Custom),2026-09-30,Rage Forest 2026 (Custom),220,20,196407,1,49.19197519456252,0-10,600,355.02957377813306,463,374,78.24700264930725,63.20600214004516,157.79999999999998,240,35,373,10,0.02680965147453083,0.24852070164469353,7.589632879122902,0.2650183333333337,216,0.5775401069518716,26.702000904083253,0.3817663817663818,28,1,5.9150002002716064,1.3281987720041752,memb-15-24,5,2.3944444444444444,False,15
510376686,MembTV,2026,2026-09-30T19:33:19.000Z,8-player unranked Rage Forest 2026 (Custom),2026-09-30,Rage Forest 2026 (Custom),220,26,196407,1,49.19197519456252,0-10,600,355.02957377813306,467,379,78.92300267219542,64.05100216865539,157.79999999999998,180,35,378,5,0.013227513227513227,0.357692295581451,6.551638831427362,0.11050999999999996,175,0.46174142480211083,34.47600116729736,0.2937853107344633,31,2,5.408000183105469,1.1525040347939577,memb-15-24,4,1.9608333333333334,False,15
510365141,MembTV,2026,2026-09-30T18:43:19.000Z,8-player unranked Rage Forest 2026 (Custom),2026-09-30,Rage Forest 2026 (Custom),220,24,196407,1,49.19197519456252,0-10,600,355.02957377813306,481,390,81.28900275230407,65.9100022315979,164.99999999999991,210,35,389,11,0.028277634961439587,0.3538461418655352,6.448230550904905,0.22788166666666682,202,0.517948717948718,31.772001075744626,0.4245810055865922,29,1,6.084000205993652,1.389156863987897,memb-15-24,3,1.1275,False,15
510357263,MembTV,2026,2026-09-30T18:10:03.000Z,8-player unranked Rage Forest 2026 (Custom),2026-09-30,Rage Forest 2026 (Custom),220,11,196407,1,49.19197519456252,0-10,600,355.02957377813306,397,321,67.09300227165222,54.24900183677673,132.0,198,35,320,16,0.05,0.36153844929739876,6.808538231013214,0.3036133333333332,155,0.48286604361370716,28.05400094985962,0.3026315789473684,24,1,4.225000143051147,1.0286980697496169,memb-15-24,2,0.5730555555555555,False,15
510350959,MembTV,2026,2026-09-30T17:35:40.000Z,8-player unranked Rage Forest 2026 (Custom),2026-09-30,Rage Forest 2026 (Custom),220,25,196407,1,49.19197519456252,0-10,600,355.02957377813306,387,303,65.40300221443175,51.207001733779904,126.0,180,35,302,12,0.039735099337748346,0.4970414032894155,7.207112182015246,0.26191999999999993,117,0.38613861386138615,31.434001064300535,0.43214285714285716,25,1,4.394000148773193,1.277482620991282,memb-15-24,1,0.0,False,15
510181138,MembTV,2026,2026-09-29T21:16:45.000Z,8-player unranked Rage Forest 2026 (Custom),2026-09-29,Rage Forest 2026 (Custom),220,61,196407,1,49.18923728755553,0-10,600,355.02957377813306,370,300,62.53000211715698,50.70000171661377,109.19999999999993,138,35,299,10,0.033444816053511704,0.6017751275539069,6.4964258155452805,0.21642999999999998,101,0.33666666666666667,33.63100113868713,0.38571428571428573,28,2,4.732000160217284,1.0793838912630371,memb-15-23,9,4.176666666666667,False,15
510175846,MembTV,2026,2026-09-29T20:48:08.000Z,8-player unranked Rage Forest 2026 (Custom),2026-09-29,Rage Forest 2026 (Custom),220,4,196407,1,49.18923728755553,0-10,600,355.02957377813306,414,337,69.966002368927,56.95300192832946,136.7999999999999,186,35,336,10,0.02976190476190476,0.24852070164470064,8.37171569287962,0.23898500000000034,178,0.5281899109792285,26.871000909805296,0.27692307692307694,28,2,4.056000137329101,0.890949247653826,memb-15-23,8,3.6997222222222224,False,15
510168423,MembTV,2026,2026-09-29T20:11:13.000Z,8-player unranked Rage Forest 2026 (Custom),2026-09-29,Rage Forest 2026 (Custom),220,20,196407,1,49.18923728755553,0-10,600,355.02957377813306,333,227,56.27700190544128,38.363001298904415,91.79999999999998,96,35,226,18,0.07964601769911504,0.7242603305073771,10.953993711957054,0.40841500000000003,67,0.29515418502202645,27.040000915527344,0.5097087378640777,26,1,4.394000148773193,1.4116770705596933,memb-15-23,7,3.0844444444444443,False,15
510162506,MembTV,2026,2026-09-29T19:44:20.000Z,8-player unranked Rage Forest 2026 (Custom),2026-09-29,Rage Forest 2026 (Custom),220,45,196407,1,49.18923728755553,0-10,600,355.02957377813306,468,370,79.09200267791748,62.53000211715698,155.39999999999995,198,35,369,12,0.032520325203252036,0.24852070164469353,7.2894198715361025,0.29212499999999986,190,0.5135135135135135,30.420001029968258,0.3764705882352941,24,2,4.9010001659393305,1.3874686419289517,memb-15-23,6,2.636388888888889,False,15
510156210,MembTV,2026,2026-09-29T19:15:29.000Z,8-player unranked Rage Forest 2026 (Custom),2026-09-29,Rage Forest 2026 (Custom),220,12,196407,1,49.18923728755553,0-10,600,355.02957377813306,365,289,61.68500208854675,48.84100165367126,127.79999999999998,156,35,288,12,0.041666666666666664,0.4952662554204892,9.126307383306795,0.2916099999999998,119,0.4117647058823529,28.730000972747803,0.30685920577617326,23,1,4.9010001659393305,0.9221308286631839,memb-15-23,5,2.1555555555555554,False,15
510148611,MembTV,2026,2026-09-29T18:41:31.000Z,8-player unranked Rage Forest 2026 (Custom),2026-09-29,Rage Forest 2026 (Custom),220,17,196407,1,49.18923728755553,0-10,600,355.02957377813306,544,449,91.93600311279297,75.8810025691986,211.79999999999998,216,35,448,8,0.017857142857142856,0.24852070164467932,6.213615174233163,0.17121833333333333,219,0.48775055679287305,38.87000131607056,0.20408163265306123,26,2,6.422000217437744,0.6056493734031425,memb-15-23,4,1.5894444444444444,False,15
510141944,MembTV,2026,2026-09-29T18:14:07.000Z,8-player unranked Rage Forest 2026 (Custom),2026-09-29,Rage Forest 2026 (Custom),220,16,196407,1,49.18923728755553,0-10,600,355.02957377813306,392,302,66.24800224304198,51.03800172805786,137.39999999999995,216,35,301,13,0.04318936877076412,0.4881656639449261,11.131360569857065,0.302585,124,0.4105960264900662,30.08200101852417,0.3908450704225352,29,3,4.394000148773193,1.2205236102879173,memb-15-23,3,1.1327777777777779,False,15
510136293,MembTV,2026,2026-09-29T17:43:47.000Z,8-player unranked Rage Forest 2026 (Custom),2026-09-29,Rage Forest 2026 (Custom),220,41,196407,1,49.18923728755553,0-10,600,355.02957377813306,403,316,68.1070023059845,53.404001808166505,90.0,108,35,315,5,0.015873015873015872,0.6053254232916885,5.417455437876163,0.10555666666666634,117,0.370253164556962,33.63100113868713,0.3211920529801324,27,2,5.239000177383423,0.7909156960615834,memb-15-23,2,0.6272222222222222,False,15
510129467,MembTV,2026,2026-09-29T17:06:09.000Z,8-player unranked Rage Forest 2026 (Custom),2026-09-29,Rage Forest 2026 (Custom),220,59,196407,1,49.18923728755553,0-10,600,355.02957377813306,521,457,88.04900298118591,77.23300261497496,164.99999999999991,192,35,456,12,0.02631578947368421,0.24615383781949163,6.323550081753585,0.2141983333333336,252,0.5514223194748359,34.64500117301941,0.2345132743362832,28,1,3.887000131607055,0.720558601732891,memb-15-23,1,0.0,False,15
510080509,MembTV,2026,2026-09-29T12:31:56.000Z,8-player unranked Rage Forest 2026 (Custom),2026-09-29,Rage Forest 2026 (Custom),220,19,196407,1,49.18923728755553,0-10,600,355.02957377813306,362,270,61.17800207138062,45.63000154495239,135.59999999999997,186,35,269,17,0.06319702602230483,0.6088757190294984,9.999833980949651,0.38576500000000014,111,0.4111111111111111,26.871000909805296,0.391304347826087,23,1,4.394000148773193,1.1561978671005007,memb-15-22,6,2.8297222222222222,False,15
510076929,MembTV,2026,2026-09-29T12:01:43.000Z,8-player unranked Rage Forest 2026 (Custom),2026-09-29,Rage Forest 2026 (Custom),220,10,196407,1,49.18923728755553,0-10,600,355.02957377813306,561,472,94.80900321006774,79.76800270080565,174.0,180,35,471,7,0.014861995753715499,0.25147928142618525,5.733905131303746,0.17791833333333334,262,0.5550847457627118,35.49000120162964,0.3436807095343681,32,1,5.408000183105469,1.240889018741717,memb-15-22,5,2.326111111111111,False,15
510073579,MembTV,2026,2026-09-29T11:34:42.000Z,8-player unranked Rage Forest 2026 (Custom),2026-09-29,Rage Forest 2026 (Custom),220,62,196407,1,49.18923728755553,0-10,600,355.02957377813306,576,504,97.34400329589843,85.17600288391114,211.19999999999993,240,35,503,10,0.019880715705765408,0.23846153038766715,6.300366650585849,0.20826999999999987,301,0.5972222222222222,34.307001161575315,0.1744421906693712,24,3,4.394000148773193,0.5638041128859883,memb-15-22,4,1.8758333333333332,False,15
510069029,MembTV,2026,2026-09-29T10:48:01.000Z,8-player unranked Rage Forest 2026 (Custom),2026-09-29,Rage Forest 2026 (Custom),220,18,196407,1,49.18923728755553,0-10,600,355.02957377813306,377,299,63.7130021572113,50.531001710891715,165.59999999999997,216,35,298,13,0.0436241610738255,0.3011834217551197,12.649390104258016,0.33321833333333367,150,0.5016722408026756,25.181000852584837,0.30985915492957744,36,2,5.239000177383423,1.082855085615491,memb-15-22,3,1.0977777777777777,False,15
510063832,MembTV,2026,2026-09-29T10:10:42.000Z,8-player unranked Rage Forest 2026 (Custom),2026-09-29,Rage Forest 2026 (Custom),220,25,196407,4,49.18923728755553,0-10,600,355.02957377813306,531,467,89.73900303840637,78.92300267219542,150.0,168,35,466,3,0.006437768240343348,0.25147928142618525,4.644733570548049,0.08321166666666689,243,0.5203426124197003,37.85600128173827,0.3904109589041096,28,1,4.056000137329101,1.3387841576367001,memb-15-22,2,0.47583333333333333,False,15
509960927,MembTV,2026,2026-09-28T20:57:09.000Z,8-player unranked Rage Forest 2026 (Custom),2026-09-28,Rage Forest 2026 (Custom),220,1,196407,1,49.18649938054854,0-10,600,355.02957377813306,475,388,80.27500271797179,65.5720022201538,163.79999999999998,192,35,387,5,0.012919896640826873,0.36153844929739876,5.0667808935363805,0.11138500000000008,183,0.47164948453608246,34.64500117301941,0.39502762430939226,30,1,4.394000148773193,1.3362095311790863,memb-15-21,8,4.1177777777777775,False,15
509952488,MembTV,2026,2026-09-28T20:13:39.000Z,8-player unranked Rage Forest 2026 (Custom),2026-09-28,Rage Forest 2026 (Custom),220,5,196407,1,49.18649938054854,0-10,600,355.02957377813306,409,326,69.12100234031676,55.09400186538696,128.39999999999986,222,35,325,9,0.027692307692307693,0.4911242437264036,9.638958253523315,0.22665166666666675,132,0.4049079754601227,32.7860011100769,0.3924914675767918,23,1,3.887000131607055,1.4552795698854801,memb-15-21,7,3.392777777777778,False,15
509944286,MembTV,2026,2026-09-28T19:36:42.000Z,8-player unranked Rage Forest 2026 (Custom),2026-09-28,Rage Forest 2026 (Custom),220,57,196407,1,49.18649938054854,0-10,600,355.02957377813306,344,269,58.13600196838379,45.461001539230345,121.79999999999998,204,35,268,13,0.048507462686567165,0.48461536820713036,11.670236291256561,0.33473,119,0.4423791821561338,25.350000858306885,0.4108527131782946,33,1,4.732000160217284,1.219933288694958,memb-15-21,5,2.7769444444444447,False,15
509938938,MembTV,2026,2026-09-28T19:13:37.000Z,8-player unranked Rage Forest 2026 (Custom),2026-09-28,Rage Forest 2026 (Custom),220,25,196407,1,49.18649938054854,0-10,600,355.02957377813306,395,304,66.75500226020813,51.37600173950195,91.19999999999993,132,35,303,8,0.026402640264026403,0.4970414032894155,7.77440210363621,0.19417500000000018,132,0.4342105263157895,29.068000984191894,0.36619718309859156,28,2,4.394000148773193,1.160636427295143,memb-15-21,4,2.3922222222222222,False,15
509931662,MembTV,2026,2026-09-28T18:40:48.000Z,8-player unranked Rage Forest 2026 (Custom),2026-09-28,Rage Forest 2026 (Custom),220,31,196407,1,49.18649938054854,0-10,600,355.02957377813306,463,379,78.24700264930725,64.05100216865539,143.39999999999995,204,35,378,8,0.021164021164021163,0.37869821203001663,6.96558556297395,0.18516333333333304,164,0.43271767810026385,36.33500123023987,0.39244186046511625,29,2,5.239000177383423,1.2908678245267067,memb-15-21,3,1.8452777777777778,False,15
509915433,MembTV,2026,2026-09-28T17:30:30.000Z,8-player unranked Rage Forest 2026 (Custom),2026-09-28,Rage Forest 2026 (Custom),220,22,196407,1,49.18649938054854,0-10,600,355.02957377813306,584,499,98.69600334167481,84.3310028553009,211.79999999999998,240,35,498,9,0.018072289156626505,0.24911241760096914,6.11824831355688,0.21240999999999988,299,0.5991983967935872,33.80000114440917,0.2661122661122661,30,1,4.5630001544952385,1.0703086772117005,memb-15-21,2,0.6736111111111112,False,15
509908280,MembTV,2026,2026-09-28T16:50:05.000Z,8-player unranked Rage Forest 2026 (Custom),2026-09-28,Rage Forest 2026 (Custom),220,32,196407,2,49.18649938054854,0-10,600,355.02957377813306,350,281,59.15000200271606,47.4890016078949,109.79999999999998,126,35,280,14,0.05,0.3668638929040924,9.24339021957927,0.31880166666666665,127,0.45195729537366547,26.026000881195067,0.3345724907063197,29,2,3.549000120162964,1.1950008494596336,memb-15-21,1,0.0,False,15
509857983,MembTV,2026,2026-09-28T11:56:59.000Z,8-player rm_team Nomad,2026-09-28,Nomad,220,31,196407,3,49.18649938054854,0-10,600,355.02957377813306,438,333,74.0220025062561,56.27700190544128,99.59999999999997,138,35,332,11,0.03313253012048193,0.36360945514445575,7.544461283019206,0.21238666666666658,119,0.35735735735735735,36.16600122451782,0.32087227414330216,18,2,5.408000183105469,0.8692716949393033,memb-15-20,2,0.32611111111111113,False,15
509855601,MembTV,2026,2026-09-28T11:37:25.000Z,6-player rm_team Oasis,2026-09-28,Oasis,200,13,196407,3,49.18649938054854,0-10,600,355.02957377813306,404,328,68.27600231170653,55.43200187683105,103.79999999999998,120,35,327,9,0.027522935779816515,0.5999999796850091,6.515692087082298,0.20824500000000004,79,0.24085365853658536,42.08100142478943,0.4095238095238095,28,1,5.070000171661377,0.6818684644169469,memb-15-20,1,0.0,False,15
509843237,MembTV,2026,2026-09-28T10:13:13.000Z,8-player unranked Rage Forest 2026 (Custom),2026-09-28,Rage Forest 2026 (Custom),220,33,196407,2,49.18649938054854,0-10,600,355.02957377813306,399,312,67.43100228309632,52.72800178527832,115.79999999999998,210,35,311,14,0.04501607717041801,0.4899408118138524,8.325798534670984,0.2828716666666665,130,0.4166666666666667,30.758001041412353,0.36585365853658536,21,2,4.225000143051147,1.1958319505943602,memb-15-19,2,0.5788888888888889,False,15
509719483,MembTV,2026,2026-09-27T20:02:16.000Z,8-player unranked Rage Forest 2026 (Custom),2026-09-27,Rage Forest 2026 (Custom),220,4,196407,4,49.18376147354155,0-10,600,355.02957377813306,471,398,79.59900269508361,67.26200227737426,127.79999999999998,192,35,397,7,0.017632241813602016,0.36153844929737033,5.659615192990636,0.1290249999999998,189,0.4748743718592965,35.32100119590759,0.2830687830687831,27,2,3.887000131607055,0.8355946190502664,memb-15-18,4,0.7038888888888889,False,15
511243727,MembTV,2026,2026-10-04T10:06:19.000Z,8-player unranked Rage Forest 2026 (Custom),2026-10-04,Rage Forest 2026 (Custom),220,5,196407,1,49.20292682259047,0-10,600,355.02957377813306,418,340,70.64200239181518,57.460001945495605,173.99999999999983,222,35,339,11,0.032448377581120944,0.3710059045981211,10.181301430426757,0.26789999999999947,144,0.4235294117647059,33.12400112152099,0.33993399339933994,28,1,4.5630001544952385,1.3148651090190717,memb-30-27,3,1.2575,False,30
511239187,MembTV,2026,2026-10-04T09:22:18.000Z,8-player unranked Rage Forest 2026 (Custom),2026-10-04,Rage Forest 2026 (Custom),220,13,196407,1,49.20292682259047,0-10,600,355.02957377813306,386,316,65.23400220870971,53.404001808166505,105.59999999999997,138,35,315,8,0.025396825396825397,0.4846153682071872,7.270106262722596,0.16992166666666647,140,0.4430379746835443,29.744001007080076,0.297029702970297,28,2,4.225000143051147,0.7743802531113843,memb-30-27,2,0.5238888888888888,False,30
511234303,MembTV,2026,2026-10-04T08:50:52.000Z,8-player unranked Rage Forest 2026 (Custom),2026-10-04,Rage Forest 2026 (Custom),220,14,196407,5,49.20292682259047,0-10,600,355.02957377813306,357,279,60.33300204277039,47.151001596450804,129.59999999999997,210,35,278,14,0.050359712230215826,0.489940811813824,10.444792545765802,0.3109733333333333,118,0.4229390681003584,27.209000921249388,0.31835205992509363,28,2,5.070000171661377,0.9688853905749184,memb-30-27,1,0.0,False,30
511121619,MembTV,2026,2026-10-03T21:33:33.000Z,8-player unranked Rage Forest 2026 (Custom),2026-10-03,Rage Forest 2026 (Custom),220,7,196407,1,49.20018891558348,0-10,600,355.02957377813306,433,357,73.17700247764587,60.33300204277039,144.59999999999988,228,35,356,10,0.028089887640449437,0.2502958495135914,8.204171319854183,0.2323349999999997,170,0.47619047619047616,31.60300107002258,0.28402366863905326,29,2,4.732000160217284,1.1907904428588234,memb-30-26,3,1.5808333333333333,False,30
511107222,MembTV,2026,2026-10-03T20:26:44.000Z,8-player unranked Rage Forest 2026 (Custom),2026-10-03,Rage Forest 2026 (Custom),220,57,196407,2,49.20018891558348,0-10,600,355.02957377813306,389,299,65.74100222587586,50.531001710891715,103.79999999999998,150,35,298,12,0.040268456375838924,0.4881656639449261,8.06143759687615,0.25060333333333323,126,0.4214046822742475,29.237000989913938,0.3380281690140845,27,2,5.408000183105469,0.9890245235161965,memb-30-26,2,0.4672222222222222,False,30
511098379,MembTV,2026,2026-10-03T19:58:42.000Z,8-player unranked Rage Forest 2026 (Custom),2026-10-03,Rage Forest 2026 (Custom),220,22,196407,7,49.20018891558348,0-10,600,355.02957377813306,336,266,56.78400192260742,44.9540015220642,149.39999999999995,186,35,265,12,0.045283018867924525,0.48402365225086896,11.225703761929042,0.36465000000000003,118,0.44360902255639095,25.012000846862794,0.296875,29,2,4.5630001544952385,1.061111216880533,memb-30-26,1,0.0,False,30
510975120,MembTV,2026,2026-10-03T10:16:20.000Z,8-player unranked Rage Forest 2026 (Custom),2026-10-03,Rage Forest 2026 (Custom),220,21,196407,4,49.20018891558348,0-10,600,355.02957377813306,398,317,67.26200227737426,53.573001813888546,131.39999999999995,168,35,316,11,0.03481012658227848,0.5999999796850375,7.627692049431966,0.21560499999999996,120,0.3785488958990536,33.293001127243045,0.3468013468013468,24,1,3.887000131607055,1.196022833797582,memb-30-25,7,3.160833333333333,False,30
510971234,MembTV,2026,2026-10-03T09:47:46.000Z,8-player unranked Rage Forest 2026 (Custom),2026-10-03,Rage Forest 2026 (Custom),220,9,196407,2,49.20018891558348,0-10,600,355.02957377813306,391,325,66.07900223731994,54.92500185966492,138.0,144,35,324,7,0.021604938271604937,0.489940811813824,6.469786763192788,0.1272116666666664,132,0.40615384615384614,32.617001104354856,0.47635135135135137,26,1,4.225000143051147,1.4340128202549818,memb-30-25,6,2.6847222222222222,False,30
510966979,MembTV,2026,2026-10-03T09:17:04.000Z,8-player unranked Rage Forest 2026 (Custom),2026-10-03,Rage Forest 2026 (Custom),220,37,196407,7,49.20018891558348,0-10,600,355.02957377813306,471,395,79.59900269508361,66.75500226020813,207.59999999999997,228,35,394,8,0.02030456852791878,0.24615383781950584,7.348124011560331,0.1917566666666667,229,0.579746835443038,28.05400094985962,0.24736842105263157,31,2,4.9010001659393305,1.0145466423519651,memb-30-25,5,2.1730555555555555,False,30
510962960,MembTV,2026,2026-10-03T08:48:37.000Z,8-player unranked Rage Forest 2026 (Custom),2026-10-03,Rage Forest 2026 (Custom),220,23,196407,4,49.20018891558348,0-10,600,355.02957377813306,392,314,66.24800224304198,53.06600179672241,139.19999999999993,162,35,313,11,0.03514376996805112,0.4769230607752917,9.723904996209278,0.2432583333333334,139,0.4426751592356688,29.57500100135803,0.2739273927392739,28,2,4.732000160217284,0.7510723943678651,memb-30-25,4,1.698888888888889,False,30
510959259,MembTV,2026,2026-10-03T08:21:41.000Z,8-player unranked Rage Forest 2026 (Custom),2026-10-03,Rage Forest 2026 (Custom),220,10,196407,4,49.20018891558348,0-10,600,355.02957377813306,419,346,70.81100239753722,58.474001979827875,175.7999999999998,228,35,345,11,0.03188405797101449,0.361538449297397,7.4283074407981315,0.2383866666666665,170,0.4913294797687861,29.744001007080076,0.428125,23,1,4.225000143051147,1.3810228765034938,memb-30-25,3,1.25,False,30
510953127,MembTV,2026,2026-10-03T07:36:09.000Z,8-player unranked Rage Forest 2026 (Custom),2026-10-03,Rage Forest 2026 (Custom),220,16,196407,3,49.20018891558348,0-10,600,355.02957377813306,329,248,55.6010018825531,41.91200141906739,114.0,174,35,247,15,0.06072874493927125,0.6088757190294913,12.583040994078475,0.3499749999999998,83,0.3346774193548387,27.88500094413757,0.3574468085106383,26,2,4.9010001659393305,1.0515766186355573,memb-30-25,2,0.4911111111111111,False,30
510947511,MembTV,2026,2026-10-03T07:06:41.000Z,8-player unranked Rage Forest 2026 (Custom),2026-10-03,Rage Forest 2026 (Custom),220,35,196407,3,49.20018891558348,0-10,600,355.02957377813306,297,240,50.19300169944763,40.560001373291016,73.79999999999998,114,35,239,15,0.06276150627615062,0.7207100347696382,7.980662451682143,0.28127500000000005,71,0.29583333333333334,28.561000967025755,0.4383561643835616,24,1,3.042000102996826,1.337736880921709,memb-30-25,1,0.0,False,30
510872211,MembTV,2026,2026-10-02T23:17:48.000Z,8-player unranked Rage Forest 2026 (Custom),2026-10-02,Rage Forest 2026 (Custom),220,19,196407,2,49.19745100857649,0-10,600,355.02957377813306,491,429,82.97900280952453,72.5010024547577,194.99999999999991,252,35,428,13,0.030373831775700934,0.23846153038766715,10.225171251426701,0.35354333333333365,265,0.6177156177156177,27.716000938415526,0.2536231884057971,24,1,3.211000108718872,1.0004468969795242,memb-30-24,3,1.1297222222222223,False,30
510867517,MembTV,2026,2026-10-02T22:47:19.000Z,8-player unranked Rage Forest 2026 (Custom),2026-10-02,Rage Forest 2026 (Custom),220,1,196407,3,49.19745100857649,0-10,600,355.02957377813306,646,571,109.17400369644164,96.4990032672882,209.39999999999995,240,35,570,3,0.005263157894736842,0.23846153038766715,4.446520559507736,0.05082333333333336,361,0.6322241681260946,35.49000120162964,0.19710669077757687,25,2,4.394000148773193,0.9027133913705901,memb-30-24,2,0.6216666666666667,False,30
510860186,MembTV,2026,2026-10-02T22:10:01.000Z,8-player unranked Rage Forest 2026 (Custom),2026-10-02,Rage Forest 2026 (Custom),220,13,196407,3,49.19745100857649,0-10,600,355.02957377813306,503,423,85.00700287818908,71.48700242042541,186.0,216,35,422,12,0.02843601895734597,0.24615383781949163,6.942076688030323,0.22669000000000006,220,0.5200945626477541,34.307001161575315,0.25735294117647056,26,1,4.056000137329101,0.9222085759626321,memb-30-24,1,0.0,False,30
510732730,MembTV,2026,2026-10-02T11:45:07.000Z,8-player unranked Rage Forest 2026 (Custom),2026-10-02,Rage Forest 2026 (Custom),220,59,196407,1,49.19745100857649,0-10,600,355.02957377813306,357,284,60.33300204277039,47.996001625061034,133.19999999999993,180,35,283,15,0.053003533568904596,0.4852070841634486,13.114153402131457,0.40680666666666665,124,0.43661971830985913,27.040000915527344,0.3151750972762646,30,2,4.732000160217284,1.4018672317559322,memb-30-23,4,1.7663888888888888,False,30
510729249,MembTV,2026,2026-10-02T11:20:33.000Z,8-player unranked Rage Forest 2026 (Custom),2026-10-02,Rage Forest 2026 (Custom),220,51,196407,1,49.19745100857649,0-10,600,355.02957377813306,494,411,83.48600282669067,69.45900235176086,175.7999999999998,228,35,410,9,0.02195121951219512,0.24852070164470774,6.379147713007243,0.20590500000000028,189,0.45985401459854014,37.518001270294185,0.2715736040609137,27,2,3.887000131607055,0.9570161329310846,memb-30-23,3,1.3569444444444445,False,30
510725857,MembTV,2026,2026-10-02T10:59:11.000Z,8-player unranked Rage Forest 2026 (Custom),2026-10-02,Rage Forest 2026 (Custom),220,44,196407,1,49.19745100857649,0-10,600,355.02957377813306,355,264,59.99500203132629,44.616001510620116,127.79999999999998,150,35,263,14,0.053231939163498096,0.3698224726855557,12.74121850351579,0.4208933333333335,121,0.4583333333333333,24.16700081825256,0.3861788617886179,32,2,3.7180001258850095,1.2832025411590458,memb-30-23,2,1.0008333333333332,False,30
510718973,MembTV,2026,2026-10-02T09:59:08.000Z,8-player unranked Rage Forest 2026 (Custom),2026-10-02,Rage Forest 2026 (Custom),220,31,196407,2,49.19745100857649,0-10,600,355.02957377813306,420,339,70.98000240325928,57.29100193977355,114.0,132,35,338,10,0.029585798816568046,0.24615383781950761,8.389153562111662,0.22490166666666636,172,0.5073746312684366,28.223000955581664,0.25925925925925924,26,2,4.225000143051147,0.9665236603115193,memb-30-23,1,0.0,False,30
510617671,MembTV,2026,2026-10-01T21:09:04.000Z,8-player unranked Rage Forest 2026 (Custom),2026-10-01,Rage Forest 2026 (Custom),220,32,196407,1,49.194713101569505,0-10,600,355.02957377813306,522,444,88.21800298690796,75.03600254058837,179.39999999999995,210,35,443,10,0.022573363431151242,0.24852070164469353,6.457739426322556,0.19606166666666627,269,0.6058558558558559,29.57500100135803,0.26450116009280744,29,3,4.732000160217284,1.0607774321219203,memb-30-22,2,0.4652777777777778,False,30
510612190,MembTV,2026,2026-10-01T20:41:09.000Z,8-player unranked Rage Forest 2026 (Custom),2026-10-01,Rage Forest 2026 (Custom),220,30,196407,6,49.194713101569505,0-10,600,355.02957377813306,502,427,84.83800287246703,72.16300244331359,134.99999999999991,228,35,426,6,0.014084507042253521,0.25147928142618525,5.266272011042339,0.11583333333333362,224,0.5245901639344263,34.307001161575315,0.2773722627737226,26,2,3.887000131607055,0.9843058817702467,memb-30-22,1,0.0,False,30
510514824,MembTV,2026,2026-10-01T12:07:31.000Z,8-player unranked Rage Forest 2026 (Custom),2026-10-01,Rage Forest 2026 (Custom),220,11,196407,1,49.194713101569505,0-10,600,355.02957377813306,400,329,67.60000228881835,55.6010018825531,119.39999999999995,138,35,328,11,0.03353658536585366,0.4272189204463359,7.1750175085456975,0.20540166666666687,136,0.4133738601823708,32.617001104354856,0.3409090909090909,31,1,5.070000171661377,1.1151264599610524,memb-30-21,3,0.8138888888888889,False,30
510508710,MembTV,2026,2026-10-01T11:18:41.000Z,8-player unranked Rage Forest 2026 (Custom),2026-10-01,Rage Forest 2026 (Custom),220,35,196407,8,49.194713101569505,0-10,600,355.02957377813306,493,393,83.31700282096863,66.41700224876404,193.79999999999998,216,35,392,11,0.02806122448979592,0.24615383781950584,8.053845881156919,0.2701616666666665,216,0.549618320610687,29.913001012802123,0.356353591160221,33,1,5.408000183105469,1.373842684250337,memb-30-21,1,0.0,False,30
510382409,MembTV,2026,2026-09-30T19:59:20.000Z,8-player unranked Rage Forest 2026 (Custom),2026-09-30,Rage Forest 2026 (Custom),220,20,196407,1,49.19197519456252,0-10,600,355.02957377813306,463,374,78.24700264930725,63.20600214004516,157.79999999999998,240,35,373,10,0.02680965147453083,0.24852070164469353,7.589632879122902,0.2650183333333337,216,0.5775401069518716,26.702000904083253,0.3817663817663818,28,1,5.9150002002716064,1.3281987720041752,memb-30-20,5,2.3944444444444444,False,30
510376686,MembTV,2026,2026-09-30T19:33:19.000Z,8-player unranked Rage Forest 2026 (Custom),2026-09-30,Rage Forest 2026 (Custom),220,26,196407,1,49.19197519456252,0-10,600,355.02957377813306,467,379,78.92300267219542,64.05100216865539,157.79999999999998,180,35,378,5,0.013227513227513227,0.357692295581451,6.551638831427362,0.11050999999999996,175,0.46174142480211083,34.47600116729736,0.2937853107344633,31,2,5.408000183105469,1.1525040347939577,memb-30-20,4,1.9608333333333334,False,30
510365141,MembTV,2026,2026-09-30T18:43:19.000Z,8-player unranked Rage Forest 2026 (Custom),2026-09-30,Rage Forest 2026 (Custom),220,24,196407,1,49.19197519456252,0-10,600,355.02957377813306,481,390,81.28900275230407,65.9100022315979,164.99999999999991,210,35,389,11,0.028277634961439587,0.3538461418655352,6.448230550904905,0.22788166666666682,202,0.517948717948718,31.772001075744626,0.4245810055865922,29,1,6.084000205993652,1.389156863987897,memb-30-20,3,1.1275,False,30
510357263,MembTV,2026,2026-09-30T18:10:03.000Z,8-player unranked Rage Forest 2026 (Custom),2026-09-30,Rage Forest 2026 (Custom),220,11,196407,1,49.19197519456252,0-10,600,355.02957377813306,397,321,67.09300227165222,54.24900183677673,132.0,198,35,320,16,0.05,0.36153844929739876,6.808538231013214,0.3036133333333332,155,0.48286604361370716,28.05400094985962,0.3026315789473684,24,1,4.225000143051147,1.0286980697496169,memb-30-20,2,0.5730555555555555,False,30
510350959,MembTV,2026,2026-09-30T17:35:40.000Z,8-player unranked Rage Forest 2026 (Custom),2026-09-30,Rage Forest 2026 (Custom),220,25,196407,1,49.19197519456252,0-10,600,355.02957377813306,387,303,65.40300221443175,51.207001733779904,126.0,180,35,302,12,0.039735099337748346,0.4970414032894155,7.207112182015246,0.26191999999999993,117,0.38613861386138615,31.434001064300535,0.43214285714285716,25,1,4.394000148773193,1.277482620991282,memb-30-20,1,0.0,False,30
510181138,MembTV,2026,2026-09-29T21:16:45.000Z,8-player unranked Rage Forest 2026 (Custom),2026-09-29,Rage Forest 2026 (Custom),220,61,196407,1,49.18923728755553,0-10,600,355.02957377813306,370,300,62.53000211715698,50.70000171661377,109.19999999999993,138,35,299,10,0.033444816053511704,0.6017751275539069,6.4964258155452805,0.21642999999999998,101,0.33666666666666667,33.63100113868713,0.38571428571428573,28,2,4.732000160217284,1.0793838912630371,memb-30-19,9,4.176666666666667,False,30
510175846,MembTV,2026,2026-09-29T20:48:08.000Z,8-player unranked Rage Forest 2026 (Custom),2026-09-29,Rage Forest 2026 (Custom),220,4,196407,1,49.18923728755553,0-10,600,355.02957377813306,414,337,69.966002368927,56.95300192832946,136.7999999999999,186,35,336,10,0.02976190476190476,0.24852070164470064,8.37171569287962,0.23898500000000034,178,0.5281899109792285,26.871000909805296,0.27692307692307694,28,2,4.056000137329101,0.890949247653826,memb-30-19,8,3.6997222222222224,False,30
510168423,MembTV,2026,2026-09-29T20:11:13.000Z,8-player unranked Rage Forest 2026 (Custom),2026-09-29,Rage Forest 2026 (Custom),220,20,196407,1,49.18923728755553,0-10,600,355.02957377813306,333,227,56.27700190544128,38.363001298904415,91.79999999999998,96,35,226,18,0.07964601769911504,0.7242603305073771,10.953993711957054,0.40841500000000003,67,0.29515418502202645,27.040000915527344,0.5097087378640777,26,1,4.394000148773193,1.4116770705596933,memb-30-19,7,3.0844444444444443,False,30
510162506,MembTV,2026,2026-09-29T19:44:20.000Z,8-player unranked Rage Forest 2026 (Custom),2026-09-29,Rage Forest 2026 (Custom),220,45,196407,1,49.18923728755553,0-10,600,355.02957377813306,468,370,79.09200267791748,62.53000211715698,155.39999999999995,198,35,369,12,0.032520325203252036,0.24852070164469353,7.2894198715361025,0.29212499999999986,190,0.5135135135135135,30.420001029968258,0.3764705882352941,24,2,4.9010001659393305,1.3874686419289517,memb-30-19,6,2.636388888888889,False,30
510156210,MembTV,2026,2026-09-29T19:15:29.000Z,8-player unranked Rage Forest 2026 (Custom),2026-09-29,Rage Forest 2026 (Custom),220,12,196407,1,49.18923728755553,0-10,600,355.02957377813306,365,289,61.68500208854675,48.84100165367126,127.79999999999998,156,35,288,12,0.041666666666666664,0.4952662554204892,9.126307383306795,0.2916099999999998,119,0.4117647058823529,28.730000972747803,0.30685920577617326,23,1,4.9010001659393305,0.9221308286631839,memb-30-19,5,2.1555555555555554,False,30
510148611,MembTV,2026,2026-09-29T18:41:31.000Z,8-player unranked Rage Forest 2026 (Custom),2026-09-29,Rage Forest 2026 (Custom),220,17,196407,1,49.18923728755553,0-10,600,355.02957377813306,544,449,91.93600311279297,75.8810025691986,211.79999999999998,216,35,448,8,0.017857142857142856,0.24852070164467932,6.213615174233163,0.17121833333333333,219,0.48775055679287305,38.87000131607056,0.20408163265306123,26,2,6.422000217437744,0.6056493734031425,memb-30-19,4,1.5894444444444444,False,30
510141944,MembTV,2026,2026-09-29T18:14:07.000Z,8-player unranked Rage Forest 2026 (Custom),2026-09-29,Rage Forest 2026 (Custom),220,16,196407,1,49.18923728755553,0-10,600,355.02957377813306,392,302,66.24800224304198,51.03800172805786,137.39999999999995,216,35,301,13,0.04318936877076412,0.4881656639449261,11.131360569857065,0.302585,124,0.4105960264900662,30.08200101852417,0.3908450704225352,29,3,4.394000148773193,1.2205236102879173,memb-30-19,3,1.1327777777777779,False,30
510136293,MembTV,2026,2026-09-29T17:43:47.000Z,8-player unranked Rage Forest 2026 (Custom),2026-09-29,Rage Forest 2026 (Custom),220,41,196407,1,49.18923728755553,0-10,600,355.02957377813306,403,316,68.1070023059845,53.404001808166505,90.0,108,35,315,5,0.015873015873015872,0.6053254232916885,5.417455437876163,0.10555666666666634,117,0.370253164556962,33.63100113868713,0.3211920529801324,27,2,5.239000177383423,0.7909156960615834,memb-30-19,2,0.6272222222222222,False,30
510129467,MembTV,2026,2026-09-29T17:06:09.000Z,8-player unranked Rage Forest 2026 (Custom),2026-09-29,Rage Forest 2026 (Custom),220,59,196407,1,49.18923728755553,0-10,600,355.02957377813306,521,457,88.04900298118591,77.23300261497496,164.99999999999991,192,35,456,12,0.02631578947368421,0.24615383781949163,6.323550081753585,0.2141983333333336,252,0.5514223194748359,34.64500117301941,0.2345132743362832,28,1,3.887000131607055,0.720558601732891,memb-30-19,1,0.0,False,30
510080509,MembTV,2026,2026-09-29T12:31:56.000Z,8-player unranked Rage Forest 2026 (Custom),2026-09-29,Rage Forest 2026 (Custom),220,19,196407,1,49.18923728755553,0-10,600,355.02957377813306,362,270,61.17800207138062,45.63000154495239,135.59999999999997,186,35,269,17,0.06319702602230483,0.6088757190294984,9.999833980949651,0.38576500000000014,111,0.4111111111111111,26.871000909805296,0.391304347826087,23,1,4.394000148773193,1.1561978671005007,memb-30-18,6,2.8297222222222222,False,30
510076929,MembTV,2026,2026-09-29T12:01:43.000Z,8-player unranked Rage Forest 2026 (Custom),2026-09-29,Rage Forest 2026 (Custom),220,10,196407,1,49.18923728755553,0-10,600,355.02957377813306,561,472,94.80900321006774,79.76800270080565,174.0,180,35,471,7,0.014861995753715499,0.25147928142618525,5.733905131303746,0.17791833333333334,262,0.5550847457627118,35.49000120162964,0.3436807095343681,32,1,5.408000183105469,1.240889018741717,memb-30-18,5,2.326111111111111,False,30
510073579,MembTV,2026,2026-09-29T11:34:42.000Z,8-player unranked Rage Forest 2026 (Custom),2026-09-29,Rage Forest 2026 (Custom),220,62,196407,1,49.18923728755553,0-10,600,355.02957377813306,576,504,97.34400329589843,85.17600288391114,211.19999999999993,240,35,503,10,0.019880715705765408,0.23846153038766715,6.300366650585849,0.20826999999999987,301,0.5972222222222222,34.307001161575315,0.1744421906693712,24,3,4.394000148773193,0.5638041128859883,memb-30-18,4,1.8758333333333332,False,30
510069029,MembTV,2026,2026-09-29T10:48:01.000Z,8-player unranked Rage Forest 2026 (Custom),2026-09-29,Rage Forest 2026 (Custom),220,18,196407,1,49.18923728755553,0-10,600,355.02957377813306,377,299,63.7130021572113,50.531001710891715,165.59999999999997,216,35,298,13,0.0436241610738255,0.3011834217551197,12.649390104258016,0.33321833333333367,150,0.5016722408026756,25.181000852584837,0.30985915492957744,36,2,5.239000177383423,1.082855085615491,memb-30-18,3,1.0977777777777777,False,30
510063832,MembTV,2026,2026-09-29T10:10:42.000Z,8-player unranked Rage Forest 2026 (Custom),2026-09-29,Rage Forest 2026 (Custom),220,25,196407,4,49.18923728755553,0-10,600,355.02957377813306,531,467,89.73900303840637,78.92300267219542,150.0,168,35,466,3,0.006437768240343348,0.25147928142618525,4.644733570548049,0.08321166666666689,243,0.5203426124197003,37.85600128173827,0.3904109589041096,28,1,4.056000137329101,1.3387841576367001,memb-30-18,2,0.47583333333333333,False,30
509960927,MembTV,2026,2026-09-28T20:57:09.000Z,8-player unranked Rage Forest 2026 (Custom),2026-09-28,Rage Forest 2026 (Custom),220,1,196407,1,49.18649938054854,0-10,600,355.02957377813306,475,388,80.27500271797179,65.5720022201538,163.79999999999998,192,35,387,5,0.012919896640826873,0.36153844929739876,5.0667808935363805,0.11138500000000008,183,0.47164948453608246,34.64500117301941,0.39502762430939226,30,1,4.394000148773193,1.3362095311790863,memb-30-17,8,4.1177777777777775,False,30
509952488,MembTV,2026,2026-09-28T20:13:39.000Z,8-player unranked Rage Forest 2026 (Custom),2026-09-28,Rage Forest 2026 (Custom),220,5,196407,1,49.18649938054854,0-10,600,355.02957377813306,409,326,69.12100234031676,55.09400186538696,128.39999999999986,222,35,325,9,0.027692307692307693,0.4911242437264036,9.638958253523315,0.22665166666666675,132,0.4049079754601227,32.7860011100769,0.3924914675767918,23,1,3.887000131607055,1.4552795698854801,memb-30-17,7,3.392777777777778,False,30
509944286,MembTV,2026,2026-09-28T19:36:42.000Z,8-player unranked Rage Forest 2026 (Custom),2026-09-28,Rage Forest 2026 (Custom),220,57,196407,1,49.18649938054854,0-10,600,355.02957377813306,344,269,58.13600196838379,45.461001539230345,121.79999999999998,204,35,268,13,0.048507462686567165,0.48461536820713036,11.670236291256561,0.33473,119,0.4423791821561338,25.350000858306885,0.4108527131782946,33,1,4.732000160217284,1.219933288694958,memb-30-17,5,2.7769444444444447,False,30
509938938,MembTV,2026,2026-09-28T19:13:37.000Z,8-player unranked Rage Forest 2026 (Custom),2026-09-28,Rage Forest 2026 (Custom),220,25,196407,1,49.18649938054854,0-10,600,355.02957377813306,395,304,66.75500226020813,51.37600173950195,91.19999999999993,132,35,303,8,0.026402640264026403,0.4970414032894155,7.77440210363621,0.19417500000000018,132,0.4342105263157895,29.068000984191894,0.36619718309859156,28,2,4.394000148773193,1.160636427295143,memb-30-17,4,2.3922222222222222,False,30
509931662,MembTV,2026,2026-09-28T18:40:48.000Z,8-player unranked Rage Forest 2026 (Custom),2026-09-28,Rage Forest 2026 (Custom),220,31,196407,1,49.18649938054854,0-10,600,355.02957377813306,463,379,78.24700264930725,64.05100216865539,143.39999999999995,204,35,378,8,0.021164021164021163,0.37869821203001663,6.96558556297395,0.18516333333333304,164,0.43271767810026385,36.33500123023987,0.39244186046511625,29,2,5.239000177383423,1.2908678245267067,memb-30-17,3,1.8452777777777778,False,30
509915433,MembTV,2026,2026-09-28T17:30:30.000Z,8-player unranked Rage Forest 2026 (Custom),2026-09-28,Rage Forest 2026 (Custom),220,22,196407,1,49.18649938054854,0-10,600,355.02957377813306,584,499,98.69600334167481,84.3310028553009,211.79999999999998,240,35,498,9,0.018072289156626505,0.24911241760096914,6.11824831355688,0.21240999999999988,299,0.5991983967935872,33.80000114440917,0.2661122661122661,30,1,4.5630001544952385,1.0703086772117005,memb-30-17,2,0.6736111111111112,False,30
509908280,MembTV,2026,2026-09-28T16:50:05.000Z,8-player unranked Rage Forest 2026 (Custom),2026-09-28,Rage Forest 2026 (Custom),220,32,196407,2,49.18649938054854,0-10,600,355.02957377813306,350,281,59.15000200271606,47.4890016078949,109.79999999999998,126,35,280,14,0.05,0.3668638929040924,9.24339021957927,0.31880166666666665,127,0.45195729537366547,26.026000881195067,0.3345724907063197,29,2,3.549000120162964,1.1950008494596336,memb-30-17,1,0.0,False,30
509857983,MembTV,2026,2026-09-28T11:56:59.000Z,8-player rm_team Nomad,2026-09-28,Nomad,220,31,196407,3,49.18649938054854,0-10,600,355.02957377813306,438,333,74.0220025062561,56.27700190544128,99.59999999999997,138,35,332,11,0.03313253012048193,0.36360945514445575,7.544461283019206,0.21238666666666658,119,0.35735735735735735,36.16600122451782,0.32087227414330216,18,2,5.408000183105469,0.8692716949393033,memb-30-16,4,2.308333333333333,False,30
509855601,MembTV,2026,2026-09-28T11:37:25.000Z,6-player rm_team Oasis,2026-09-28,Oasis,200,13,196407,3,49.18649938054854,0-10,600,355.02957377813306,404,328,68.27600231170653,55.43200187683105,103.79999999999998,120,35,327,9,0.027522935779816515,0.5999999796850091,6.515692087082298,0.20824500000000004,79,0.24085365853658536,42.08100142478943,0.4095238095238095,28,1,5.070000171661377,0.6818684644169469,memb-30-16,3,1.9822222222222223,False,30
509843237,MembTV,2026,2026-09-28T10:13:13.000Z,8-player unranked Rage Forest 2026 (Custom),2026-09-28,Rage Forest 2026 (Custom),220,33,196407,2,49.18649938054854,0-10,600,355.02957377813306,399,312,67.43100228309632,52.72800178527832,115.79999999999998,210,35,311,14,0.04501607717041801,0.4899408118138524,8.325798534670984,0.2828716666666665,130,0.4166666666666667,30.758001041412353,0.36585365853658536,21,2,4.225000143051147,1.1958319505943602,memb-30-16,2,0.5788888888888889,False,30
509719483,MembTV,2026,2026-09-27T20:02:16.000Z,8-player unranked Rage Forest 2026 (Custom),2026-09-27,Rage Forest 2026 (Custom),220,4,196407,4,49.18376147354155,0-10,600,355.02957377813306,471,398,79.59900269508361,67.26200227737426,127.79999999999998,192,35,397,7,0.017632241813602016,0.36153844929737033,5.659615192990636,0.1290249999999998,189,0.4748743718592965,35.32100119590759,0.2830687830687831,27,2,3.887000131607055,0.8355946190502664,memb-30-15,4,0.7038888888888889,False,30
511243727,MembTV,2026,2026-10-04T10:06:19.000Z,8-player unranked Rage Forest 2026 (Custom),2026-10-04,Rage Forest 2026 (Custom),220,5,196407,1,49.20292682259047,0-10,600,355.02957377813306,418,340,70.64200239181518,57.460001945495605,173.99999999999983,222,35,339,11,0.032448377581120944,0.3710059045981211,10.181301430426757,0.26789999999999947,144,0.4235294117647059,33.12400112152099,0.33993399339933994,28,1,4.5630001544952385,1.3148651090190717,memb-60-27,3,1.2575,False,60
511239187,MembTV,2026,2026-10-04T09:22:18.000Z,8-player unranked Rage Forest 2026 (Custom),2026-10-04,Rage Forest 2026 (Custom),220,13,196407,1,49.20292682259047,0-10,600,355.02957377813306,386,316,65.23400220870971,53.404001808166505,105.59999999999997,138,35,315,8,0.025396825396825397,0.4846153682071872,7.270106262722596,0.16992166666666647,140,0.4430379746835443,29.744001007080076,0.297029702970297,28,2,4.225000143051147,0.7743802531113843,memb-60-27,2,0.5238888888888888,False,60
511234303,MembTV,2026,2026-10-04T08:50:52.000Z,8-player unranked Rage Forest 2026 (Custom),2026-10-04,Rage Forest 2026 (Custom),220,14,196407,5,49.20292682259047,0-10,600,355.02957377813306,357,279,60.33300204277039,47.151001596450804,129.59999999999997,210,35,278,14,0.050359712230215826,0.489940811813824,10.444792545765802,0.3109733333333333,118,0.4229390681003584,27.209000921249388,0.31835205992509363,28,2,5.070000171661377,0.9688853905749184,memb-60-27,1,0.0,False,60
511121619,MembTV,2026,2026-10-03T21:33:33.000Z,8-player unranked Rage Forest 2026 (Custom),2026-10-03,Rage Forest 2026 (Custom),220,7,196407,1,49.20018891558348,0-10,600,355.02957377813306,433,357,73.17700247764587,60.33300204277039,144.59999999999988,228,35,356,10,0.028089887640449437,0.2502958495135914,8.204171319854183,0.2323349999999997,170,0.47619047619047616,31.60300107002258,0.28402366863905326,29,2,4.732000160217284,1.1907904428588234,memb-60-26,3,1.5808333333333333,False,60
511107222,MembTV,2026,2026-10-03T20:26:44.000Z,8-player unranked Rage Forest 2026 (Custom),2026-10-03,Rage Forest 2026 (Custom),220,57,196407,2,49.20018891558348,0-10,600,355.02957377813306,389,299,65.74100222587586,50.531001710891715,103.79999999999998,150,35,298,12,0.040268456375838924,0.4881656639449261,8.06143759687615,0.25060333333333323,126,0.4214046822742475,29.237000989913938,0.3380281690140845,27,2,5.408000183105469,0.9890245235161965,memb-60-26,2,0.4672222222222222,False,60
511098379,MembTV,2026,2026-10-03T19:58:42.000Z,8-player unranked Rage Forest 2026 (Custom),2026-10-03,Rage Forest 2026 (Custom),220,22,196407,7,49.20018891558348,0-10,600,355.02957377813306,336,266,56.78400192260742,44.9540015220642,149.39999999999995,186,35,265,12,0.045283018867924525,0.48402365225086896,11.225703761929042,0.36465000000000003,118,0.44360902255639095,25.012000846862794,0.296875,29,2,4.5630001544952385,1.061111216880533,memb-60-26,1,0.0,False,60
510975120,MembTV,2026,2026-10-03T10:16:20.000Z,8-player unranked Rage Forest 2026 (Custom),2026-10-03,Rage Forest 2026 (Custom),220,21,196407,4,49.20018891558348,0-10,600,355.02957377813306,398,317,67.26200227737426,53.573001813888546,131.39999999999995,168,35,316,11,0.03481012658227848,0.5999999796850375,7.627692049431966,0.21560499999999996,120,0.3785488958990536,33.293001127243045,0.3468013468013468,24,1,3.887000131607055,1.196022833797582,memb-60-25,7,3.160833333333333,False,60
510971234,MembTV,2026,2026-10-03T09:47:46.000Z,8-player unranked Rage Forest 2026 (Custom),2026-10-03,Rage Forest 2026 (Custom),220,9,196407,2,49.20018891558348,0-10,600,355.02957377813306,391,325,66.07900223731994,54.92500185966492,138.0,144,35,324,7,0.021604938271604937,0.489940811813824,6.469786763192788,0.1272116666666664,132,0.40615384615384614,32.617001104354856,0.47635135135135137,26,1,4.225000143051147,1.4340128202549818,memb-60-25,6,2.6847222222222222,False,60
510966979,MembTV,2026,2026-10-03T09:17:04.000Z,8-player unranked Rage Forest 2026 (Custom),2026-10-03,Rage Forest 2026 (Custom),220,37,196407,7,49.20018891558348,0-10,600,355.02957377813306,471,395,79.59900269508361,66.75500226020813,207.59999999999997,228,35,394,8,0.02030456852791878,0.24615383781950584,7.348124011560331,0.1917566666666667,229,0.579746835443038,28.05400094985962,0.24736842105263157,31,2,4.9010001659393305,1.0145466423519651,memb-60-25,5,2.1730555555555555,False,60
510962960,MembTV,2026,2026-10-03T08:48:37.000Z,8-player unranked Rage Forest 2026 (Custom),2026-10-03,Rage Forest 2026 (Custom),220,23,196407,4,49.20018891558348,0-10,600,355.02957377813306,392,314,66.24800224304198,53.06600179672241,139.19999999999993,162,35,313,11,0.03514376996805112,0.4769230607752917,9.723904996209278,0.2432583333333334,139,0.4426751592356688,29.57500100135803,0.2739273927392739,28,2,4.732000160217284,0.7510723943678651,memb-60-25,4,1.698888888888889,False,60
510959259,MembTV,2026,2026-10-03T08:21:41.000Z,8-player unranked Rage Forest 2026 (Custom),2026-10-03,Rage Forest 2026 (Custom),220,10,196407,4,49.20018891558348,0-10,600,355.02957377813306,419,346,70.81100239753722,58.474001979827875,175.7999999999998,228,35,345,11,0.03188405797101449,0.361538449297397,7.4283074407981315,0.2383866666666665,170,0.4913294797687861,29.744001007080076,0.428125,23,1,4.225000143051147,1.3810228765034938,memb-60-25,3,1.25,False,60
510953127,MembTV,2026,2026-10-03T07:36:09.000Z,8-player unranked Rage Forest 2026 (Custom),2026-10-03,Rage Forest 2026 (Custom),220,16,196407,3,49.20018891558348,0-10,600,355.02957377813306,329,248,55.6010018825531,41.91200141906739,114.0,174,35,247,15,0.06072874493927125,0.6088757190294913,12.583040994078475,0.3499749999999998,83,0.3346774193548387,27.88500094413757,0.3574468085106383,26,2,4.9010001659393305,1.0515766186355573,memb-60-25,2,0.4911111111111111,False,60
510947511,MembTV,2026,2026-10-03T07:06:41.000Z,8-player unranked Rage Forest 2026 (Custom),2026-10-03,Rage Forest 2026 (Custom),220,35,196407,3,49.20018891558348,0-10,600,355.02957377813306,297,240,50.19300169944763,40.560001373291016,73.79999999999998,114,35,239,15,0.06276150627615062,0.7207100347696382,7.980662451682143,0.28127500000000005,71,0.29583333333333334,28.561000967025755,0.4383561643835616,24,1,3.042000102996826,1.337736880921709,memb-60-25,1,0.0,False,60
510872211,MembTV,2026,2026-10-02T23:17:48.000Z,8-player unranked Rage Forest 2026 (Custom),2026-10-02,Rage Forest 2026 (Custom),220,19,196407,2,49.19745100857649,0-10,600,355.02957377813306,491,429,82.97900280952453,72.5010024547577,194.99999999999991,252,35,428,13,0.030373831775700934,0.23846153038766715,10.225171251426701,0.35354333333333365,265,0.6177156177156177,27.716000938415526,0.2536231884057971,24,1,3.211000108718872,1.0004468969795242,memb-60-24,3,1.1297222222222223,False,60
510867517,MembTV,2026,2026-10-02T22:47:19.000Z,8-player unranked Rage Forest 2026 (Custom),2026-10-02,Rage Forest 2026 (Custom),220,1,196407,3,49.19745100857649,0-10,600,355.02957377813306,646,571,109.17400369644164,96.4990032672882,209.39999999999995,240,35,570,3,0.005263157894736842,0.23846153038766715,4.446520559507736,0.05082333333333336,361,0.6322241681260946,35.49000120162964,0.19710669077757687,25,2,4.394000148773193,0.9027133913705901,memb-60-24,2,0.6216666666666667,False,60
510860186,MembTV,2026,2026-10-02T22:10:01.000Z,8-player unranked Rage Forest 2026 (Custom),2026-10-02,Rage Forest 2026 (Custom),220,13,196407,3,49.19745100857649,0-10,600,355.02957377813306,503,423,85.00700287818908,71.48700242042541,186.0,216,35,422,12,0.02843601895734597,0.24615383781949163,6.942076688030323,0.22669000000000006,220,0.5200945626477541,34.307001161575315,0.25735294117647056,26,1,4.056000137329101,0.9222085759626321,memb-60-24,1,0.0,False,60
510732730,MembTV,2026,2026-10-02T11:45:07.000Z,8-player unranked Rage Forest 2026 (Custom),2026-10-02,Rage Forest 2026 (Custom),220,59,196407,1,49.19745100857649,0-10,600,355.02957377813306,357,284,60.33300204277039,47.996001625061034,133.19999999999993,180,35,283,15,0.053003533568904596,0.4852070841634486,13.114153402131457,0.40680666666666665,124,0.43661971830985913,27.040000915527344,0.3151750972762646,30,2,4.732000160217284,1.4018672317559322,memb-60-23,4,1.7663888888888888,False,60
510729249,MembTV,2026,2026-10-02T11:20:33.000Z,8-player unranked Rage Forest 2026 (Custom),2026-10-02,Rage Forest 2026 (Custom),220,51,196407,1,49.19745100857649,0-10,600,355.02957377813306,494,411,83.48600282669067,69.45900235176086,175.7999999999998,228,35,410,9,0.02195121951219512,0.24852070164470774,6.379147713007243,0.20590500000000028,189,0.45985401459854014,37.518001270294185,0.2715736040609137,27,2,3.887000131607055,0.9570161329310846,memb-60-23,3,1.3569444444444445,False,60
510725857,MembTV,2026,2026-10-02T10:59:11.000Z,8-player unranked Rage Forest 2026 (Custom),2026-10-02,Rage Forest 2026 (Custom),220,44,196407,1,49.19745100857649,0-10,600,355.02957377813306,355,264,59.99500203132629,44.616001510620116,127.79999999999998,150,35,263,14,0.053231939163498096,0.3698224726855557,12.74121850351579,0.4208933333333335,121,0.4583333333333333,24.16700081825256,0.3861788617886179,32,2,3.7180001258850095,1.2832025411590458,memb-60-23,2,1.0008333333333332,False,60
510718973,MembTV,2026,2026-10-02T09:59:08.000Z,8-player unranked Rage Forest 2026 (Custom),2026-10-02,Rage Forest 2026 (Custom),220,31,196407,2,49.19745100857649,0-10,600,355.02957377813306,420,339,70.98000240325928,57.29100193977355,114.0,132,35,338,10,0.029585798816568046,0.24615383781950761,8.389153562111662,0.22490166666666636,172,0.5073746312684366,28.223000955581664,0.25925925925925924,26,2,4.225000143051147,0.9665236603115193,memb-60-23,1,0.0,False,60
510617671,MembTV,2026,2026-10-01T21:09:04.000Z,8-player unranked Rage Forest 2026 (Custom),2026-10-01,Rage Forest 2026 (Custom),220,32,196407,1,49.194713101569505,0-10,600,355.02957377813306,522,444,88.21800298690796,75.03600254058837,179.39999999999995,210,35,443,10,0.022573363431151242,0.24852070164469353,6.457739426322556,0.19606166666666627,269,0.6058558558558559,29.57500100135803,0.26450116009280744,29,3,4.732000160217284,1.0607774321219203,memb-60-22,2,0.4652777777777778,False,60
510612190,MembTV,2026,2026-10-01T20:41:09.000Z,8-player unranked Rage Forest 2026 (Custom),2026-10-01,Rage Forest 2026 (Custom),220,30,196407,6,49.194713101569505,0-10,600,355.02957377813306,502,427,84.83800287246703,72.16300244331359,134.99999999999991,228,35,426,6,0.014084507042253521,0.25147928142618525,5.266272011042339,0.11583333333333362,224,0.5245901639344263,34.307001161575315,0.2773722627737226,26,2,3.887000131607055,0.9843058817702467,memb-60-22,1,0.0,False,60
510514824,MembTV,2026,2026-10-01T12:07:31.000Z,8-player unranked Rage Forest 2026 (Custom),2026-10-01,Rage Forest 2026 (Custom),220,11,196407,1,49.194713101569505,0-10,600,355.02957377813306,400,329,67.60000228881835,55.6010018825531,119.39999999999995,138,35,328,11,0.03353658536585366,0.4272189204463359,7.1750175085456975,0.20540166666666687,136,0.4133738601823708,32.617001104354856,0.3409090909090909,31,1,5.070000171661377,1.1151264599610524,memb-60-21,3,0.8138888888888889,False,60
510508710,MembTV,2026,2026-10-01T11:18:41.000Z,8-player unranked Rage Forest 2026 (Custom),2026-10-01,Rage Forest 2026 (Custom),220,35,196407,8,49.194713101569505,0-10,600,355.02957377813306,493,393,83.31700282096863,66.41700224876404,193.79999999999998,216,35,392,11,0.02806122448979592,0.24615383781950584,8.053845881156919,0.2701616666666665,216,0.549618320610687,29.913001012802123,0.356353591160221,33,1,5.408000183105469,1.373842684250337,memb-60-21,1,0.0,False,60
510382409,MembTV,2026,2026-09-30T19:59:20.000Z,8-player unranked Rage Forest 2026 (Custom),2026-09-30,Rage Forest 2026 (Custom),220,20,196407,1,49.19197519456252,0-10,600,355.02957377813306,463,374,78.24700264930725,63.20600214004516,157.79999999999998,240,35,373,10,0.02680965147453083,0.24852070164469353,7.589632879122902,0.2650183333333337,216,0.5775401069518716,26.702000904083253,0.3817663817663818,28,1,5.9150002002716064,1.3281987720041752,memb-60-20,5,2.3944444444444444,False,60
510376686,MembTV,2026,2026-09-30T19:33:19.000Z,8-player unranked Rage Forest 2026 (Custom),2026-09-30,Rage Forest 2026 (Custom),220,26,196407,1,49.19197519456252,0-10,600,355.02957377813306,467,379,78.92300267219542,64.05100216865539,157.79999999999998,180,35,378,5,0.013227513227513227,0.357692295581451,6.551638831427362,0.11050999999999996,175,0.46174142480211083,34.47600116729736,0.2937853107344633,31,2,5.408000183105469,1.1525040347939577,memb-60-20,4,1.9608333333333334,False,60
510365141,MembTV,2026,2026-09-30T18:43:19.000Z,8-player unranked Rage Forest 2026 (Custom),2026-09-30,Rage Forest 2026 (Custom),220,24,196407,1,49.19197519456252,0-10,600,355.02957377813306,481,390,81.28900275230407,65.9100022315979,164.99999999999991,210,35,389,11,0.028277634961439587,0.3538461418655352,6.448230550904905,0.22788166666666682,202,0.517948717948718,31.772001075744626,0.4245810055865922,29,1,6.084000205993652,1.389156863987897,memb-60-20,3,1.1275,False,60
510357263,MembTV,2026,2026-09-30T18:10:03.000Z,8-player unranked Rage Forest 2026 (Custom),2026-09-30,Rage Forest 2026 (Custom),220,11,196407,1,49.19197519456252,0-10,600,355.02957377813306,397,321,67.09300227165222,54.24900183677673,132.0,198,35,320,16,0.05,0.36153844929739876,6.808538231013214,0.3036133333333332,155,0.48286604361370716,28.05400094985962,0.3026315789473684,24,1,4.225000143051147,1.0286980697496169,memb-60-20,2,0.5730555555555555,False,60
510350959,MembTV,2026,2026-09-30T17:35:40.000Z,8-player unranked Rage Forest 2026 (Custom),2026-09-30,Rage Forest 2026 (Custom),220,25,196407,1,49.19197519456252,0-10,600,355.02957377813306,387,303,65.40300221443175,51.207001733779904,126.0,180,35,302,12,0.039735099337748346,0.4970414032894155,7.207112182015246,0.26191999999999993,117,0.38613861386138615,31.434001064300535,0.43214285714285716,25,1,4.394000148773193,1.277482620991282,memb-60-20,1,0.0,False,60
510181138,MembTV,2026,2026-09-29T21:16:45.000Z,8-player unranked Rage Forest 2026 (Custom),2026-09-29,Rage Forest 2026 (Custom),220,61,196407,1,49.18923728755553,0-10,600,355.02957377813306,370,300,62.53000211715698,50.70000171661377,109.19999999999993,138,35,299,10,0.033444816053511704,0.6017751275539069,6.4964258155452805,0.21642999999999998,101,0.33666666666666667,33.63100113868713,0.38571428571428573,28,2,4.732000160217284,1.0793838912630371,memb-60-19,9,4.176666666666667,False,60
510175846,MembTV,2026,2026-09-29T20:48:08.000Z,8-player unranked Rage Forest 2026 (Custom),2026-09-29,Rage Forest 2026 (Custom),220,4,196407,1,49.18923728755553,0-10,600,355.02957377813306,414,337,69.966002368927,56.95300192832946,136.7999999999999,186,35,336,10,0.02976190476190476,0.24852070164470064,8.37171569287962,0.23898500000000034,178,0.5281899109792285,26.871000909805296,0.27692307692307694,28,2,4.056000137329101,0.890949247653826,memb-60-19,8,3.6997222222222224,False,60
510168423,MembTV,2026,2026-09-29T20:11:13.000Z,8-player unranked Rage Forest 2026 (Custom),2026-09-29,Rage Forest 2026 (Custom),220,20,196407,1,49.18923728755553,0-10,600,355.02957377813306,333,227,56.27700190544128,38.363001298904415,91.79999999999998,96,35,226,18,0.07964601769911504,0.7242603305073771,10.953993711957054,0.40841500000000003,67,0.29515418502202645,27.040000915527344,0.5097087378640777,26,1,4.394000148773193,1.4116770705596933,memb-60-19,7,3.0844444444444443,False,60
510162506,MembTV,2026,2026-09-29T19:44:20.000Z,8-player unranked Rage Forest 2026 (Custom),2026-09-29,Rage Forest 2026 (Custom),220,45,196407,1,49.18923728755553,0-10,600,355.02957377813306,468,370,79.09200267791748,62.53000211715698,155.39999999999995,198,35,369,12,0.032520325203252036,0.24852070164469353,7.2894198715361025,0.29212499999999986,190,0.5135135135135135,30.420001029968258,0.3764705882352941,24,2,4.9010001659393305,1.3874686419289517,memb-60-19,6,2.636388888888889,False,60
510156210,MembTV,2026,2026-09-29T19:15:29.000Z,8-player unranked Rage Forest 2026 (Custom),2026-09-29,Rage Forest 2026 (Custom),220,12,196407,1,49.18923728755553,0-10,600,355.02957377813306,365,289,61.68500208854675,48.84100165367126,127.79999999999998,156,35,288,12,0.041666666666666664,0.4952662554204892,9.126307383306795,0.2916099999999998,119,0.4117647058823529,28.730000972747803,0.30685920577617326,23,1,4.9010001659393305,0.9221308286631839,memb-60-19,5,2.1555555555555554,False,60
510148611,MembTV,2026,2026-09-29T18:41:31.000Z,8-player unranked Rage Forest 2026 (Custom),2026-09-29,Rage Forest 2026 (Custom),220,17,196407,1,49.18923728755553,0-10,600,355.02957377813306,544,449,91.93600311279297,75.8810025691986,211.79999999999998,216,35,448,8,0.017857142857142856,0.24852070164467932,6.213615174233163,0.17121833333333333,219,0.48775055679287305,38.87000131607056,0.20408163265306123,26,2,6.422000217437744,0.6056493734031425,memb-60-19,4,1.5894444444444444,False,60
510141944,MembTV,2026,2026-09-29T18:14:07.000Z,8-player unranked Rage Forest 2026 (Custom),2026-09-29,Rage Forest 2026 (Custom),220,16,196407,1,49.18923728755553,0-10,600,355.02957377813306,392,302,66.24800224304198,51.03800172805786,137.39999999999995,216,35,301,13,0.04318936877076412,0.4881656639449261,11.131360569857065,0.302585,124,0.4105960264900662,30.08200101852417,0.3908450704225352,29,3,4.394000148773193,1.2205236102879173,memb-60-19,3,1.1327777777777779,False,60
510136293,MembTV,2026,2026-09-29T17:43:47.000Z,8-player unranked Rage Forest 2026 (Custom),2026-09-29,Rage Forest 2026 (Custom),220,41,196407,1,49.18923728755553,0-10,600,355.02957377813306,403,316,68.1070023059845,53.404001808166505,90.0,108,35,315,5,0.015873015873015872,0.6053254232916885,5.417455437876163,0.10555666666666634,117,0.370253164556962,33.63100113868713,0.3211920529801324,27,2,5.239000177383423,0.7909156960615834,memb-60-19,2,0.6272222222222222,False,60
510129467,MembTV,2026,2026-09-29T17:06:09.000Z,8-player unranked Rage Forest 2026 (Custom),2026-09-29,Rage Forest 2026 (Custom),220,59,196407,1,49.18923728755553,0-10,600,355.02957377813306,521,457,88.04900298118591,77.23300261497496,164.99999999999991,192,35,456,12,0.02631578947368421,0.24615383781949163,6.323550081753585,0.2141983333333336,252,0.5514223194748359,34.64500117301941,0.2345132743362832,28,1,3.887000131607055,0.720558601732891,memb-60-19,1,0.0,False,60
510080509,MembTV,2026,2026-09-29T12:31:56.000Z,8-player unranked Rage Forest 2026 (Custom),2026-09-29,Rage Forest 2026 (Custom),220,19,196407,1,49.18923728755553,0-10,600,355.02957377813306,362,270,61.17800207138062,45.63000154495239,135.59999999999997,186,35,269,17,0.06319702602230483,0.6088757190294984,9.999833980949651,0.38576500000000014,111,0.4111111111111111,26.871000909805296,0.391304347826087,23,1,4.394000148773193,1.1561978671005007,memb-60-18,6,2.8297222222222222,False,60
510076929,MembTV,2026,2026-09-29T12:01:43.000Z,8-player unranked Rage Forest 2026 (Custom),2026-09-29,Rage Forest 2026 (Custom),220,10,196407,1,49.18923728755553,0-10,600,355.02957377813306,561,472,94.80900321006774,79.76800270080565,174.0,180,35,471,7,0.014861995753715499,0.25147928142618525,5.733905131303746,0.17791833333333334,262,0.5550847457627118,35.49000120162964,0.3436807095343681,32,1,5.408000183105469,1.240889018741717,memb-60-18,5,2.326111111111111,False,60
510073579,MembTV,2026,2026-09-29T11:34:42.000Z,8-player unranked Rage Forest 2026 (Custom),2026-09-29,Rage Forest 2026 (Custom),220,62,196407,1,49.18923728755553,0-10,600,355.02957377813306,576,504,97.34400329589843,85.17600288391114,211.19999999999993,240,35,503,10,0.019880715705765408,0.23846153038766715,6.300366650585849,0.20826999999999987,301,0.5972222222222222,34.307001161575315,0.1744421906693712,24,3,4.394000148773193,0.5638041128859883,memb-60-18,4,1.8758333333333332,False,60
510069029,MembTV,2026,2026-09-29T10:48:01.000Z,8-player unranked Rage Forest 2026 (Custom),2026-09-29,Rage Forest 2026 (Custom),220,18,196407,1,49.18923728755553,0-10,600,355.02957377813306,377,299,63.7130021572113,50.531001710891715,165.59999999999997,216,35,298,13,0.0436241610738255,0.3011834217551197,12.649390104258016,0.33321833333333367,150,0.5016722408026756,25.181000852584837,0.30985915492957744,36,2,5.239000177383423,1.082855085615491,memb-60-18,3,1.0977777777777777,False,60
510063832,MembTV,2026,2026-09-29T10:10:42.000Z,8-player unranked Rage Forest 2026 (Custom),2026-09-29,Rage Forest 2026 (Custom),220,25,196407,4,49.18923728755553,0-10,600,355.02957377813306,531,467,89.73900303840637,78.92300267219542,150.0,168,35,466,3,0.006437768240343348,0.25147928142618525,4.644733570548049,0.08321166666666689,243,0.5203426124197003,37.85600128173827,0.3904109589041096,28,1,4.056000137329101,1.3387841576367001,memb-60-18,2,0.47583333333333333,False,60
509960927,MembTV,2026,2026-09-28T20:57:09.000Z,8-player unranked Rage Forest 2026 (Custom),2026-09-28,Rage Forest 2026 (Custom),220,1,196407,1,49.18649938054854,0-10,600,355.02957377813306,475,388,80.27500271797179,65.5720022201538,163.79999999999998,192,35,387,5,0.012919896640826873,0.36153844929739876,5.0667808935363805,0.11138500000000008,183,0.47164948453608246,34.64500117301941,0.39502762430939226,30,1,4.394000148773193,1.3362095311790863,memb-60-17,8,4.1177777777777775,False,60
509952488,MembTV,2026,2026-09-28T20:13:39.000Z,8-player unranked Rage Forest 2026 (Custom),2026-09-28,Rage Forest 2026 (Custom),220,5,196407,1,49.18649938054854,0-10,600,355.02957377813306,409,326,69.12100234031676,55.09400186538696,128.39999999999986,222,35,325,9,0.027692307692307693,0.4911242437264036,9.638958253523315,0.22665166666666675,132,0.4049079754601227,32.7860011100769,0.3924914675767918,23,1,3.887000131607055,1.4552795698854801,memb-60-17,7,3.392777777777778,False,60
509944286,MembTV,2026,2026-09-28T19:36:42.000Z,8-player unranked Rage Forest 2026 (Custom),2026-09-28,Rage Forest 2026 (Custom),220,57,196407,1,49.18649938054854,0-10,600,355.02957377813306,344,269,58.13600196838379,45.461001539230345,121.79999999999998,204,35,268,13,0.048507462686567165,0.48461536820713036,11.670236291256561,0.33473,119,0.4423791821561338,25.350000858306885,0.4108527131782946,33,1,4.732000160217284,1.219933288694958,memb-60-17,5,2.7769444444444447,False,60
509938938,MembTV,2026,2026-09-28T19:13:37.000Z,8-player unranked Rage Forest 2026 (Custom),2026-09-28,Rage Forest 2026 (Custom),220,25,196407,1,49.18649938054854,0-10,600,355.02957377813306,395,304,66.75500226020813,51.37600173950195,91.19999999999993,132,35,303,8,0.026402640264026403,0.4970414032894155,7.77440210363621,0.19417500000000018,132,0.4342105263157895,29.068000984191894,0.36619718309859156,28,2,4.394000148773193,1.160636427295143,memb-60-17,4,2.3922222222222222,False,60
509931662,MembTV,2026,2026-09-28T18:40:48.000Z,8-player unranked Rage Forest 2026 (Custom),2026-09-28,Rage Forest 2026 (Custom),220,31,196407,1,49.18649938054854,0-10,600,355.02957377813306,463,379,78.24700264930725,64.05100216865539,143.39999999999995,204,35,378,8,0.021164021164021163,0.37869821203001663,6.96558556297395,0.18516333333333304,164,0.43271767810026385,36.33500123023987,0.39244186046511625,29,2,5.239000177383423,1.2908678245267067,memb-60-17,3,1.8452777777777778,False,60
509915433,MembTV,2026,2026-09-28T17:30:30.000Z,8-player unranked Rage Forest 2026 (Custom),2026-09-28,Rage Forest 2026 (Custom),220,22,196407,1,49.18649938054854,0-10,600,355.02957377813306,584,499,98.69600334167481,84.3310028553009,211.79999999999998,240,35,498,9,0.018072289156626505,0.24911241760096914,6.11824831355688,0.21240999999999988,299,0.5991983967935872,33.80000114440917,0.2661122661122661,30,1,4.5630001544952385,1.0703086772117005,memb-60-17,2,0.6736111111111112,False,60
509908280,MembTV,2026,2026-09-28T16:50:05.000Z,8-player unranked Rage Forest 2026 (Custom),2026-09-28,Rage Forest 2026 (Custom),220,32,196407,2,49.18649938054854,0-10,600,355.02957377813306,350,281,59.15000200271606,47.4890016078949,109.79999999999998,126,35,280,14,0.05,0.3668638929040924,9.24339021957927,0.31880166666666665,127,0.45195729537366547,26.026000881195067,0.3345724907063197,29,2,3.549000120162964,1.1950008494596336,memb-60-17,1,0.0,False,60
509857983,MembTV,2026,2026-09-28T11:56:59.000Z,8-player rm_team Nomad,2026-09-28,Nomad,220,31,196407,3,49.18649938054854,0-10,600,355.02957377813306,438,333,74.0220025062561,56.27700190544128,99.59999999999997,138,35,332,11,0.03313253012048193,0.36360945514445575,7.544461283019206,0.21238666666666658,119,0.35735735735735735,36.16600122451782,0.32087227414330216,18,2,5.408000183105469,0.8692716949393033,memb-60-16,4,2.308333333333333,False,60
509855601,MembTV,2026,2026-09-28T11:37:25.000Z,6-player rm_team Oasis,2026-09-28,Oasis,200,13,196407,3,49.18649938054854,0-10,600,355.02957377813306,404,328,68.27600231170653,55.43200187683105,103.79999999999998,120,35,327,9,0.027522935779816515,0.5999999796850091,6.515692087082298,0.20824500000000004,79,0.24085365853658536,42.08100142478943,0.4095238095238095,28,1,5.070000171661377,0.6818684644169469,memb-60-16,3,1.9822222222222223,False,60
509843237,MembTV,2026,2026-09-28T10:13:13.000Z,8-player unranked Rage Forest 2026 (Custom),2026-09-28,Rage Forest 2026 (Custom),220,33,196407,2,49.18649938054854,0-10,600,355.02957377813306,399,312,67.43100228309632,52.72800178527832,115.79999999999998,210,35,311,14,0.04501607717041801,0.4899408118138524,8.325798534670984,0.2828716666666665,130,0.4166666666666667,30.758001041412353,0.36585365853658536,21,2,4.225000143051147,1.1958319505943602,memb-60-16,2,0.5788888888888889,False,60
509719483,MembTV,2026,2026-09-27T20:02:16.000Z,8-player unranked Rage Forest 2026 (Custom),2026-09-27,Rage Forest 2026 (Custom),220,4,196407,4,49.18376147354155,0-10,600,355.02957377813306,471,398,79.59900269508361,67.26200227737426,127.79999999999998,192,35,397,7,0.017632241813602016,0.36153844929737033,5.659615192990636,0.1290249999999998,189,0.4748743718592965,35.32100119590759,0.2830687830687831,27,2,3.887000131607055,0.8355946190502664,memb-60-15,4,0.7038888888888889,False,60
