session_id,context,gap_threshold_minutes,n_openings,logged_games,sample_covers_all_logged_games,left_log_boundary_censored,first_game_id,last_game_id,hours_between_first_last,core_cpm_last_over_first,core_cpm_last_minus_first,core_cpm_slope_per_hour,burst_p95_10s_core_cpm_last_over_first,burst_p95_10s_core_cpm_last_minus_first,burst_p95_10s_core_cpm_slope_per_hour,p_core_gap_gt5s_last_over_first,p_core_gap_gt5s_last_minus_first,p_core_gap_gt5s_slope_per_hour,approx_dedup_core_cpm_last_over_first,approx_dedup_core_cpm_last_minus_first,approx_dedup_core_cpm_slope_per_hour
memb-15-32,8-player unranked Rage Forest 2026 (Custom),15,3,3,True,False,511234303,511243727,1.2575,1.2186379928315412,10.309000349044801,8.026468125444126,1.3425925925925917,44.399999999999864,39.03115123682021,0.6443320691108302,-0.017911334649094883,-0.012710445750513574,1.217391304347826,5.915000200271603,4.6975800226007145
memb-15-29,8-player unranked Rage Forest 2026 (Custom),15,7,7,True,False,510947511,510975120,3.160833333333333,1.3208333333333333,13.01300044059753,5.248426814262658,1.7804878048780486,57.599999999999966,18.500534257753106,0.5546413502109705,-0.027951379693872146,-0.012212664033076252,1.1656804733727812,4.732000160217289,1.4730438901357017
memb-15-28,8-player unranked Rage Forest 2026 (Custom),15,3,3,True,False,510860186,510872211,1.1297222222222223,1.0141843971631206,1.014000034332284,2.34392032415212,1.048387096774193,8.999999999999915,9.057651339214157,1.0681464174454829,0.0019378128183549642,0.000281650750835889,0.8078817733990148,-6.591000223159789,-5.549691069866807
memb-15-27,8-player unranked Rage Forest 2026 (Custom),15,4,4,True,False,510718973,510732730,1.7663888888888888,0.8377581120943954,-9.295000314712517,-1.4533671258824905,1.1684210526315784,19.199999999999932,19.7804854836463,1.7915194346289753,0.02341773475233655,0.008193151370760822,0.9580838323353293,-1.1830000400543206,1.3337222925870345
memb-15-24,8-player unranked Rage Forest 2026 (Custom),15,5,5,True,False,510350959,510382409,2.3944444444444444,1.2343234323432342,11.999000406265253,5.374499906826008,1.2523809523809522,31.799999999999983,14.1484076082684,0.6747095621090259,-0.012925447863217514,-0.010605012413628299,0.849462365591398,-4.732000160217282,-0.3096978059521491
memb-15-23,8-player unranked Rage Forest 2026 (Custom),15,9,9,True,False,510129467,510181138,4.176666666666667,0.6564551422319476,-26.533000898361195,-4.408317434714567,0.6618181818181817,-55.79999999999998,-7.619673486923749,1.2709030100334449,0.007129026579827495,0.004936535701665135,0.9707317073170731,-1.0140000343322768,-1.2732275253799514
memb-15-22,8-player unranked Rage Forest 2026 (Custom),15,5,6,False,False,510063832,510080509,2.353888888888889,0.5781584582441114,-33.29300112724303,-4.984380273328688,0.9039999999999998,-14.400000000000034,-0.47613376889870845,9.816604708798017,0.05675925778196148,0.01318837143633359,0.7098214285714287,-10.985000371932976,-1.7591615292971299
memb-15-21,8-player unranked Rage Forest 2026 (Custom),15,7,8,False,False,509908280,509960927,4.1177777777777775,1.3807829181494662,18.083000612258907,-1.2894528235928904,1.4918032786885247,54.0,-2.563941472443542,0.25839793281653745,-0.03708010335917313,-0.0037877060504563297,1.3311688311688312,8.619000291824342,0.8068004873470076
memb-30-27,8-player unranked Rage Forest 2026 (Custom),30,3,3,True,False,511234303,511243727,1.2575,1.2186379928315412,10.309000349044801,8.026468125444126,1.3425925925925917,44.399999999999864,39.03115123682021,0.6443320691108302,-0.017911334649094883,-0.012710445750513574,1.217391304347826,5.915000200271603,4.6975800226007145
memb-30-26,8-player unranked Rage Forest 2026 (Custom),30,3,3,True,False,511098379,511121619,1.5808333333333333,1.342105263157895,15.379000520706185,9.559906685876378,0.9678714859437746,-4.800000000000068,4.179953450162428,0.6203183520599251,-0.017193131227475088,-0.010886926398440595,1.2635135135135134,6.591000223159785,3.7974078063604835
memb-30-25,8-player unranked Rage Forest 2026 (Custom),30,7,7,True,False,510947511,510975120,3.160833333333333,1.3208333333333333,13.01300044059753,5.248426814262658,1.7804878048780486,57.599999999999966,18.500534257753106,0.5546413502109705,-0.027951379693872146,-0.012212664033076252,1.1656804733727812,4.732000160217289,1.4730438901357017
memb-30-24,8-player unranked Rage Forest 2026 (Custom),30,3,3,True,False,510860186,510872211,1.1297222222222223,1.0141843971631206,1.014000034332284,2.34392032415212,1.048387096774193,8.999999999999915,9.057651339214157,1.0681464174454829,0.0019378128183549642,0.000281650750835889,0.8078817733990148,-6.591000223159789,-5.549691069866807
memb-30-23,8-player unranked Rage Forest 2026 (Custom),30,4,4,True,False,510718973,510732730,1.7663888888888888,0.8377581120943954,-9.295000314712517,-1.4533671258824905,1.1684210526315784,19.199999999999932,19.7804854836463,1.7915194346289753,0.02341773475233655,0.008193151370760822,0.9580838323353293,-1.1830000400543206,1.3337222925870345
memb-30-20,8-player unranked Rage Forest 2026 (Custom),30,5,5,True,False,510350959,510382409,2.3944444444444444,1.2343234323432342,11.999000406265253,5.374499906826008,1.2523809523809522,31.799999999999983,14.1484076082684,0.6747095621090259,-0.012925447863217514,-0.010605012413628299,0.849462365591398,-4.732000160217282,-0.3096978059521491
memb-30-19,8-player unranked Rage Forest 2026 (Custom),30,9,9,True,False,510129467,510181138,4.176666666666667,0.6564551422319476,-26.533000898361195,-4.408317434714567,0.6618181818181817,-55.79999999999998,-7.619673486923749,1.2709030100334449,0.007129026579827495,0.004936535701665135,0.9707317073170731,-1.0140000343322768,-1.2732275253799514
memb-30-18,8-player unranked Rage Forest 2026 (Custom),30,5,6,False,False,510063832,510080509,2.353888888888889,0.5781584582441114,-33.29300112724303,-4.984380273328688,0.9039999999999998,-14.400000000000034,-0.47613376889870845,9.816604708798017,0.05675925778196148,0.01318837143633359,0.7098214285714287,-10.985000371932976,-1.7591615292971299
memb-30-17,8-player unranked Rage Forest 2026 (Custom),30,7,8,False,False,509908280,509960927,4.1177777777777775,1.3807829181494662,18.083000612258907,-1.2894528235928904,1.4918032786885247,54.0,-2.563941472443542,0.25839793281653745,-0.03708010335917313,-0.0037877060504563297,1.3311688311688312,8.619000291824342,0.8068004873470076
memb-60-27,8-player unranked Rage Forest 2026 (Custom),60,3,3,True,False,511234303,511243727,1.2575,1.2186379928315412,10.309000349044801,8.026468125444126,1.3425925925925917,44.399999999999864,39.03115123682021,0.6443320691108302,-0.017911334649094883,-0.012710445750513574,1.217391304347826,5.915000200271603,4.6975800226007145
memb-60-26,8-player unranked Rage Forest 2026 (Custom),60,3,3,True,False,511098379,511121619,1.5808333333333333,1.342105263157895,15.379000520706185,9.559906685876378,0.9678714859437746,-4.800000000000068,4.179953450162428,0.6203183520599251,-0.017193131227475088,-0.010886926398440595,1.2635135135135134,6.591000223159785,3.7974078063604835
memb-60-25,8-player unranked Rage Forest 2026 (Custom),60,7,7,True,False,510947511,510975120,3.160833333333333,1.3208333333333333,13.01300044059753,5.248426814262658,1.7804878048780486,57.599999999999966,18.500534257753106,0.5546413502109705,-0.027951379693872146,-0.012212664033076252,1.1656804733727812,4.732000160217289,1.4730438901357017
memb-60-24,8-player unranked Rage Forest 2026 (Custom),60,3,3,True,False,510860186,510872211,1.1297222222222223,1.0141843971631206,1.014000034332284,2.34392032415212,1.048387096774193,8.999999999999915,9.057651339214157,1.0681464174454829,0.0019378128183549642,0.000281650750835889,0.8078817733990148,-6.591000223159789,-5.549691069866807
memb-60-23,8-player unranked Rage Forest 2026 (Custom),60,4,4,True,False,510718973,510732730,1.7663888888888888,0.8377581120943954,-9.295000314712517,-1.4533671258824905,1.1684210526315784,19.199999999999932,19.7804854836463,1.7915194346289753,0.02341773475233655,0.008193151370760822,0.9580838323353293,-1.1830000400543206,1.3337222925870345
memb-60-20,8-player unranked Rage Forest 2026 (Custom),60,5,5,True,False,510350959,510382409,2.3944444444444444,1.2343234323432342,11.999000406265253,5.374499906826008,1.2523809523809522,31.799999999999983,14.1484076082684,0.6747095621090259,-0.012925447863217514,-0.010605012413628299,0.849462365591398,-4.732000160217282,-0.3096978059521491
memb-60-19,8-player unranked Rage Forest 2026 (Custom),60,9,9,True,False,510129467,510181138,4.176666666666667,0.6564551422319476,-26.533000898361195,-4.408317434714567,0.6618181818181817,-55.79999999999998,-7.619673486923749,1.2709030100334449,0.007129026579827495,0.004936535701665135,0.9707317073170731,-1.0140000343322768,-1.2732275253799514
memb-60-18,8-player unranked Rage Forest 2026 (Custom),60,5,6,False,False,510063832,510080509,2.353888888888889,0.5781584582441114,-33.29300112724303,-4.984380273328688,0.9039999999999998,-14.400000000000034,-0.47613376889870845,9.816604708798017,0.05675925778196148,0.01318837143633359,0.7098214285714287,-10.985000371932976,-1.7591615292971299
memb-60-17,8-player unranked Rage Forest 2026 (Custom),60,7,8,False,False,509908280,509960927,4.1177777777777775,1.3807829181494662,18.083000612258907,-1.2894528235928904,1.4918032786885247,54.0,-2.563941472443542,0.25839793281653745,-0.03708010335917313,-0.0037877060504563297,1.3311688311688312,8.619000291824342,0.8068004873470076
