game,period,cluster,date,who,name,opponent,result,dur_min,partial,save,open_cpm,cpm_0_5,cpm_5_10,cpm_10_15,cpm_15_20,cpm_10_20,whole_cpm,reclick_open,dedup_open_cpm,reclick_whole,dedup_whole_cpm,gap_p50_open,gap_p90_open,gap_p99_open,gap_p99_10_20,feudal_s,castle_s,imperial_s
hc4_tatoh_vs_hera,2021 tournament,HC4 Ro16 vs Hera,2021-03,TaToH,Le Loi,John the Fearless,loss (series),69.5,True,20.06,101.23100342750548,122.6940041542053,79.76800270080565,71.99400243759155,88.21800298690795,80.10600271224975,77.28454779070778,0.32554257095158595,68.27600231170653,0.2600755667506297,57.17100535171953,0.24852070164470255,1.3768046871116195,2.9429821488764247,5.969135892569972,686.539,888.921,1963.656
hc4_tatoh_vs_hera,2021 tournament,HC4 Ro16 vs Hera,2021-03,opponent,John the Fearless,Le Loi,loss (series),69.5,True,20.06,108.49800367355346,121.34200410842894,95.65400323867797,106.808003616333,107.48400363922119,107.14600362777709,84.02504518933058,0.3161993769470405,74.19100251197814,0.26151172893136404,62.03662282846161,0.24852070164470255,1.3420117888813432,2.9325442794073857,3.0485206068415946,603.969,887.913,1862.772
lobby_509101119,2026 tournament,vs CNZS_Donghaidi,2026-09-25T14:14,TaToH,Oni.TaToH,CNZS_Donghaidi,win,27.5,False,68.0,102.75200347900389,95.65400323867797,109.85000371932982,73.684002494812,92.27400312423705,82.97900280952453,92.8645188274832,0.3305921052631579,68.78300232887267,0.271343481138319,67.62534899849445,0.23846153038765786,1.32307687827987,4.330307545691007,5.54346135076957,363.493,581.438,
lobby_509101119,2026 tournament,vs CNZS_Donghaidi,2026-09-25T14:14,opponent,CNZS_Donghaidi,Oni.TaToH,win,27.5,False,68.0,113.0610038280487,89.23200302124022,136.89000463485715,76.05000257492064,78.0780026435852,77.06400260925292,88.4394722652206,0.4977578475336323,56.784001922607416,0.43502432244614314,49.93588441033241,0.23846153038762422,1.3230768782798366,3.686384490570054,6.639538236735188,290.368,948.493,
lobby_509105894,2026 tournament,vs CNZS_Donghaidi,2026-09-25T14:38,TaToH,Oni.TaToH,CNZS_Donghaidi,win,50.3,False,68.0,80.78200273513794,92.95000314712523,68.61400232315063,62.86800212860107,67.26200227737426,65.06500220298766,77.68373934635143,0.26359832635983266,59.48800201416015,0.237559498052791,59.20960084564067,0.2461538378195037,1.9230768579648874,4.777230607482063,5.809769034060568,238.368,431.743,2204.996
lobby_509105894,2026 tournament,vs CNZS_Donghaidi,2026-09-25T14:38,opponent,CNZS_Donghaidi,Oni.TaToH,win,50.3,False,68.0,82.81000280380248,88.21800298690795,77.40200262069702,68.61400232315063,86.86600294113158,77.7400026321411,87.9362449718976,0.32040816326530613,56.277001905441274,0.35894495412844035,56.35329206477832,0.12307691890976866,2.161538388352545,4.93076906382197,5.94984595239472,103.285,752.466,1037.66
lobby_509112691,2026 tournament,vs CNZS_Donghaidi,2026-09-25T15:14,TaToH,Oni.TaToH,CNZS_Donghaidi,win,11.3,False,68.0,108.83600368499755,120.66600408554076,97.00600328445434,nan,nan,nan,108.44728703927497,0.5605590062111802,47.827001619338986,0.5653370013755158,47.06877943950617,0.23846153038764104,1.3230768782798366,4.745692147011451,nan,,,
lobby_509112691,2026 tournament,vs CNZS_Donghaidi,2026-09-25T15:14,opponent,CNZS_Donghaidi,Oni.TaToH,win,11.3,False,68.0,116.44100394248962,110.18800373077391,122.6940041542053,nan,nan,nan,113.36992867929708,0.5747460087082729,49.517001676559445,0.5657894736842105,49.154105110876706,0.23846153038764525,1.2076922668019574,3.8461537159297747,nan,,,
lobby_510770026,2026 tournament,vs Lamo,2026-10-02T15:11,TaToH,Oni.TaToH,Lamo,win,13.4,False,68.0,104.44200353622435,109.85000371932982,99.03400335311889,nan,nan,nan,107.1580818924247,0.3673139158576052,66.07900223731994,0.35487661574618096,69.0444439157529,0.2461538378195037,1.4461537971896001,2.866153749110872,nan,276.133,,
lobby_510770026,2026 tournament,vs Lamo,2026-10-02T15:11,opponent,Lamo,Oni.TaToH,win,13.4,False,68.0,124.89100422859191,134.18600454330442,115.59600391387939,nan,nan,nan,131.20883822785726,0.4465493910690122,69.12100234031676,0.46641074856046066,69.92479201668235,0.23846153038764104,1.1999999593700927,3.96923063483952,nan,228.397,,
lobby_510771979,2026 tournament,vs Lamo,2026-10-02T15:22,TaToH,Oni.TaToH,Lamo,win,41.0,False,68.0,88.21800298690795,106.13200359344481,70.30400238037109,80.78200273513794,79.43000268936156,80.10600271224975,85.58356019943177,0.2720306513409962,64.22000217437743,0.24109720885466795,64.92323290314481,0.2461538378195037,1.5615384086674944,4.923076756390137,5.086153673945503,229.619,903.799,2107.476
lobby_510771979,2026 tournament,vs Lamo,2026-10-02T15:22,opponent,Lamo,Oni.TaToH,win,41.0,False,68.0,123.20100417137145,127.76400432586668,118.63800401687621,138.24200468063353,137.22800464630126,137.73500466346738,121.57972555761434,0.34705075445816186,80.44400272369384,0.36009485094850946,77.76790548766046,0.23846153038764104,1.1999999593700847,3.2093845067204483,2.6451537565935377,277.758,800.202,1861.77
lobby_510777842,2026 tournament,vs Lamo,2026-10-02T15:51,TaToH,Oni.TaToH,Lamo,win,24.9,False,68.0,88.04900298118591,85.51400289535522,90.5840030670166,80.10600271224975,69.2900023460388,74.69800252914428,78.50729096009937,0.31477927063339733,60.33300204277038,0.2497839239412273,58.858045528224245,0.23846153038765786,2.057692238022478,3.945846020246667,4.396922928050867,273.091,469.924,
lobby_510777842,2026 tournament,vs Lamo,2026-10-02T15:51,opponent,Lamo,Oni.TaToH,win,24.9,False,68.0,125.22900424003599,129.79200439453123,120.66600408554076,140.94600477218626,115.59600391387939,128.2710043430328,127.63372022121601,0.41700404858299595,73.00800247192382,0.4433811802232855,70.9958221982152,0.12307691890975606,1.1999999593700679,3.8461537159297747,3.1759998924661303,294.632,482.521,729.313
lobby_510988467,2026 tournament,vs wR.Capoch,2026-10-03T11:44,TaToH,Oni.TaToH,wR.Capoch,win,41.2,False,68.0,104.44200353622435,106.4700036048889,102.41400346755981,92.61200313568114,93.28800315856932,92.95000314712523,85.94097110141001,0.4854368932038835,53.74200181961059,0.3142311365807068,58.91179759179418,0.2461538378195037,1.4461537971896186,3.3036921958350414,3.369230655154494,302.146,1165.216,1994.927
lobby_510988467,2026 tournament,vs wR.Capoch,2026-10-03T11:44,opponent,wR.Capoch,Oni.TaToH,win,41.2,False,68.0,100.04800338745116,126.41200428009031,73.684002494812,114.9200038909912,81.7960027694702,98.3580033302307,80.85182095022815,0.3935810810810811,60.67100205421447,0.2939086294416244,57.065675800964975,0.23846153038765786,1.2076922668019474,5.82923057186318,2.8169229815470045,271.882,1240.382,2011.003
lobby_510992933,2026 tournament,vs wR.Capoch,2026-10-03T12:12,TaToH,Oni.TaToH,wR.Capoch,win,34.8,False,68.0,96.33000326156615,103.76600351333617,88.89400300979614,108.49800367355346,78.0780026435852,93.28800315856932,79.73744671554053,0.39824561403508774,57.96700196266173,0.2777101096224117,57.56598289387898,0.23846153038765786,1.7999999390551389,3.246153736244724,3.3615383477226466,367.146,833.924,1634.914
lobby_510992933,2026 tournament,vs wR.Capoch,2026-10-03T12:12,opponent,wR.Capoch,Oni.TaToH,win,34.8,False,68.0,73.85300250053405,84.83800287246703,62.86800212860107,75.03600254058837,84.83800287246703,79.93700270652771,77.40651039255275,0.26773455377574373,54.08000183105468,0.2565872020075282,57.517444965637935,0.35384614186554314,1.9846153174197547,6.4811536267132475,4.720307532486309,327.535,863.993,1813.33
lobby_510997318,2026 tournament,vs wR.Capoch,2026-10-03T12:36,TaToH,Oni.TaToH,wR.Capoch,win,27.9,False,68.0,112.7230038166046,110.86400375366209,114.5820038795471,138.5800046920776,92.27400312423705,115.42700390815733,104.59049899120161,0.3553223388305847,72.67000246047972,0.35208816705336426,67.7249022876658,0.23846153038765786,1.4384614897577352,3.246153736244741,3.1230768173349888,248.118,974.077,
lobby_510997318,2026 tournament,vs wR.Capoch,2026-10-03T12:36,opponent,wR.Capoch,Oni.TaToH,win,27.9,False,68.0,102.24500346183775,115.59600391387939,88.89400300979614,145.00200490951536,87.54200296401976,116.27200393676756,97.674421911737,0.3685950413223141,64.55800218582152,0.3670807453416149,61.78305768230211,0.23846153038765786,1.5615384086674944,3.592846032198646,2.884615286947273,254.618,1055.327,
lobby_511040166,2026 tournament,vs TAG_Sora Kuma,2026-10-03T15:46,TaToH,Oni.TaToH,TAG_Sora Kuma,win,41.2,False,68.0,60.840002059936516,69.2900023460388,52.39000177383422,69.6280023574829,87.20400295257568,78.41600265502929,74.0015906057244,0.21944444444444444,47.48900160789489,0.20653377630121816,58.69404457398751,0.23846153038765786,2.763076829523965,8.258307412695785,4.870615219704841,501.41,678.743,1762.904
lobby_511040166,2026 tournament,vs TAG_Sora Kuma,2026-10-03T15:46,opponent,TAG_Sora Kuma,Oni.TaToH,win,41.2,False,68.0,51.71400175094604,63.20600214004516,40.22200136184692,41.91200141906738,49.0100016593933,45.46100153923034,53.67778720570264,0.058823529411764705,48.672001647949216,0.11603053435114503,47.430358420570506,0.3615384492974013,2.884615286947331,10.91446116891686,5.9741713953580415,506.493,695.799,1674.168
lobby_511046560,2026 tournament,vs TAG_Sora Kuma,2026-10-03T16:13,TaToH,Oni.TaToH,TAG_Sora Kuma,loss,46.7,False,68.0,110.69500374794005,131.82000446319577,89.57000303268431,56.108001899719234,87.54200296401976,71.82500243186949,81.6576267244101,0.2717557251908397,80.61300272941588,0.22896368467670505,62.93854897569131,0.3538461418655471,1.2076922668019372,3.003615282918204,5.35876904933065,369.577,561.938,2195.898
lobby_511046560,2026 tournament,vs TAG_Sora Kuma,2026-10-03T16:13,opponent,TAG_Sora Kuma,Oni.TaToH,loss,46.7,False,68.0,61.85400209426879,80.10600271224975,43.60200147628784,45.630001544952385,60.840002059936516,53.23500180244445,57.82575072291043,0.12295081967213115,54.24900183677673,0.1282051282051282,50.3942201448097,0.3615384492974097,2.0384614694427765,8.751692011375265,6.860230536955315,327.327,534.118,1816.492
lobby_511053797,2026 tournament,vs TAG_Sora Kuma,2026-10-03T16:44,TaToH,Oni.TaToH,TAG_Sora Kuma,win,24.0,False,68.0,99.03400335311889,112.55400381088255,85.51400289535522,66.58600225448608,76.38800258636473,71.48700242042541,83.82472856900627,0.40273037542662116,59.15000200271606,0.34395973154362414,54.95428563047643,0.2461538378195037,1.5615384086674944,3.246153736244724,4.084615246317433,275.743,1276.174,
lobby_511053797,2026 tournament,vs TAG_Sora Kuma,2026-10-03T16:44,opponent,TAG_Sora Kuma,Oni.TaToH,win,24.0,False,68.0,60.33300204277038,66.24800224304198,54.418001842498775,82.81000280380248,63.20600214004516,73.00800247192382,63.853065050887324,0.1400560224089636,51.88300175666809,0.24779735682819384,47.997157398485164,0.5999999796850508,2.403846072456105,4.914999833586654,4.451538310817141,609.686,,
lobby_511057711,2026 tournament,vs TAG_Sora Kuma,2026-10-03T17:05,TaToH,Oni.TaToH,TAG_Sora Kuma,win,37.6,False,68.0,108.16000366210936,113.56800384521483,102.75200347900389,111.54000377655028,111.20200376510618,111.37100377082824,95.12870218555452,0.346875,70.64200239181518,0.28166351606805295,68.30413402838111,0.2461538378195037,1.4384614897577257,2.956153746063623,3.0400768201451918,229.021,974.896,
lobby_511057711,2026 tournament,vs TAG_Sora Kuma,2026-10-03T17:05,opponent,TAG_Sora Kuma,Oni.TaToH,win,37.6,False,68.0,56.95300192832946,52.728001785278316,61.17800207138061,60.50200204849242,73.34600248336791,66.92400226593017,61.05140716823394,0.10385756676557864,51.03800172805786,0.16200294550810015,51.138226660722175,0.7230768985947857,2.3999999187401757,5.126153672591201,3.8461537159297747,263.549,1224.132,
ranked_502637707,2026 ranked,day 2026-08-28,2026-08-28T15:26,TaToH,Oni.TaToH,_Barles_,loss,42.5,False,68.0,104.9490035533905,112.89200382232664,97.00600328445434,85.51400289535522,79.76800270080565,82.64100279808044,90.33002151045447,0.2753623188405797,76.05000257492064,0.2848965213562307,64.56998421195584,0.23846153038765786,1.439230720500941,3.8943075604531936,4.078230631149016,429.702,1183.528,2449.623
ranked_502637707,2026 ranked,day 2026-08-28,2026-08-28T15:26,opponent,_Barles_,Oni.TaToH,loss,42.5,False,68.0,110.86400375366209,119.65200405120848,102.07600345611571,73.684002494812,65.23400220870971,69.45900235176086,80.26683549453858,0.2530487804878049,82.81000280380248,0.26858275520317143,58.68552752268893,0.23846153038765786,1.3230768782798366,4.260153701912469,5.725615190756005,561.119,818.688,1890.797
ranked_502643690,2026 ranked,day 2026-08-28,2026-08-28T15:54,TaToH,Oni.TaToH,_Barles_,win,23.3,False,68.0,73.17700247764587,57.79800195693969,88.55600299835204,80.10600271224975,75.03600254058837,77.57100262641906,74.18593603757037,0.27251732101616627,53.23500180244445,0.265625,54.44140006124851,0.3615384492973971,2.0384614694428067,5.780230573522216,4.446153695614816,308.841,1227.577,
ranked_502643690,2026 ranked,day 2026-08-28,2026-08-28T15:54,opponent,_Barles_,Oni.TaToH,win,23.3,False,68.0,94.47100319862365,98.0200033187866,90.92200307846068,51.03800172805786,61.85400209426879,56.44600191116332,76.21445772609768,0.21288014311270126,74.36000251770018,0.27756653992395436,55.02056389168732,0.2461538378195037,1.5638461008970508,4.120999860470114,8.230461259792454,353.73,603.369,
ranked_502647651,2026 ranked,day 2026-08-28,2026-08-28T16:14,TaToH,Oni.TaToH,_Barles_,win,34.4,False,68.0,109.00500369071959,111.87800378799437,106.13200359344481,82.81000280380248,67.93800230026244,75.37400255203247,88.53029285803103,0.2744186046511628,79.09200267791748,0.23529411764705882,67.66685072092872,0.24615383781947006,1.323076878279845,3.2589998896559393,4.222461395496336,594.633,784.563,1728.068
ranked_502647651,2026 ranked,day 2026-08-28,2026-08-28T16:14,opponent,_Barles_,Oni.TaToH,win,34.4,False,68.0,100.2170033931732,119.31400403976438,81.12000274658202,58.81200199127196,51.71400175094604,55.263001871109005,73.93900707621349,0.26475548060708265,73.684002494812,0.24651162790697675,55.68520226236079,0.23846153038765786,1.4384614897577594,3.8636152538001607,8.988461234127875,509.327,728.091,1734.776
ranked_503419779,2026 ranked,day 2026-08-31,2026-08-31T16:49,TaToH,Oni.TaToH,SylPags,win,26.7,False,68.0,118.80700402259825,128.44000434875485,109.17400369644163,96.66800327301024,87.20400295257568,91.93600311279296,96.26225869700814,0.42816500711237554,67.93800230026244,0.3513157894736842,62.40483169561092,0.23846153038765786,1.44538456644639,2.884615286947331,4.084615246317433,436.605,761.202,
ranked_503419779,2026 ranked,day 2026-08-31,2026-08-31T16:49,opponent,SylPags,Oni.TaToH,win,26.7,False,68.0,136.04500460624692,148.72000503540036,123.37000417709349,111.54000377655028,101.06200342178343,106.30100359916686,110.06829316802641,0.5478260869565217,61.5160020828247,0.4861910241657077,56.51877759044681,0.12307691890975185,1.1999999593701016,3.365538347587204,5.3744613564916435,486.98,804.063,
ranked_503596731,2026 ranked,day 2026-09-01,2026-09-01T13:10,TaToH,Oni.TaToH,Moneimon,win,23.7,False,68.0,107.99100365638732,103.76600351333617,112.21600379943847,94.3020031929016,88.21800298690795,91.26000308990477,95.09322379137059,0.4835680751173709,55.77000188827514,0.38213213213213215,58.71370967666892,0.23846153038764945,1.561538408667486,3.599999878110268,4.235384471981787,528.827,821.938,
ranked_503596731,2026 ranked,day 2026-09-01,2026-09-01T13:10,opponent,Moneimon,Oni.TaToH,win,23.7,False,68.0,86.02100291252135,89.23200302124022,82.81000280380248,83.48600282669067,52.39000177383422,67.93800230026244,76.03174424760486,0.48722986247544203,44.109001493453974,0.40938967136150234,44.873539959446845,0.23846153038765786,2.161538388352545,4.569230614524576,4.692307533434363,507.299,741.494,
ranked_503599836,2026 ranked,day 2026-09-01,2026-09-01T13:29,TaToH,Oni.TaToH,VIT Liereyy,loss,27.6,False,68.0,130.8060044288635,144.66400489807128,116.94800395965575,87.20400295257568,67.26200227737426,77.23300261497496,91.84511517618061,0.49612403100775193,65.91000223159789,0.40679094540612515,54.450517948097094,0.23846153038764104,1.3230768782798432,2.7129229850682353,4.8076921449122185,451.841,582.452,
ranked_503599836,2026 ranked,day 2026-09-01,2026-09-01T13:29,opponent,VIT Liereyy,Oni.TaToH,loss,27.6,False,68.0,160.38100543022153,182.85800619125365,137.90400466918945,69.2900023460388,128.44000434875485,98.86500334739684,123.70350732450959,0.5626975763962065,70.13500237464903,0.48640632723677707,63.49504842656889,0.12307691890975185,0.9615384289824437,3.0762306650749482,4.405461389300282,466.063,655.772,
ranked_505288489,2026 ranked,day 2026-09-08,2026-09-08T18:59,TaToH,Oni.TaToH,ilovebaskets,win,19.7,False,68.0,89.9080030441284,122.01800413131713,57.79800195693969,57.4600019454956,nan,nan,84.47991922540336,0.3176691729323308,61.34700207710265,0.3086294416243655,58.35756877531876,0.24615383781952052,1.4384614897577594,6.541538240053367,nan,541.017,729.92,
ranked_505288489,2026 ranked,day 2026-09-08,2026-09-08T18:59,opponent,ilovebaskets,Oni.TaToH,win,19.7,False,68.0,92.27400312423705,104.78000354766844,79.76800270080565,92.95000314712523,nan,nan,92.19889661655698,0.22344322344322345,71.65600242614745,0.28093023255813954,66.24141066567019,0.2461538378195373,1.5615384086674573,4.8870767576090035,nan,523.753,666.753,
ranked_506421735,2026 ranked,day 2026-09-13,2026-09-13T15:20,TaToH,Oni.TaToH,Dark,loss,55.2,False,68.0,121.84900412559507,134.18600454330442,109.51200370788573,113.56800384521483,102.75200347900389,108.16000366210936,91.01872850277248,0.43134535367545074,69.2900023460388,0.2783193277310924,65.66664415634925,0.23846153038765786,1.3230768782798366,2.739615291856777,3.437846037446683,403.702,1143.48,2288.79
ranked_506421735,2026 ranked,day 2026-09-13,2026-09-13T15:20,opponent,Dark,Oni.TaToH,loss,55.2,False,68.0,112.38500380516051,113.90600385665893,110.86400375366209,127.4260043144226,154.46600522994993,140.94600477218626,101.91038139251602,0.4105263157894737,66.24800224304198,0.4010807565295707,61.017678198377624,0.23846153038764525,1.4384614897577346,3.6076921855421293,2.60153837345492,394.355,946.647,2063.116
ranked_506683393,2026 ranked,day 2026-09-14,2026-09-14T18:17,TaToH,Oni.TaToH,_LY_Yo,loss,30.7,False,68.0,128.10200433731077,142.97400484085082,113.23000383377074,107.48400363922119,85.51400289535522,96.4990032672882,95.3296385541971,0.36675461741424803,81.12000274658202,0.3021914648212226,66.4857883904859,0.23846153038765786,1.1999999593701016,2.819999904519706,4.484307540476883,440.882,901.816,
ranked_506683393,2026 ranked,day 2026-09-14,2026-09-14T18:17,opponent,_LY_Yo,Oni.TaToH,loss,30.7,False,68.0,136.7210046291351,145.67800493240355,127.76400432586668,61.85400209426879,81.7960027694702,71.82500243186949,102.31168243907774,0.5822002472187886,57.122001934051504,0.46534121440085974,54.672197891349974,0.23846153038764617,1.199999959370073,2.523076837649938,6.564461316200276,424.632,986.731,
ranked_506687982,2026 ranked,day 2026-09-14,2026-09-14T18:39,TaToH,Oni.TaToH,_LY_Yo,win,45.5,False,68.0,101.56900343894958,110.86400375366209,92.27400312423705,49.0100016593933,67.93800230026244,58.474001979827875,74.14058505504882,0.3161397670549085,69.45900235176086,0.25626880641925776,55.120453984173984,0.2461538378195037,1.32307687827987,3.490692189503529,6.705230542203313,573.716,759.785,1840.474
ranked_506687982,2026 ranked,day 2026-09-14,2026-09-14T18:39,opponent,_LY_Yo,Oni.TaToH,win,45.5,False,68.0,117.79300398826598,132.49600448608396,103.09000349044798,100.72400341033935,87.54200296401976,94.13300318717955,96.89586993653822,0.45050215208034433,64.72700219154358,0.37835763622409824,60.21249862060813,0.23846153038764945,1.3230768782798576,2.902692209412184,4.0762720513337065,448.799,889.174,1507.345
ranked_506700185,2026 ranked,day 2026-09-14,2026-09-14T19:34,TaToH,Oni.TaToH,Harty,win,25.7,False,68.0,88.55600299835204,110.18800373077391,66.92400226593017,70.98000240325926,99.71000337600707,85.34500288963316,86.5700414472268,0.3301526717557252,59.319002008438105,0.3211567732115677,58.72932795256852,0.2461538378195037,1.6846153275772462,3.910769098357382,3.842461408362481,527.202,1330.401,
ranked_506700185,2026 ranked,day 2026-09-14,2026-09-14T19:34,opponent,Harty,Oni.TaToH,win,25.7,False,68.0,70.64200239181518,82.81000280380248,58.474001979827875,83.14800281524657,83.82400283813476,83.48600282669067,72.20758403817396,0.23444976076555024,54.08000183105468,0.26094890510948904,53.330443544372756,0.36153844929739287,2.2123076174028085,6.730769002877105,3.8461537159297747,480.48,1229.626,
ranked_506837938,2026 ranked,day 2026-09-15,2026-09-15T12:59,TaToH,Oni.TaToH,Dennis哥,win,31.8,False,68.0,101.73800344467162,105.11800355911254,98.3580033302307,105.79400358200073,98.6960033416748,102.24500346183775,93.0705117321018,0.4169435215946844,59.319002008438105,0.3342857142857143,61.92588981327513,0.23846153038765786,1.5615384086674944,3.4846152666323764,3.3655383475873006,442.897,1278.147,
ranked_506837938,2026 ranked,day 2026-09-15,2026-09-15T12:59,opponent,Dennis哥,Oni.TaToH,win,31.8,False,68.0,78.75400266647338,86.1900029182434,71.31800241470336,86.1900029182434,83.82400283813476,85.00700287818907,92.21958133912258,0.40772532188841204,46.64400157928466,0.4809688581314879,47.839743203388515,0.23846153038765786,2.1615383883525285,5.940922875773781,6.730769002877105,532.077,752.063,
ranked_506842626,2026 ranked,day 2026-09-15,2026-09-15T13:28,TaToH,Oni.TaToH,[R1] Pume,win,33.6,False,68.0,92.27400312423705,92.61200313568114,91.93600311279296,69.966002368927,81.7960027694702,75.8810025691986,74.86592105437369,0.4267399267399267,52.89700179100036,0.32661290322580644,50.388743108361076,0.23846153038765786,1.9230768579648874,3.4338460375820943,4.87292291193441,640.744,832.299,
ranked_506842626,2026 ranked,day 2026-09-15,2026-09-15T13:28,opponent,[R1] Pume,Oni.TaToH,win,33.6,False,68.0,52.39000177383422,62.530002117156975,42.25000143051147,59.15000200271606,62.19200210571288,60.67100205421447,56.4513195047092,0.2806451612903226,37.68700127601623,0.24866310160427807,42.39292459116606,0.36153844929739287,3.246153736244724,9.452307372269047,5.633307501573698,681.369,876.98,1643.598
ranked_506874133,2026 ranked,day 2026-09-15,2026-09-15T16:21,TaToH,Oni.TaToH,T90Official,win,47.8,False,68.0,86.69700293540953,86.52800292968749,86.86600294113158,53.74200181961059,39.884001350402826,46.81300158500671,69.67332878751505,0.3937621832358674,52.55900177955627,0.2780314561136479,50.284421994292,0.2461538378195037,1.8069230157438063,4.548845999830175,8.446153560181768,568.23,776.841,2043.347
ranked_506874133,2026 ranked,day 2026-09-15,2026-09-15T16:21,opponent,T90Official,Oni.TaToH,win,47.8,False,68.0,49.686001682281486,61.5160020828247,37.85600128173828,39.884001350402826,44.61600151062011,42.25000143051147,44.999567502032804,0.2891156462585034,35.32100119590759,0.2623723487824038,33.18135787255108,0.5999999796850445,3.1230768173349785,6.807692077195686,7.335692059318548,534.313,976.723,1416.161
ranked_506880558,2026 ranked,day 2026-09-15,2026-09-15T16:56,TaToH,Oni.TaToH,CNZS_98T,win,43.1,False,68.0,102.75200347900389,119.31400403976438,86.1900029182434,96.66800327301024,96.66800327301024,96.66800327301024,80.97486815013418,0.3848684210526316,63.20600214004516,0.2874454677653902,57.67668317364702,0.23846153038765786,1.612307637717755,3.354615271033934,3.607692185542117,401.258,1096.355,2104.111
ranked_506880558,2026 ranked,day 2026-09-15,2026-09-15T16:56,opponent,CNZS_98T,Oni.TaToH,win,43.1,False,68.0,90.92200307846068,96.66800327301024,85.17600288391112,96.66800327301024,75.71200256347656,86.1900029182434,76.77500828970551,0.39219330855018586,55.263001871109005,0.2878323108384458,54.65552357883694,0.2461538378195037,1.799999939055132,4.043076786185391,3.703999874589036,382.772,1033.188,2215.861
ranked_506885930,2026 ranked,day 2026-09-15,2026-09-15T17:24,TaToH,Oni.TaToH,CNZS_98T,loss,51.8,False,68.0,94.64000320434569,112.89200382232664,76.38800258636473,75.37400255203247,93.96400318145751,84.66900286674499,74.43081448838298,0.40535714285714286,56.277001905441274,0.27376259307928164,54.037067675153565,0.23846153038765786,1.8015384005415072,3.7792306412725942,3.8461537159297747,398.424,1238.57,
ranked_506885930,2026 ranked,day 2026-09-15,2026-09-15T17:24,opponent,CNZS_98T,Oni.TaToH,loss,51.8,False,68.0,78.75400266647338,90.92200307846068,66.58600225448608,74.36000251770018,85.8520029067993,80.10600271224975,66.67149173400928,0.3090128755364807,54.418001842498775,0.2572127139364303,49.50681893761054,0.36153844929739287,1.9230768579648874,4.778153684373877,3.157538354629711,382.772,1043.375,2132.674
ranked_506894055,2026 ranked,day 2026-09-15,2026-09-15T18:07,TaToH,Oni.TaToH,EMPEROR VASILIY ALIBABAEVICH,win,20.2,False,68.0,92.61200313568114,103.42800350189208,81.7960027694702,109.51200370788573,81.45800275802611,95.48500323295592,94.3993851969713,0.24087591240875914,70.30400238037109,0.32180851063829785,63.96806555089099,0.2461538378195037,1.5615384086674944,5.503076736752281,4.103343056334169,486.774,,
ranked_506894055,2026 ranked,day 2026-09-15,2026-09-15T18:07,opponent,EMPEROR VASILIY ALIBABAEVICH,Oni.TaToH,win,20.2,False,68.0,76.55700259208679,87.20400295257568,65.91000223159789,110.52600374221801,101.06200342178343,105.79400358200073,91.2192640644492,0.33995584988962474,50.531001710891715,0.3981651376146789,54.85366143971829,0.4606508719771226,2.0269230082949914,4.686076764414515,3.5999998781102884,508.302,,
ranked_506897408,2026 ranked,day 2026-09-15,2026-09-15T18:23,TaToH,Oni.TaToH,DS_VarVa,win,23.2,False,68.0,75.71200256347656,83.82400283813476,67.60000228881835,48.33400163650512,81.12000274658202,64.72700219154358,68.12774972902697,0.19642857142857142,60.840002059936516,0.22008547008547008,53.095709209694476,0.36153844929739287,2.16153838835254,5.002922907532818,6.512834099013431,497.146,679.146,1355.532
ranked_506897408,2026 ranked,day 2026-09-15,2026-09-15T18:23,opponent,DS_VarVa,Oni.TaToH,win,23.2,False,68.0,64.05100216865539,61.85400209426879,66.24800224304198,84.16200284957884,59.15000200271606,71.65600242614745,66.45367040876242,0.287598944591029,45.630001544952385,0.32858707557502737,44.58584896649687,0.36153844929739287,2.4076922261720433,7.313461290840478,5.327538281157329,608.049,789.667,
ranked_507064675,2026 ranked,day 2026-09-16,2026-09-16T14:40,TaToH,Oni.TaToH,xana,win,33.5,False,68.0,110.35700373649595,124.72200422286986,95.99200325012205,91.26000308990477,94.64000320434569,92.95000314712523,102.77148511443278,0.3981623277182236,66.41700224876404,0.29778869778869776,72.13137358473617,0.23846153038765786,1.4384614897577257,3.4846152666323795,3.4846152666323817,491.452,678.535,1724.837
ranked_507064675,2026 ranked,day 2026-09-16,2026-09-16T14:40,opponent,xana,Oni.TaToH,win,33.5,False,68.0,45.630001544952385,56.44600191116332,34.81400117874145,14.872000503540038,41.2360013961792,28.054000949859617,52.62304053525256,0.2074074074074074,36.16600122451782,0.19769673704414586,42.19862023571689,0.5999999796850172,3.2692306585403106,9.755691977381526,15.600614856405707,358.813,881.452,1906.53
ranked_507070391,2026 ranked,day 2026-09-16,2026-09-16T15:11,TaToH,Oni.TaToH,FelixAldi,win,30.7,False,68.0,113.23000383377074,117.62400398254393,108.83600368499755,91.59800310134887,111.54000377655028,101.56900343894958,103.24694600301169,0.408955223880597,66.92400226593017,0.3368869936034115,68.42725331102815,0.23846153038765786,1.4461537971895884,3.0024614368034395,3.733076796681408,495.716,631.397,1604.143
ranked_507070391,2026 ranked,day 2026-09-16,2026-09-16T15:11,opponent,FelixAldi,Oni.TaToH,win,30.7,False,68.0,87.37300295829772,100.72400341033935,74.0220025062561,33.12400112152099,69.6280023574829,51.376001739501945,65.32735869167104,0.46034816247582205,47.1510015964508,0.43555181128896375,36.85390652603606,0.23846153038764104,1.807692246486998,8.41961509954191,11.283490742220998,500.799,700.674,1733.04
ranked_507075120,2026 ranked,day 2026-09-16,2026-09-16T15:34,TaToH,Oni.TaToH,CNZS_Dadaya,win,36.0,False,68.0,106.63900361061096,116.27200393676756,97.00600328445434,56.108001899719234,67.60000228881835,61.85400209426879,76.71290056614315,0.4532488114104596,58.30500197410583,0.3302752293577982,51.35276809017278,0.23846153038765786,1.5623076394106792,3.210461429760905,8.631384323140962,723.827,914.16,1631.803
ranked_507075120,2026 ranked,day 2026-09-16,2026-09-16T15:34,opponent,CNZS_Dadaya,Oni.TaToH,win,36.0,False,68.0,51.03800172805786,59.15000200271606,42.92600145339965,32.7860011100769,69.966002368927,51.376001739501945,52.17415622602518,0.2582781456953642,37.85600128173828,0.2841726618705036,37.33041406372378,0.36153844929739287,3.1307691247668346,9.861538127643973,9.116461229793996,620.243,803.868,1461.231
ranked_507093584,2026 ranked,day 2026-09-16,2026-09-16T17:15,TaToH,Oni.TaToH,Nobody,win,13.5,False,68.0,122.18700413703917,134.18600454330442,110.18800373077391,nan,nan,nan,116.19130744255327,0.4094052558782849,72.16300244331359,0.4006479481641469,69.55343021909174,0.23846153038765786,1.3230768782798366,2.7130768312168407,nan,530.647,,
ranked_507093584,2026 ranked,day 2026-09-16,2026-09-16T17:15,opponent,Nobody,Oni.TaToH,win,13.5,False,68.0,94.47100319862365,106.13200359344481,82.81000280380248,nan,nan,nan,89.46479719928777,0.3828264758497317,58.30500197410583,0.3899018232819074,54.514850712261094,0.23846153038765786,1.8023076312846944,4.857307527847705,nan,419.549,,
ranked_508468284,2026 ranked,day 2026-09-22,2026-09-22T17:39,TaToH,Oni.TaToH,VIT | Hera,loss,46.5,False,68.9,102.41400346755981,121.68000411987303,83.14800281524657,94.3020031929016,92.27400312423705,93.28800315856932,86.02900318543212,0.4207920792079208,59.319002008438105,0.28414376321353063,61.56231381517852,0.23846153038764945,1.6815384046045048,3.4799998821732703,3.6038460318261434,390.299,1044.758,2069.119
ranked_508468284,2026 ranked,day 2026-09-22,2026-09-22T17:39,opponent,VIT | Hera,Oni.TaToH,loss,46.5,False,68.9,120.15900406837461,131.1440044403076,109.17400369644163,95.31600322723388,84.16200284957884,89.73900303840637,95.4867371508496,0.4430379746835443,66.92400226593017,0.30742857142857144,66.10767071234173,0.23846153038765786,1.323076878279843,2.7685383678005753,4.430922926899736,398.216,885.105,1748.188
ranked_508883926,2026 ranked,day 2026-09-24,2026-09-24T15:21,TaToH,Oni.TaToH,NOC | Terz,win,38.2,False,68.9,115.76500391960143,126.41200428009031,105.11800355911254,129.11600437164304,140.60800476074218,134.8620045661926,116.39018310467071,0.40875912408759124,68.44500231742857,0.3371341695172938,77.11743119283189,0.23846153038765786,1.3230768782798366,3.246153736244724,2.050769161333735,416.702,1193.244,
ranked_508883926,2026 ranked,day 2026-09-24,2026-09-24T15:21,opponent,NOC | Terz,Oni.TaToH,win,38.2,False,68.9,111.20200376510618,105.79400358200073,116.61000394821166,106.808003616333,153.79000520706174,130.29900441169738,115.37270906004606,0.47112462006079026,58.81200199127196,0.4386503067484663,64.73619223985429,0.23846153038765786,1.4461537971895715,3.351076809615269,2.840769134585708,368.355,1178.008,
ranked_508889323,2026 ranked,day 2026-09-24,2026-09-24T15:47,TaToH,Oni.TaToH,NOC | Terz,win,23.4,False,68.9,126.07400426864622,142.97400484085082,109.17400369644163,133.17200450897215,93.28800315856932,113.23000383377074,122.75102305202324,0.43029490616621985,71.82500243186949,0.3861094761624485,75.30203604241878,0.23846153038765786,1.1999999593700916,2.76923067546944,3.6839998752661796,394.147,1221.883,
ranked_508889323,2026 ranked,day 2026-09-24,2026-09-24T15:47,opponent,NOC | Terz,Oni.TaToH,win,23.4,False,68.9,104.10400352478027,118.30000400543211,89.9080030441284,132.49600448608396,101.73800344467162,117.11700396537779,114.7313858779358,0.4074675324675325,61.685002088546746,0.4263224181360202,65.7719605317771,0.23846153038765786,1.5615384086674775,3.5838460325033656,3.1411537397998175,419.133,1260.077,
ranked_508893295,2026 ranked,day 2026-09-24,2026-09-24T16:07,TaToH,Oni.TaToH,Old Time,win,38.3,False,68.9,115.59600391387939,111.54000377655028,119.65200405120848,93.62600317001342,90.5840030670166,92.105003118515,99.04057989456389,0.3230994152046784,78.24700264930725,0.2769367764915405,71.58147189164538,0.23846153038765786,1.3230768782798366,3.3899998852204765,4.63499984306704,417.924,1062.438,
ranked_508893295,2026 ranked,day 2026-09-24,2026-09-24T16:07,opponent,Old Time,Oni.TaToH,win,38.3,False,68.9,111.03300375938414,101.06200342178343,121.00400409698484,103.09000349044798,77.40200262069702,90.2460030555725,106.05191213108911,0.4337899543378995,62.86800212860107,0.372972972972973,66.4685096136707,0.23846153038765786,1.442307643473657,3.063076819366486,4.446153695614825,349.258,1021.202,1977.105
ranked_508899243,2026 ranked,day 2026-09-24,2026-09-24T16:37,TaToH,Oni.TaToH,[R1] Pume,win,20.3,False,68.9,111.37100377082824,123.0320041656494,99.71000337600707,115.93400392532347,107.14600362777709,111.54000377655028,111.44406678462738,0.4006069802731411,66.75500226020812,0.37200598802395207,69.9286801237868,0.23846153038765786,1.3230768782798366,3.3692306551544733,2.7463075993224795,419.341,1184.313,
ranked_508899243,2026 ranked,day 2026-09-24,2026-09-24T16:37,opponent,[R1] Pume,Oni.TaToH,win,20.3,False,68.9,81.62700276374817,91.26000308990477,71.99400243759155,80.78200273513794,105.11800355911254,92.95000314712523,87.08653122990343,0.3084886128364389,56.44600191116332,0.3275862068965517,58.51005178414581,0.3538461418655471,2.026923008294995,4.876384450278723,3.9101537137628344,404.105,,
ranked_508902656,2026 ranked,day 2026-09-24,2026-09-24T16:54,TaToH,Oni.TaToH,Zionic,win,29.6,False,68.9,115.93400392532347,133.17200450897215,98.6960033416748,27.716000938415522,57.122001934051504,42.419001436233515,77.69659582902123,0.37317784256559766,72.67000246047972,0.3237674760853569,52.51135786458582,0.23846153038765786,1.3230768782798366,2.523076837649931,19.36930703649662,526.21,782.752,
ranked_508902656,2026 ranked,day 2026-09-24,2026-09-24T16:54,opponent,Zionic,Oni.TaToH,win,29.6,False,68.9,108.49800367355346,129.45400438308715,87.54200296401976,68.61400232315063,100.38600339889526,84.50000286102294,98.73585062304612,0.5295950155763239,51.03800172805786,0.5240301100173712,46.96880975483084,0.12307691890975185,1.684615327577242,4.712307532757167,7.57892282031395,383.808,905.238,
ranked_508907620,2026 ranked,day 2026-09-24,2026-09-24T17:16,TaToH,Oni.TaToH,ThunderboltX,win,48.0,False,68.9,106.63900361061096,118.30000400543211,94.97800321578978,124.72200422286986,97.68200330734251,111.20200376510618,91.85743581890925,0.329635499207607,71.48700242042541,0.2742616033755274,66.64131137288433,0.23846153038765786,1.4461537971896052,3.6539229532076276,2.3353845363125596,426.647,1706.133,
ranked_508907620,2026 ranked,day 2026-09-24,2026-09-24T17:16,opponent,ThunderboltX,Oni.TaToH,win,48.0,False,68.9,107.14600362777709,104.78000354766844,109.51200370788573,122.6940041542053,109.51200370788573,116.10300393104552,86.18461373726583,0.334384858044164,71.31800241470336,0.33197056418642684,57.55385982203647,0.23846153038765786,1.32307687827985,3.607692185542128,2.761538368037596,369.369,1260.272,
ranked_508914728,2026 ranked,day 2026-09-24,2026-09-24T17:51,TaToH,Oni.TaToH,NOC | Terz,win,17.6,False,68.9,125.06000423431395,145.67800493240355,104.44200353622435,89.57000303268431,nan,nan,111.64918785776894,0.3418918918918919,82.30300278663634,0.33591065292096217,74.0749656275403,0.23846153038765786,1.199999959370095,2.9609229766713674,nan,391.508,,
ranked_508914728,2026 ranked,day 2026-09-24,2026-09-24T17:51,opponent,NOC | Terz,Oni.TaToH,win,17.6,False,68.9,105.96300358772277,119.65200405120848,92.27400312423705,105.45600357055663,nan,nan,102.1532517770824,0.430622009569378,60.33300204277038,0.4732394366197183,53.75945112166896,0.2384615303876484,1.438461489757731,4.29423062383561,nan,407.355,,
ranked_508917520,2026 ranked,day 2026-09-24,2026-09-24T18:04,TaToH,Oni.TaToH,DS_Gali,win,43.3,False,68.9,115.59600391387939,120.66600408554076,110.52600374221801,118.30000400543211,128.77800436019896,123.53900418281553,110.75620833423518,0.42251461988304095,66.75500226020812,0.34767277856135403,72.22147392456878,0.23846153038765786,1.4153845674621623,3.0076922058570994,2.2846153072622606,375.674,,
ranked_508917520,2026 ranked,day 2026-09-24,2026-09-24T18:04,opponent,DS_Gali,Oni.TaToH,win,43.3,False,68.9,94.47100319862365,111.54000377655028,77.40200262069702,124.38400421142576,148.38200502395628,136.38300461769103,112.43551614748347,0.3363148479427549,62.69900212287902,0.40639110802361933,66.71702645248003,0.2384615303876479,1.5615384086674944,4.910230602978909,2.04615377687469,376.688,,
ranked_508924320,2026 ranked,day 2026-09-24,2026-09-24T18:36,TaToH,Oni.TaToH,RedPhosphoru,win,20.4,False,68.9,116.44100394248962,127.76400432586668,105.11800355911254,104.78000354766844,109.17400369644163,106.97700362205504,111.4048569009655,0.4455732946298984,64.55800218582152,0.4090909090909091,65.77629304573443,0.23846153038764525,1.4461537971895952,3.0536922042996077,2.9642306688670907,464.23,654.758,
ranked_508924320,2026 ranked,day 2026-09-24,2026-09-24T18:36,opponent,RedPhosphoru,Oni.TaToH,win,20.4,False,68.9,78.41600265502929,91.59800310134887,65.23400220870971,54.75600185394286,88.55600299835204,71.65600242614745,74.795660259143,0.23922413793103448,59.65700201988219,0.3074361820199778,51.75839452779103,0.2461538378195037,2.138461466056955,4.8076921449122185,5.503692121346859,466.258,687.258,
ranked_508927645,2026 ranked,day 2026-09-24,2026-09-24T18:50,TaToH,Oni.TaToH,DS_Gali,win,25.2,False,68.9,112.7230038166046,129.11600437164304,96.33000326156615,72.33200244903564,77.40200262069702,74.86700253486633,92.85315828560645,0.37031484257871067,70.98000240325926,0.3246753246753247,62.66462729428809,0.23846153038765786,1.3230768782798366,3.289230657863134,5.706845960622215,440.674,660.868,
ranked_508927645,2026 ranked,day 2026-09-24,2026-09-24T18:50,opponent,DS_Gali,Oni.TaToH,win,25.2,False,68.9,126.24300427436827,132.49600448608396,119.99000406265257,117.96200399398802,101.73800344467162,109.85000371932982,113.7551679429724,0.33467202141900937,83.9930028438568,0.33510011778563015,75.58585920432826,0.23846153038764104,1.0769230404603496,3.484615266632374,2.9999998984252567,372.424,821.535,
ranked_508931665,2026 ranked,day 2026-09-24,2026-09-24T19:09,TaToH,Oni.TaToH,DS_Gali,win,44.0,False,68.9,119.48300404548644,127.0880043029785,111.87800378799437,105.45600357055663,87.88000297546385,96.66800327301024,90.66648896304353,0.3988684582743989,71.82500243186949,0.29521389241846674,63.876290916201064,0.23846153038765786,1.43846148975773,2.768846060097841,3.4038460385978304,394.758,1287.091,
ranked_508931665,2026 ranked,day 2026-09-24,2026-09-24T19:09,opponent,DS_Gali,Oni.TaToH,win,44.0,False,68.9,137.22800464630126,133.84800453186034,140.60800476074218,103.76600351333617,124.04600419998168,113.90600385665893,118.1237272555366,0.3103448275862069,94.64000320434569,0.3621586475942783,75.31567474614573,0.23846153038764736,1.076923040460333,2.523076837649938,3.007692205857066,401.258,1415.888,
ranked_510124286,2026 ranked,day 2026-09-29,2026-09-29T16:37,TaToH,Oni.TaToH,NOC | Mati,win,6.2,False,68.9,nan,128.10200433731077,nan,nan,nan,nan,124.2230389408935,0.2980132450331126,53.74200181961059,0.2980132450331126,86.96773513578792,0.23846153038765786,1.1999999593700923,2.819538366073803,nan,,,
ranked_510124286,2026 ranked,day 2026-09-29,2026-09-29T16:37,opponent,NOC | Mati,Oni.TaToH,win,6.2,False,68.9,nan,154.46600522994993,nan,nan,nan,nan,154.66179682707272,0.36347517730496454,60.67100205421447,0.36347517730496454,98.18055633254045,0.12307691890975606,1.0846153478921954,2.0852306986284983,nan,,,
ranked_510125405,2026 ranked,day 2026-09-29,2026-09-29T16:43,TaToH,Oni.TaToH,DS_Ciskhan,loss,23.5,False,68.9,126.41200428009031,146.01600494384763,106.808003616333,82.4720027923584,121.34200410842894,101.90700345039366,115.01343099822539,0.40641711229946526,75.03600254058837,0.3375078271759549,76.14141905654313,0.23846153038765786,1.1999999593700847,2.530769145081793,3.841307562247708,391.105,,
ranked_510125405,2026 ranked,day 2026-09-29,2026-09-29T16:43,opponent,DS_Ciskhan,Oni.TaToH,loss,23.5,False,68.9,99.87900338172912,88.21800298690795,111.54000377655028,102.07600345611571,127.4260043144226,114.75100388526916,110.83636212039379,0.32656514382402707,67.26200227737426,0.37816764132553604,68.87272026192039,0.23846153038765786,1.5615384086674944,3.484615266632374,2.761538368037596,404.508,1241.383,
ranked_510128528,2026 ranked,day 2026-09-29,2026-09-29T17:00,TaToH,Oni.TaToH,DS_Ciskhan,win,69.2,False,68.9,108.83600368499755,121.00400409698484,96.66800327301024,112.89200382232664,97.34400329589843,105.11800355911254,91.58270390538581,0.32919254658385094,73.00800247192382,0.2853333333333333,65.43534570942343,0.2461538378195037,1.4153845674621623,2.784461444184539,2.646153756559673,391.313,2084.56,3202.394
ranked_510128528,2026 ranked,day 2026-09-29,2026-09-29T17:00,opponent,DS_Ciskhan,Oni.TaToH,win,69.2,False,68.9,82.1340027809143,78.75400266647338,85.51400289535522,125.73600425720214,127.0880043029785,126.41200428009031,91.04541870914089,0.3230452674897119,55.60100188255309,0.3562231759656652,58.59881705321501,0.2461538378195037,2.1153845437613787,4.226153703063628,2.761538368037596,402.077,2179.842,3106.674
ranked_510325757,2026 ranked,day 2026-09-30,2026-09-30T15:21,TaToH,Oni.TaToH,NOC | Target331,win,36.3,False,68.9,50.70000171661376,51.71400175094604,49.686001682281486,87.54200296401976,105.11800355911254,96.33000326156615,77.18560391943743,0.35,32.95500111579894,0.2316043425814234,59.28186615371183,0.36153844929739287,2.401538380226546,9.04892277054216,3.723076797019994,292.799,482.716,1228.806
ranked_510325757,2026 ranked,day 2026-09-30,2026-09-30T15:21,opponent,NOC | Target331,Oni.TaToH,win,36.3,False,68.9,31.60300107002258,56.108001899719234,7.098000240325927,14.534000492095945,24.6740008354187,19.604000663757322,36.54445058911844,0.6256684491978609,11.830000400543211,0.3885350318471338,22.33539698099033,0.23846153038764525,3.3076921956995915,26.8023067848283,13.219845706245154,245.063,455.494,1232.459
ranked_510330665,2026 ranked,day 2026-09-30,2026-09-30T15:48,TaToH,Oni.TaToH,Oni.TheViper,win,14.6,False,68.9,102.07600345611571,129.79200439453123,74.36000251770018,nan,nan,nan,95.11490742987527,0.35596026490066224,65.74100222587585,0.33900364520048604,62.799031706756374,0.23846153038765786,1.4384614897577543,4.318769084543214,nan,385.424,,
ranked_510330665,2026 ranked,day 2026-09-30,2026-09-30T15:48,opponent,Oni.TheViper,Oni.TaToH,win,14.6,False,68.9,89.57000303268431,111.54000377655028,67.60000228881835,nan,nan,nan,97.88861068420943,0.42641509433962266,51.376001739501945,0.4380165289256198,54.94915274341182,0.35384614186553026,1.561538408667491,4.328615238055987,nan,502.619,,
ranked_510333065,2026 ranked,day 2026-09-30,2026-09-30T16:01,TaToH,Oni.TaToH,wR.Nicov,?,27.4,False,68.9,103.93500351905821,115.59600391387939,92.27400312423705,96.33000326156615,92.61200313568114,94.47100319862365,99.67243026421461,0.36585365853658536,65.91000223159789,0.2978328173374613,69.94413834938372,0.23846153038765786,1.5269230252241095,3.6827691060770817,3.212769121990428,397.202,1234.883,
ranked_510333065,2026 ranked,day 2026-09-30,2026-09-30T16:01,opponent,wR.Nicov,Oni.TaToH,?,27.4,False,68.9,120.49700407981871,128.77800436019896,112.21600379943847,93.28800315856932,100.38600339889526,96.83700327873228,108.80649817697235,0.3450210378681627,78.92300267219542,0.3840045377197958,66.98353990073255,0.23846153038764525,1.1999999593701016,2.9873075911626508,3.246153736244791,396.188,1321.827,
