player,year,context,late_window,metric,weighted_median,game_median,min,max,n,clusters
DauT,2012,team game,40+,opening_core_cpm,55.425000000000004,68.55000000000001,52.2,86.7,4,2
DauT,2012,team game,40+,late_core_cpm,25.083715772772027,38.338188851495545,12.232562601938021,39.86086021826434,4,2
DauT,2012,team game,40+,core_cpm_late_over_open,0.3470482264758277,0.47679656181373997,0.23434027973061342,0.6468008345030867,4,2
DauT,2012,team game,40+,burst_p95_late_over_open,0.34988676803623425,0.4844034928464129,0.2727272727272727,0.5486284289276808,4,2
DauT,2012,team game,40+,peak_10s_late_over_open,0.3797953964194373,0.45588235294117646,0.34782608695652173,0.5483870967741935,4,2
DauT,2012,team game,40+,p_core_gap_gt5s_late_minus_open,0.13688584197031078,0.04067203705555261,0.021132918013333953,0.21985573725764374,4,2
DauT,2012,team game,40+,silence_time_late_minus_open,0.4120005092964966,0.16136516223342157,0.07236404834062478,0.6080160078672164,4,2
DauT,2012,team game,40+,approx_dedup_late_over_open,0.4034014114807038,0.5479810089654829,0.2602339346304897,0.6945786135619336,4,2
DauT,2012,team game,40+ excluding final 60 game seconds,opening_core_cpm,55.425000000000004,68.55000000000001,52.2,86.7,4,2
DauT,2012,team game,40+ excluding final 60 game seconds,late_core_cpm,25.678044275481383,39.134187619351124,12.622190869696661,40.400363967242946,4,2
DauT,2012,team game,40+ excluding final 60 game seconds,core_cpm_late_over_open,0.34889804506013017,0.47486579976569065,0.24180442279112377,0.6888382603110476,4,2
DauT,2012,team game,40+ excluding final 60 game seconds,burst_p95_late_over_open,0.35126981559365883,0.4835138131311103,0.277272727272727,0.5486284289276808,4,2
DauT,2012,team game,40+ excluding final 60 game seconds,peak_10s_late_over_open,0.3797953964194373,0.45588235294117646,0.34782608695652173,0.5483870967741935,4,2
DauT,2012,team game,40+ excluding final 60 game seconds,p_core_gap_gt5s_late_minus_open,0.13714363046394118,0.038429848982665035,0.020401337792642138,0.21842991562792957,4,2
DauT,2012,team game,40+ excluding final 60 game seconds,silence_time_late_minus_open,0.41174956633644333,0.14530977858194705,0.046377024567790553,0.5987983321576134,4,2
DauT,2012,team game,40+ excluding final 60 game seconds,approx_dedup_late_over_open,0.40729300664805423,0.5495415222598159,0.2684066001018298,0.7344924542376771,4,2
DauT,2012,team game,40-45,opening_core_cpm,55.425000000000004,68.55000000000001,52.2,86.7,4,2
DauT,2012,team game,40-45,late_core_cpm,26.4,39.75,15.0,42.0,4,2
DauT,2012,team game,40-45,core_cpm_late_over_open,0.3616712405043153,0.4837674581698611,0.28735632183908044,0.7161125319693094,4,2
DauT,2012,team game,40-45,burst_p95_late_over_open,0.338163215787771,0.4330149498325075,0.3204545454545455,0.5486284289276808,4,2
DauT,2012,team game,40-45,peak_10s_late_over_open,0.34782608695652173,0.42391304347826086,0.29411764705882354,0.5483870967741935,4,2
DauT,2012,team game,40-45,p_core_gap_gt5s_late_minus_open,0.11879930788606236,0.024442087817547586,0.017491254372813594,0.21031582661883197,4,2
DauT,2012,team game,40-45,silence_time_late_minus_open,0.3113250000000012,0.06836250000000033,0.023400000000002114,0.5414999999999994,4,2
DauT,2012,team game,40-45,approx_dedup_late_over_open,0.4401307189542483,0.5802544529262086,0.3202614379084967,0.7627627627627628,4,2
DauT,2021,1v1 tournament,40+,opening_core_cpm,97.09050328731536,97.09050328731536,83.9930028438568,109.68100371360778,4,2
DauT,2021,1v1 tournament,40+,late_core_cpm,60.45649280642174,60.45649280642174,52.29279176911136,64.97728287111167,4,2
DauT,2021,1v1 tournament,40+,core_cpm_late_over_open,0.5989398548877629,0.5989398548877629,0.5200416687242653,0.7736035225684763,4,2
DauT,2021,1v1 tournament,40+,burst_p95_late_over_open,0.6587962962962963,0.6587962962962963,0.580827067669173,0.7331932773109244,4,2
DauT,2021,1v1 tournament,40+,peak_10s_late_over_open,0.6601382488479263,0.6601382488479263,0.5862068965517241,0.782608695652174,4,2
DauT,2021,1v1 tournament,40+,p_core_gap_gt5s_late_minus_open,0.016321355528005243,0.016321355528005243,0.002070619006102878,0.026905829596412557,4,2
DauT,2021,1v1 tournament,40+,silence_time_late_minus_open,0.10900750210256267,0.10900750210256267,-0.014243365394987974,0.14755091824097874,4,2
DauT,2021,1v1 tournament,40+,approx_dedup_late_over_open,0.7302332118799482,0.7302332118799482,0.6114713341646524,0.9678486794317335,4,2
DauT,2021,1v1 tournament,40+ excluding final 60 game seconds,opening_core_cpm,97.09050328731536,97.09050328731536,83.9930028438568,109.68100371360778,4,2
DauT,2021,1v1 tournament,40+ excluding final 60 game seconds,late_core_cpm,61.310606930997096,61.310606930997096,54.16287032557597,66.34645636328776,4,2
DauT,2021,1v1 tournament,40+ excluding final 60 game seconds,core_cpm_late_over_open,0.6074640656955566,0.6074640656955566,0.5386392371509672,0.7899045648674566,4,2
DauT,2021,1v1 tournament,40+ excluding final 60 game seconds,burst_p95_late_over_open,0.6699074074074074,0.6699074074074074,0.5883458646616542,0.739495798319328,4,2
DauT,2021,1v1 tournament,40+ excluding final 60 game seconds,peak_10s_late_over_open,0.6601382488479263,0.6601382488479263,0.5862068965517241,0.782608695652174,4,2
DauT,2021,1v1 tournament,40+ excluding final 60 game seconds,p_core_gap_gt5s_late_minus_open,0.0167786585528758,0.0167786585528758,-0.00045995339138967233,0.02631578947368421,4,2
DauT,2021,1v1 tournament,40+ excluding final 60 game seconds,silence_time_late_minus_open,0.10887180375719469,0.10887180375719469,-0.029248252660589356,0.14818013958000373,4,2
DauT,2021,1v1 tournament,40+ excluding final 60 game seconds,approx_dedup_late_over_open,0.7381550373201229,0.7381550373201229,0.6272607880634627,0.9991884994435741,4,2
DauT,2021,1v1 tournament,40-45,opening_core_cpm,97.09050328731536,97.09050328731536,83.9930028438568,109.68100371360778,4,2
DauT,2021,1v1 tournament,40-45,late_core_cpm,61.68500208854675,61.68500208854675,53.06600179672241,66.58600225448609,4,2
DauT,2021,1v1 tournament,40-45,core_cpm_late_over_open,0.5874350973054862,0.5874350973054862,0.5667870036101084,0.7927565392354127,4,2
DauT,2021,1v1 tournament,40-45,burst_p95_late_over_open,0.6082149818991924,0.6082149818991924,0.5546218487394962,0.7222222222222223,4,2
DauT,2021,1v1 tournament,40-45,peak_10s_late_over_open,0.6145320197044335,0.6145320197044335,0.45161290322580644,0.782608695652174,4,2
DauT,2021,1v1 tournament,40-45,p_core_gap_gt5s_late_minus_open,0.0164287883389007,0.0164287883389007,-0.0029624753127057276,0.023832707377011174,4,2
DauT,2021,1v1 tournament,40-45,silence_time_late_minus_open,0.1012199999999985,0.1012199999999985,-0.044426666666666476,0.1408866666666655,4,2
DauT,2021,1v1 tournament,40-45,approx_dedup_late_over_open,0.7370320640822603,0.7370320640822603,0.6589861751152073,1.0094637223974765,4,2
DauT,2026,1v1 ranked,40+,opening_core_cpm,82.97900280952453,82.97900280952453,82.97900280952453,82.97900280952453,1,1
DauT,2026,1v1 ranked,40+,late_core_cpm,54.303668425758794,54.303668425758794,54.303668425758794,54.303668425758794,1,1
DauT,2026,1v1 ranked,40+,core_cpm_late_over_open,0.6544266210382284,0.6544266210382284,0.6544266210382284,0.6544266210382284,1,1
DauT,2026,1v1 ranked,40+,burst_p95_late_over_open,0.7283105022831052,0.7283105022831052,0.7283105022831052,0.7283105022831052,1,1
DauT,2026,1v1 ranked,40+,peak_10s_late_over_open,0.64,0.64,0.64,0.64,1,1
DauT,2026,1v1 ranked,40+,p_core_gap_gt5s_late_minus_open,0.02079398923748604,0.02079398923748604,0.02079398923748604,0.02079398923748604,1,1
DauT,2026,1v1 ranked,40+,silence_time_late_minus_open,0.17684630093586887,0.17684630093586887,0.17684630093586887,0.17684630093586887,1,1
DauT,2026,1v1 ranked,40+,approx_dedup_late_over_open,0.7254337962999379,0.7254337962999379,0.7254337962999379,0.7254337962999379,1,1
DauT,2026,1v1 ranked,40+ excluding final 60 game seconds,opening_core_cpm,82.97900280952453,82.97900280952453,82.97900280952453,82.97900280952453,1,1
DauT,2026,1v1 ranked,40+ excluding final 60 game seconds,late_core_cpm,55.62470631918279,55.62470631918279,55.62470631918279,55.62470631918279,1,1
DauT,2026,1v1 ranked,40+ excluding final 60 game seconds,core_cpm_late_over_open,0.6703467676861267,0.6703467676861267,0.6703467676861267,0.6703467676861267,1,1
DauT,2026,1v1 ranked,40+ excluding final 60 game seconds,burst_p95_late_over_open,0.7305936073059364,0.7305936073059364,0.7305936073059364,0.7305936073059364,1,1
DauT,2026,1v1 ranked,40+ excluding final 60 game seconds,peak_10s_late_over_open,0.64,0.64,0.64,0.64,1,1
DauT,2026,1v1 ranked,40+ excluding final 60 game seconds,p_core_gap_gt5s_late_minus_open,0.013259407809366519,0.013259407809366519,0.013259407809366519,0.013259407809366519,1,1
DauT,2026,1v1 ranked,40+ excluding final 60 game seconds,silence_time_late_minus_open,0.15461444638859978,0.15461444638859978,0.15461444638859978,0.15461444638859978,1,1
DauT,2026,1v1 ranked,40+ excluding final 60 game seconds,approx_dedup_late_over_open,0.7535262429805132,0.7535262429805132,0.7535262429805132,0.7535262429805132,1,1
DauT,2026,1v1 ranked,40-45,opening_core_cpm,82.97900280952453,82.97900280952453,82.97900280952453,82.97900280952453,1,1
DauT,2026,1v1 ranked,40-45,late_core_cpm,55.43200187683105,55.43200187683105,55.43200187683105,55.43200187683105,1,1
DauT,2026,1v1 ranked,40-45,core_cpm_late_over_open,0.6680244399185337,0.6680244399185337,0.6680244399185337,0.6680244399185337,1,1
DauT,2026,1v1 ranked,40-45,burst_p95_late_over_open,0.7305936073059364,0.7305936073059364,0.7305936073059364,0.7305936073059364,1,1
DauT,2026,1v1 ranked,40-45,peak_10s_late_over_open,0.64,0.64,0.64,0.64,1,1
DauT,2026,1v1 ranked,40-45,p_core_gap_gt5s_late_minus_open,0.0143232753223989,0.0143232753223989,0.0143232753223989,0.0143232753223989,1,1
DauT,2026,1v1 ranked,40-45,silence_time_late_minus_open,0.16580166666666657,0.16580166666666657,0.16580166666666657,0.16580166666666657,1,1
DauT,2026,1v1 ranked,40-45,approx_dedup_late_over_open,0.7527472527472527,0.7527472527472527,0.7527472527472527,0.7527472527472527,1,1
TaToH,2021,tournament,40+,opening_core_cpm,101.23100342750548,101.23100342750548,101.23100342750548,101.23100342750548,1,1
TaToH,2021,tournament,40+,late_core_cpm,69.66500935921466,69.66500935921466,69.66500935921466,69.66500935921466,1,1
TaToH,2021,tournament,40+,core_cpm_late_over_open,0.6881785915428946,0.6881785915428946,0.6881785915428946,0.6881785915428946,1,1
TaToH,2021,tournament,40+,burst_p95_late_over_open,0.7692307692307693,0.7692307692307693,0.7692307692307693,0.7692307692307693,1,1
TaToH,2021,tournament,40+,peak_10s_late_over_open,1.0344827586206897,1.0344827586206897,1.0344827586206897,1.0344827586206897,1,1
TaToH,2021,tournament,40+,p_core_gap_gt5s_late_minus_open,0.00899811683352312,0.00899811683352312,0.00899811683352312,0.00899811683352312,1,1
TaToH,2021,tournament,40+,silence_time_late_minus_open,0.03847624619651943,0.03847624619651943,0.03847624619651943,0.03847624619651943,1,1
TaToH,2021,tournament,40+,approx_dedup_late_over_open,0.8127451802305723,0.8127451802305723,0.8127451802305723,0.8127451802305723,1,1
TaToH,2021,tournament,40+ excluding final 60 game seconds,opening_core_cpm,101.23100342750548,101.23100342750548,101.23100342750548,101.23100342750548,1,1
TaToH,2021,tournament,40+ excluding final 60 game seconds,late_core_cpm,70.09400233342541,70.09400233342541,70.09400233342541,70.09400233342541,1,1
TaToH,2021,tournament,40+ excluding final 60 game seconds,core_cpm_late_over_open,0.6924163542804532,0.6924163542804532,0.6924163542804532,0.6924163542804532,1,1
TaToH,2021,tournament,40+ excluding final 60 game seconds,burst_p95_late_over_open,0.7692307692307693,0.7692307692307693,0.7692307692307693,0.7692307692307693,1,1
TaToH,2021,tournament,40+ excluding final 60 game seconds,peak_10s_late_over_open,1.0344827586206897,1.0344827586206897,1.0344827586206897,1.0344827586206897,1,1
TaToH,2021,tournament,40+ excluding final 60 game seconds,p_core_gap_gt5s_late_minus_open,0.008554100323101319,0.008554100323101319,0.008554100323101319,0.008554100323101319,1,1
TaToH,2021,tournament,40+ excluding final 60 game seconds,silence_time_late_minus_open,0.03883205577120054,0.03883205577120054,0.03883205577120054,0.03883205577120054,1,1
TaToH,2021,tournament,40+ excluding final 60 game seconds,approx_dedup_late_over_open,0.817821682415573,0.817821682415573,0.817821682415573,0.817821682415573,1,1
TaToH,2021,tournament,40-45,opening_core_cpm,101.23100342750548,101.23100342750548,101.23100342750548,101.23100342750548,1,1
TaToH,2021,tournament,40-45,late_core_cpm,60.16400203704834,60.16400203704834,60.16400203704834,60.16400203704834,1,1
TaToH,2021,tournament,40-45,core_cpm_late_over_open,0.5943238731218699,0.5943238731218699,0.5943238731218699,0.5943238731218699,1,1
TaToH,2021,tournament,40-45,burst_p95_late_over_open,0.5201465201465202,0.5201465201465202,0.5201465201465202,0.5201465201465202,1,1
TaToH,2021,tournament,40-45,peak_10s_late_over_open,0.5172413793103449,0.5172413793103449,0.5172413793103449,0.5172413793103449,1,1
TaToH,2021,tournament,40-45,p_core_gap_gt5s_late_minus_open,0.0006329951060975378,0.0006329951060975378,0.0006329951060975378,0.0006329951060975378,1,1
TaToH,2021,tournament,40-45,silence_time_late_minus_open,-0.028419999999999467,-0.028419999999999467,-0.028419999999999467,-0.028419999999999467,1,1
TaToH,2021,tournament,40-45,approx_dedup_late_over_open,0.6881188118811882,0.6881188118811882,0.6881188118811882,0.6881188118811882,1,1
TaToH,2026,ranked,40+,opening_core_cpm,104.52650353908538,102.41400346755981,86.69700293540954,121.84900412559509,7,6
TaToH,2026,ranked,40+,late_core_cpm,73.84932453537193,73.84932453537193,64.39047273856781,84.55860353595804,7,6
TaToH,2026,ranked,40+,core_cpm_late_over_open,0.6925170156787143,0.6925170156787143,0.5734020818360723,0.9186554214755497,7,6
TaToH,2026,ranked,40+,burst_p95_late_over_open,0.8127208480565372,0.8127208480565372,0.6428571428571421,0.8875,7,6
TaToH,2026,ranked,40+,peak_10s_late_over_open,0.7951388888888888,0.7777777777777778,0.6,1.1290322580645162,7,6
TaToH,2026,ranked,40+,p_core_gap_gt5s_late_minus_open,0.007265236308866092,0.006177698270721527,-0.0010629921259842521,0.011329712065006183,7,6
TaToH,2026,ranked,40+,silence_time_late_minus_open,0.0767426301589555,0.06765290444728522,-0.03602231917417074,0.1015787054047548,7,6
TaToH,2026,ranked,40+,approx_dedup_late_over_open,0.854760199363251,0.854934188101284,0.7407753499237562,1.0582661944530087,7,6
TaToH,2026,ranked,40+ excluding final 60 game seconds,opening_core_cpm,104.52650353908538,102.41400346755981,86.69700293540954,121.84900412559509,7,6
TaToH,2026,ranked,40+ excluding final 60 game seconds,late_core_cpm,74.3975049334524,74.3975049334524,64.09430871252273,84.92025926050376,7,6
TaToH,2026,ranked,40+ excluding final 60 game seconds,core_cpm_late_over_open,0.7012546412780247,0.7012546412780247,0.5844504256307305,0.9104301236935269,7,6
TaToH,2026,ranked,40+ excluding final 60 game seconds,burst_p95_late_over_open,0.8127208480565372,0.8127208480565372,0.6071428571428571,0.8964285714285714,7,6
TaToH,2026,ranked,40+ excluding final 60 game seconds,peak_10s_late_over_open,0.7222222222222222,0.6666666666666666,0.5666666666666667,1.1290322580645162,7,6
TaToH,2026,ranked,40+ excluding final 60 game seconds,p_core_gap_gt5s_late_minus_open,0.006629318394024276,0.006629318394024276,0.0001282051282051281,0.011966703765535151,7,6
TaToH,2026,ranked,40+ excluding final 60 game seconds,silence_time_late_minus_open,0.06473107740180048,0.055389394111278654,-0.028497516077832,0.09528465950258513,7,6
TaToH,2026,ranked,40+ excluding final 60 game seconds,approx_dedup_late_over_open,0.8646114388809033,0.8656743763796363,0.7213527462472856,1.0484058835058447,7,6
TaToH,2026,ranked,40-45,opening_core_cpm,104.52650353908538,102.41400346755981,86.69700293540954,121.84900412559509,7,6
TaToH,2026,ranked,40-45,late_core_cpm,79.09200267791746,78.41600265502929,66.92400226593017,81.7960027694702,7,6
TaToH,2026,ranked,40-45,core_cpm_late_over_open,0.7353407290015848,0.7353407290015848,0.6712898751733702,0.8732943469785573,7,6
TaToH,2026,ranked,40-45,burst_p95_late_over_open,0.7167235494880547,0.7167235494880547,0.657243816254417,0.8999999999999999,7,6
TaToH,2026,ranked,40-45,peak_10s_late_over_open,0.7275985663082437,0.6774193548387096,0.6,0.9,7,6
TaToH,2026,ranked,40-45,p_core_gap_gt5s_late_minus_open,0.005483405483405483,0.005483405483405483,-0.002079492930632112,0.008298755186721992,7,6
TaToH,2026,ranked,40-45,silence_time_late_minus_open,0.042511666666666406,0.03521999999999919,-0.03299166666666626,0.07291333333333401,7,6
TaToH,2026,ranked,40-45,approx_dedup_late_over_open,0.9173789173789174,0.9173789173789174,0.7493917274939172,1.009646302250804,7,6
TaToH,2026,tournament,40+,opening_core_cpm,95.73850324153901,95.73850324153901,80.78200273513794,110.69500374794006,2,2
TaToH,2026,tournament,40+,late_core_cpm,66.82763794213457,66.82763794213457,65.6229798174914,68.03229606677776,2,2
TaToH,2026,tournament,40+,core_cpm_late_over_open,0.7134694122962717,0.7134694122962717,0.6145922920034571,0.8123465325890864,2,2
TaToH,2026,tournament,40+,burst_p95_late_over_open,0.7286795512907153,0.7286795512907153,0.6920529801324505,0.76530612244898,2,2
TaToH,2026,tournament,40+,peak_10s_late_over_open,0.7239089184060721,0.7239089184060721,0.7058823529411765,0.7419354838709677,2,2
TaToH,2026,tournament,40+,p_core_gap_gt5s_late_minus_open,0.006661012961382735,0.006661012961382735,0.003703703703703704,0.009618322219061766,2,2
TaToH,2026,tournament,40+,silence_time_late_minus_open,0.0108843067251722,0.0108843067251722,0.00257361564138775,0.01919499780895665,2,2
TaToH,2026,tournament,40+,approx_dedup_late_over_open,0.764847896629923,0.764847896629923,0.6477450073301847,0.8819507859296614,2,2
TaToH,2026,tournament,40+ excluding final 60 game seconds,opening_core_cpm,95.73850324153901,95.73850324153901,80.78200273513794,110.69500374794006,2,2
TaToH,2026,tournament,40+ excluding final 60 game seconds,late_core_cpm,68.24286050469448,68.24286050469448,66.33868279985056,70.14703820953838,2,2
TaToH,2026,tournament,40+ excluding final 60 game seconds,core_cpm_late_over_open,0.7338211518312361,0.7338211518312361,0.5992924753036567,0.8683498283588154,2,2
TaToH,2026,tournament,40+ excluding final 60 game seconds,burst_p95_late_over_open,0.7450635220975811,0.7450635220975811,0.7003311258278149,0.7897959183673473,2,2
TaToH,2026,tournament,40+ excluding final 60 game seconds,peak_10s_late_over_open,0.7239089184060721,0.7239089184060721,0.7058823529411765,0.7419354838709677,2,2
TaToH,2026,tournament,40+ excluding final 60 game seconds,p_core_gap_gt5s_late_minus_open,0.0021993860437256657,0.0021993860437256657,-6.55136268343827e-05,0.004464285714285714,2,2
TaToH,2026,tournament,40+ excluding final 60 game seconds,silence_time_late_minus_open,-0.01992110305623169,-0.01992110305623169,-0.06524306134788457,0.025400855235421196,2,2
TaToH,2026,tournament,40+ excluding final 60 game seconds,approx_dedup_late_over_open,0.7977801634319341,0.7977801634319341,0.6583422579855683,0.9372180688783,2,2
TaToH,2026,tournament,40-45,opening_core_cpm,95.73850324153901,95.73850324153901,80.78200273513794,110.69500374794006,2,2
TaToH,2026,tournament,40-45,late_core_cpm,74.0220025062561,74.0220025062561,70.30400238037109,77.74000263214111,2,2
TaToH,2026,tournament,40-45,core_cpm_late_over_open,0.7987288000255517,0.7987288000255517,0.6351145038167938,0.9623430962343097,2,2
TaToH,2026,tournament,40-45,burst_p95_late_over_open,0.7372077307744294,0.7372077307744294,0.7152317880794704,0.7591836734693882,2,2
TaToH,2026,tournament,40-45,peak_10s_late_over_open,0.6916508538899431,0.6916508538899431,0.6774193548387096,0.7058823529411765,2,2
TaToH,2026,tournament,40-45,p_core_gap_gt5s_late_minus_open,-0.002825631209552457,-0.002825631209552457,-0.010482180293501049,0.004830917874396135,2,2
TaToH,2026,tournament,40-45,silence_time_late_minus_open,-0.057204166666666265,-0.057204166666666265,-0.14592500000000036,0.03151666666666784,2,2
TaToH,2026,tournament,40-45,approx_dedup_late_over_open,0.8686392224128072,0.8686392224128072,0.691823899371069,1.0454545454545454,2,2
TheViper,2012,team game,40+,opening_core_cpm,75.45,70.42500000000001,47.85,90.6,6,3
TheViper,2012,team game,40+,late_core_cpm,57.37887212073074,54.75307567423738,28.695874967973356,59.83607781078782,6,3
TheViper,2012,team game,40+,core_cpm_late_over_open,0.7140715133982705,0.7024782963130782,0.5997048060182519,0.8773527847206535,6,3
TheViper,2012,team game,40+,burst_p95_late_over_open,0.8144711049353616,0.780927732825639,0.7549999999999997,0.9698375870069615,6,3
TheViper,2012,team game,40+,peak_10s_late_over_open,0.7272727272727273,0.7064935064935065,0.4489795918367347,0.9545454545454546,6,3
TheViper,2012,team game,40+,p_core_gap_gt5s_late_minus_open,0.029992671138200068,0.029785613383706517,0.01517241379310345,0.11584225735169132,6,3
TheViper,2012,team game,40+,silence_time_late_minus_open,0.24325866832965587,0.224936755824056,0.1227025615567914,0.3733637906738393,6,3
TheViper,2012,team game,40+,approx_dedup_late_over_open,0.7307607282638513,0.7225338619271826,0.6122178479256989,0.8460433195598434,6,3
TheViper,2012,team game,40+ excluding final 60 game seconds,opening_core_cpm,75.45,70.42500000000001,47.85,90.6,6,3
TheViper,2012,team game,40+ excluding final 60 game seconds,late_core_cpm,54.37670609645132,53.64400266177002,28.73622412194871,62.39778987980885,6,3
TheViper,2012,team game,40+ excluding final 60 game seconds,core_cpm_late_over_open,0.7113200920484989,0.7062982118763945,0.6005480485255739,0.831448105450326,6,3
TheViper,2012,team game,40+ excluding final 60 game seconds,burst_p95_late_over_open,0.8223736176935232,0.7885034904013966,0.7649999999999999,0.9791183294663585,6,3
TheViper,2012,team game,40+ excluding final 60 game seconds,peak_10s_late_over_open,0.7272727272727273,0.7064935064935065,0.4489795918367347,0.9545454545454546,6,3
TheViper,2012,team game,40+ excluding final 60 game seconds,p_core_gap_gt5s_late_minus_open,0.028462592021914056,0.02846591975491187,0.020763811642565813,0.11300246103363412,6,3
TheViper,2012,team game,40+ excluding final 60 game seconds,silence_time_late_minus_open,0.21102590950317468,0.19340398923708457,0.14987545086492457,0.35961135286847046,6,3
TheViper,2012,team game,40+ excluding final 60 game seconds,approx_dedup_late_over_open,0.7601213082568604,0.7415960485585615,0.6201983084091138,0.8015458384026336,6,3
TheViper,2012,team game,40-45,opening_core_cpm,75.45,70.42500000000001,47.85,90.6,6,3
TheViper,2012,team game,40-45,late_core_cpm,47.7,46.95,30.3,54.0,6,3
TheViper,2012,team game,40-45,core_cpm_late_over_open,0.5977443609022556,0.6154866005138238,0.5407554671968191,0.7660550458715595,6,3
TheViper,2012,team game,40-45,burst_p95_late_over_open,0.6075,0.671551047120419,0.5037878787878793,0.808056872037915,6,3
TheViper,2012,team game,40-45,peak_10s_late_over_open,0.5142857142857142,0.5904761904761904,0.375,0.6818181818181818,6,3
TheViper,2012,team game,40-45,p_core_gap_gt5s_late_minus_open,0.04121671553553124,0.04212553908649784,0.03067442182523196,0.10169811320754718,6,3
TheViper,2012,team game,40-45,silence_time_late_minus_open,0.2511000000000023,0.25680000000000247,0.19867499999999982,0.34382499999999794,6,3
TheViper,2012,team game,40-45,approx_dedup_late_over_open,0.6618357487922706,0.6622788211416974,0.609375,0.7696629213483146,6,3
TheViper,2021,1v1 tournament,40+,opening_core_cpm,119.65200405120848,100.55500340461731,96.4990032672882,138.74900469779965,3,2
TheViper,2021,1v1 tournament,40+,late_core_cpm,69.8279726620414,82.09658920477715,57.55935611930567,95.50662198733515,3,2
TheViper,2021,1v1 tournament,40+,core_cpm_late_over_open,0.6327979132015779,0.850750644308538,0.41484518209461774,0.9497948262507806,3,2
TheViper,2021,1v1 tournament,40+,burst_p95_late_over_open,0.7377964350864852,0.9524714828897336,0.5231213872832369,0.9638783269961978,3,2
TheViper,2021,1v1 tournament,40+,peak_10s_late_over_open,0.7277777777777779,0.9,0.5555555555555556,1.0666666666666667,3,2
TheViper,2021,1v1 tournament,40+,p_core_gap_gt5s_late_minus_open,0.025544819480219427,0.013368865200977124,0.003629764065335753,0.03772077375946173,3,2
TheViper,2021,1v1 tournament,40+,silence_time_late_minus_open,0.15401441220811546,0.10314213444874847,0.04021588159614501,0.20488668996748244,3,2
TheViper,2021,1v1 tournament,40+,approx_dedup_late_over_open,0.7439529019298639,0.9336285749432797,0.554277228916448,0.968655718494473,3,2
TheViper,2021,1v1 tournament,40+ excluding final 60 game seconds,opening_core_cpm,119.65200405120848,100.55500340461731,96.4990032672882,138.74900469779965,3,2
TheViper,2021,1v1 tournament,40+ excluding final 60 game seconds,late_core_cpm,70.3364370802044,80.86017206036142,59.812702100047396,92.32866400636426,3,2
TheViper,2021,1v1 tournament,40+ excluding final 60 game seconds,core_cpm_late_over_open,0.6345117645290218,0.8379378990722889,0.43108562998575467,0.9181906506914274,3,2
TheViper,2021,1v1 tournament,40+ excluding final 60 game seconds,burst_p95_late_over_open,0.7521319149871426,0.9695817490494297,0.5346820809248556,0.9695817490494297,3,2
TheViper,2021,1v1 tournament,40+ excluding final 60 game seconds,peak_10s_late_over_open,0.7277777777777779,0.9,0.5555555555555556,1.0666666666666667,3,2
TheViper,2021,1v1 tournament,40+ excluding final 60 game seconds,p_core_gap_gt5s_late_minus_open,0.02168686093252807,0.013197671984256584,0.0041841004184100415,0.030176049880799558,3,2
TheViper,2021,1v1 tournament,40+ excluding final 60 game seconds,silence_time_late_minus_open,0.1328184164257535,0.10052298506196823,0.04480270386380301,0.1651138477895388,3,2
TheViper,2021,1v1 tournament,40+ excluding final 60 game seconds,approx_dedup_late_over_open,0.7501161656707054,0.9236728578576774,0.5765594734837335,0.9592317723298484,3,2
TheViper,2021,1v1 tournament,40-45,opening_core_cpm,119.65200405120848,100.55500340461731,96.4990032672882,138.74900469779965,3,2
TheViper,2021,1v1 tournament,40-45,late_core_cpm,62.69900212287902,69.966002368927,55.43200187683105,88.89400300979614,3,2
TheViper,2021,1v1 tournament,40-45,core_cpm_late_over_open,0.562278286059246,0.7250437828371278,0.39951278928136424,0.8840336134453781,3,2
TheViper,2021,1v1 tournament,40-45,burst_p95_late_over_open,0.59745269126794,0.6920152091254753,0.5028901734104047,0.9581749049429659,3,2
TheViper,2021,1v1 tournament,40-45,peak_10s_late_over_open,0.5805555555555555,0.6333333333333333,0.5277777777777778,0.8666666666666667,3,2
TheViper,2021,1v1 tournament,40-45,p_core_gap_gt5s_late_minus_open,0.023889691385385315,0.020763072730369612,0.003816793893129771,0.027016310040401018,3,2
TheViper,2021,1v1 tournament,40-45,silence_time_late_minus_open,0.1455674999999983,0.13895999999999697,0.029813333333333164,0.15217499999999962,3,2
TheViper,2021,1v1 tournament,40-45,approx_dedup_late_over_open,0.713890719988281,0.8708708708708709,0.5569105691056911,0.9282051282051282,3,2
TheViper,2026,1v1 ranked,40+,opening_core_cpm,105.11800355911254,105.11800355911254,105.11800355911254,105.11800355911254,1,1
TheViper,2026,1v1 ranked,40+,late_core_cpm,95.72552325650594,95.72552325650594,95.72552325650594,95.72552325650594,1,1
TheViper,2026,1v1 ranked,40+,core_cpm_late_over_open,0.9106482240473223,0.9106482240473223,0.9106482240473223,0.9106482240473223,1,1
TheViper,2026,1v1 ranked,40+,burst_p95_late_over_open,0.97037037037037,0.97037037037037,0.97037037037037,0.97037037037037,1,1
TheViper,2026,1v1 ranked,40+,peak_10s_late_over_open,1.8571428571428572,1.8571428571428572,1.8571428571428572,1.8571428571428572,1,1
TheViper,2026,1v1 ranked,40+,p_core_gap_gt5s_late_minus_open,0.0014815492481709347,0.0014815492481709347,0.0014815492481709347,0.0014815492481709347,1,1
TheViper,2026,1v1 ranked,40+,silence_time_late_minus_open,0.008622979955805639,0.008622979955805639,0.008622979955805639,0.008622979955805639,1,1
TheViper,2026,1v1 ranked,40+,approx_dedup_late_over_open,0.9552933293272037,0.9552933293272037,0.9552933293272037,0.9552933293272037,1,1
TheViper,2026,1v1 ranked,40+ excluding final 60 game seconds,opening_core_cpm,105.11800355911254,105.11800355911254,105.11800355911254,105.11800355911254,1,1
TheViper,2026,1v1 ranked,40+ excluding final 60 game seconds,late_core_cpm,94.669495129623,94.669495129623,94.669495129623,94.669495129623,1,1
TheViper,2026,1v1 ranked,40+ excluding final 60 game seconds,core_cpm_late_over_open,0.9006021035814872,0.9006021035814872,0.9006021035814872,0.9006021035814872,1,1
TheViper,2026,1v1 ranked,40+ excluding final 60 game seconds,burst_p95_late_over_open,0.9370370370370369,0.9370370370370369,0.9370370370370369,0.9370370370370369,1,1
TheViper,2026,1v1 ranked,40+ excluding final 60 game seconds,peak_10s_late_over_open,1.8571428571428572,1.8571428571428572,1.8571428571428572,1.8571428571428572,1,1
TheViper,2026,1v1 ranked,40+ excluding final 60 game seconds,p_core_gap_gt5s_late_minus_open,0.0017480294940249172,0.0017480294940249172,0.0017480294940249172,0.0017480294940249172,1,1
TheViper,2026,1v1 ranked,40+ excluding final 60 game seconds,silence_time_late_minus_open,0.010581533588984109,0.010581533588984109,0.010581533588984109,0.010581533588984109,1,1
TheViper,2026,1v1 ranked,40+ excluding final 60 game seconds,approx_dedup_late_over_open,0.9551169700713275,0.9551169700713275,0.9551169700713275,0.9551169700713275,1,1
TheViper,2026,1v1 ranked,40-45,opening_core_cpm,105.11800355911254,105.11800355911254,105.11800355911254,105.11800355911254,1,1
TheViper,2026,1v1 ranked,40-45,late_core_cpm,82.81000280380249,82.81000280380249,82.81000280380249,82.81000280380249,1,1
TheViper,2026,1v1 ranked,40-45,core_cpm_late_over_open,0.7877813504823152,0.7877813504823152,0.7877813504823152,0.7877813504823152,1,1
TheViper,2026,1v1 ranked,40-45,burst_p95_late_over_open,0.8962962962962963,0.8962962962962963,0.8962962962962963,0.8962962962962963,1,1
TheViper,2026,1v1 ranked,40-45,peak_10s_late_over_open,0.8928571428571429,0.8928571428571429,0.8928571428571429,0.8928571428571429,1,1
TheViper,2026,1v1 ranked,40-45,p_core_gap_gt5s_late_minus_open,0.0074641640928169795,0.0074641640928169795,0.0074641640928169795,0.0074641640928169795,1,1
TheViper,2026,1v1 ranked,40-45,silence_time_late_minus_open,0.07754499999999967,0.07754499999999967,0.07754499999999967,0.07754499999999967,1,1
TheViper,2026,1v1 ranked,40-45,approx_dedup_late_over_open,0.9246753246753247,0.9246753246753247,0.9246753246753247,0.9246753246753247,1,1
