game_id,player,year,context,cluster,date,partial,map_id,sha256,duration_game_min,long_game_45plus,late_window,opening_core_cpm,late_core_cpm,core_cpm_late_over_open,opening_burst_p95_10s_core_cpm,late_burst_p95_10s_core_cpm,burst_p95_late_over_open,peak_10s_late_over_open,opening_p_core_gap_gt5s,late_p_core_gap_gt5s,p_core_gap_gt5s_late_minus_open,silence_time_late_minus_open,approx_dedup_late_over_open
23d4576b7264,DauT,2026,1v1 ranked,daut_2026_session,2026-09-25T00:26:26+00:00,False,140,23d4576b72642f81456c2009ab81b2d571f3719388e167d2fdcbd8b0604d2081,46.286500000000004,True,40+,82.97900280952453,54.303668425758794,0.6544266210382284,131.39999999999995,95.69999999999999,0.7283105022831052,0.64,0.004081632653061225,0.024875621890547265,0.02079398923748604,0.17684630093586887,0.7254337962999379
23d4576b7264,DauT,2026,1v1 ranked,daut_2026_session,2026-09-25T00:26:26+00:00,False,140,23d4576b72642f81456c2009ab81b2d571f3719388e167d2fdcbd8b0604d2081,46.286500000000004,True,40-45,82.97900280952453,55.43200187683105,0.6680244399185337,131.39999999999995,96.0,0.7305936073059364,0.64,0.004081632653061225,0.018404907975460124,0.0143232753223989,0.16580166666666657,0.7527472527472527
23d4576b7264,DauT,2026,1v1 ranked,daut_2026_session,2026-09-25T00:26:26+00:00,False,140,23d4576b72642f81456c2009ab81b2d571f3719388e167d2fdcbd8b0604d2081,46.286500000000004,True,40+ excluding final 60 game seconds,82.97900280952453,55.62470631918279,0.6703467676861267,131.39999999999995,96.0,0.7305936073059364,0.64,0.004081632653061225,0.017341040462427744,0.013259407809366519,0.15461444638859978,0.7535262429805132
9621aabf243e,DauT,2021,1v1 tournament,hc4_daut,2021-03 (HC4),False,59,9621aabf243e3afa246da60f2cbf2956493ca2b316e61f9d3a12e56772fe8e29,46.325500000000005,True,40+,109.68100371360778,59.846654464845884,0.5456428409527847,162.0,95.69999999999999,0.5907407407407407,0.6428571428571429,0.0,0.026905829596412557,0.026905829596412557,0.14755091824097874,0.7586837994660431
9621aabf243e,DauT,2021,1v1 tournament,hc4_daut,2021-03 (HC4),False,59,9621aabf243e3afa246da60f2cbf2956493ca2b316e61f9d3a12e56772fe8e29,46.325500000000005,True,40-45,109.68100371360778,62.86800212860107,0.5731895223420648,162.0,98.39999999999999,0.6074074074074074,0.6428571428571429,0.0,0.021621621621621623,0.021621621621621623,0.1289866666666634,0.789598108747045
9621aabf243e,DauT,2021,1v1 tournament,hc4_daut,2021-03 (HC4),False,59,9621aabf243e3afa246da60f2cbf2956493ca2b316e61f9d3a12e56772fe8e29,46.325500000000005,True,40+ excluding final 60 game seconds,109.68100371360778,60.612151146203644,0.5526221414281577,162.0,97.79999999999998,0.6037037037037036,0.6428571428571429,0.0,0.02631578947368421,0.02631578947368421,0.14818013958000373,0.7635327862976047
11508bc32ada,DauT,2021,1v1 tournament,hc4_daut,2021-03 (HC4),False,59,11508bc32ada10b533bf9dbfec70ef70b57a7a5f6ff1389af0c40ca4ad8506af,49.08136666666667,True,40+,100.55500340461731,52.29279176911136,0.5200416687242653,159.59999999999997,92.69999999999999,0.580827067669173,0.5862068965517241,0.0,0.017857142857142856,0.017857142857142856,0.11222980388414486,0.6114713341646524
11508bc32ada,DauT,2021,1v1 tournament,hc4_daut,2021-03 (HC4),False,59,11508bc32ada10b533bf9dbfec70ef70b57a7a5f6ff1389af0c40ca4ad8506af,49.08136666666667,True,40-45,100.55500340461731,60.50200204849243,0.6016806722689075,159.59999999999997,97.19999999999999,0.6090225563909775,0.5862068965517241,0.0,0.011235955056179775,0.011235955056179775,0.07345333333333363,0.6589861751152073
11508bc32ada,DauT,2021,1v1 tournament,hc4_daut,2021-03 (HC4),False,59,11508bc32ada10b533bf9dbfec70ef70b57a7a5f6ff1389af0c40ca4ad8506af,49.08136666666667,True,40+ excluding final 60 game seconds,100.55500340461731,54.16287032557597,0.5386392371509672,159.59999999999997,93.89999999999999,0.5883458646616542,0.5862068965517241,0.0,0.01937984496124031,0.01937984496124031,0.12611728214287313,0.6272607880634627
0b3bc1441529,DauT,2021,1v1 tournament,hc4_daut_ro8,2021-03 (HC4),False,59,0b3bc1441529dcc77b8014dcf995ff985c835035ef6a1b8369813d57af45b389,71.71535,True,40+,93.62600317001342,61.0663311479976,0.6522368688227412,142.7999999999999,104.69999999999993,0.7331932773109244,0.6774193548387096,0.0018083182640144665,0.016593886462882096,0.01478556819886763,0.10578520032098049,0.7017826242938531
0b3bc1441529,DauT,2021,1v1 tournament,hc4_daut_ro8,2021-03 (HC4),False,59,0b3bc1441529dcc77b8014dcf995ff985c835035ef6a1b8369813d57af45b389,71.71535,True,40-45,93.62600317001342,53.06600179672241,0.5667870036101084,142.7999999999999,79.19999999999999,0.5546218487394962,0.45161290322580644,0.0018083182640144665,0.02564102564102564,0.023832707377011174,0.1408866666666655,0.6844660194174756
0b3bc1441529,DauT,2021,1v1 tournament,hc4_daut_ro8,2021-03 (HC4),False,59,0b3bc1441529dcc77b8014dcf995ff985c835035ef6a1b8369813d57af45b389,71.71535,True,40+ excluding final 60 game seconds,93.62600317001342,62.00906271579055,0.6623059899629555,142.7999999999999,105.59999999999997,0.739495798319328,0.6774193548387096,0.0018083182640144665,0.015985790408525755,0.014177472144511288,0.09162632537151624,0.7127772883426412
5e152714b185,DauT,2021,1v1 tournament,hc4_daut_ro8,2021-03 (HC4),False,59,5e152714b185c8d0cf7c14fd1c5c2f7e828a1bcbc85c35ab147a8a64e84907e6,47.7247,True,40+,83.9930028438568,64.97728287111167,0.7736035225684763,129.59999999999997,94.19999999999999,0.726851851851852,0.782608695652174,0.008064516129032258,0.010135135135135136,0.002070619006102878,-0.014243365394987974,0.9678486794317335
5e152714b185,DauT,2021,1v1 tournament,hc4_daut_ro8,2021-03 (HC4),False,59,5e152714b185c8d0cf7c14fd1c5c2f7e828a1bcbc85c35ab147a8a64e84907e6,47.7247,True,40-45,83.9930028438568,66.58600225448609,0.7927565392354127,129.59999999999997,93.6,0.7222222222222223,0.782608695652174,0.008064516129032258,0.00510204081632653,-0.0029624753127057276,-0.044426666666666476,1.0094637223974765
5e152714b185,DauT,2021,1v1 tournament,hc4_daut_ro8,2021-03 (HC4),False,59,5e152714b185c8d0cf7c14fd1c5c2f7e828a1bcbc85c35ab147a8a64e84907e6,47.7247,True,40+ excluding final 60 game seconds,83.9930028438568,66.34645636328776,0.7899045648674566,129.59999999999997,95.39999999999999,0.7361111111111113,0.782608695652174,0.008064516129032258,0.0076045627376425855,-0.00045995339138967233,-0.029248252660589356,0.9991884994435741
c0b3c47feff8,TheViper,2021,1v1 tournament,hc4_viper,2021-03 (HC4),False,59,c0b3c47feff80233dae0aa01c297e3ca52781b2896c6d4021812a4cf741052e9,48.54405,True,40+,138.74900469779965,57.55935611930567,0.41484518209461774,207.59999999999997,108.59999999999997,0.5231213872832369,0.5555555555555556,0.003658536585365854,0.041379310344827586,0.03772077375946173,0.20488668996748244,0.554277228916448
c0b3c47feff8,TheViper,2021,1v1 tournament,hc4_viper,2021-03 (HC4),False,59,c0b3c47feff80233dae0aa01c297e3ca52781b2896c6d4021812a4cf741052e9,48.54405,True,40-45,138.74900469779965,55.43200187683105,0.39951278928136424,207.59999999999997,104.39999999999999,0.5028901734104047,0.5277777777777778,0.003658536585365854,0.03067484662576687,0.027016310040401018,0.15217499999999962,0.5569105691056911
c0b3c47feff8,TheViper,2021,1v1 tournament,hc4_viper,2021-03 (HC4),False,59,c0b3c47feff80233dae0aa01c297e3ca52781b2896c6d4021812a4cf741052e9,48.54405,True,40+ excluding final 60 game seconds,138.74900469779965,59.812702100047396,0.43108562998575467,207.59999999999997,111.0,0.5346820809248556,0.5555555555555556,0.003658536585365854,0.03383458646616541,0.030176049880799558,0.1651138477895388,0.5765594734837335
679124a7c6b9,TheViper,2021,1v1 tournament,hc4_viper_ro8,2021-03 (HC4),False,59,679124a7c6b92c0cc3b211707b67e76d93f24b95c4dca568c5c439870ec8b97b,49.7677,True,40+,100.55500340461731,95.50662198733515,0.9497948262507806,157.79999999999998,152.1,0.9638783269961978,0.9,0.0,0.003629764065335753,0.003629764065335753,0.04021588159614501,0.968655718494473
679124a7c6b9,TheViper,2021,1v1 tournament,hc4_viper_ro8,2021-03 (HC4),False,59,679124a7c6b92c0cc3b211707b67e76d93f24b95c4dca568c5c439870ec8b97b,49.7677,True,40-45,100.55500340461731,88.89400300979614,0.8840336134453781,157.79999999999998,151.2,0.9581749049429659,0.8666666666666667,0.0,0.003816793893129771,0.003816793893129771,0.029813333333333164,0.9282051282051282
679124a7c6b9,TheViper,2021,1v1 tournament,hc4_viper_ro8,2021-03 (HC4),False,59,679124a7c6b92c0cc3b211707b67e76d93f24b95c4dca568c5c439870ec8b97b,49.7677,True,40+ excluding final 60 game seconds,100.55500340461731,92.32866400636426,0.9181906506914274,157.79999999999998,153.0,0.9695817490494297,0.9,0.0,0.0041841004184100415,0.0041841004184100415,0.04480270386380301,0.9592317723298484
d777b0479240,TheViper,2021,1v1 tournament,hc4_viper_ro8,2021-03 (HC4),False,59,d777b0479240a629bad2516391c0328746cccd04633ed26300abc814bc7c5d2e,49.77811666666666,True,40+,96.4990032672882,82.09658920477715,0.850750644308538,157.79999999999998,150.29999999999995,0.9524714828897336,1.0666666666666667,0.0035087719298245615,0.016877637130801686,0.013368865200977124,0.10314213444874847,0.9336285749432797
d777b0479240,TheViper,2021,1v1 tournament,hc4_viper_ro8,2021-03 (HC4),False,59,d777b0479240a629bad2516391c0328746cccd04633ed26300abc814bc7c5d2e,49.77811666666666,True,40-45,96.4990032672882,69.966002368927,0.7250437828371278,157.79999999999998,109.19999999999999,0.6920152091254753,0.6333333333333333,0.0035087719298245615,0.024271844660194174,0.020763072730369612,0.13895999999999697,0.8708708708708709
d777b0479240,TheViper,2021,1v1 tournament,hc4_viper_ro8,2021-03 (HC4),False,59,d777b0479240a629bad2516391c0328746cccd04633ed26300abc814bc7c5d2e,49.77811666666666,True,40+ excluding final 60 game seconds,96.4990032672882,80.86017206036142,0.8379378990722889,157.79999999999998,153.0,0.9695817490494297,1.0666666666666667,0.0035087719298245615,0.016706443914081145,0.013197671984256584,0.10052298506196823,0.9236728578576774
2a4d86704ada,TheViper,2012,team game,historical_119,2012-01-06 (filename; uploaded 2012-01-07),False,9,2a4d86704adaee9464913639924b0ceaac7b8b1ff5d3037f58eb2b701535d3cc,56.42100000000001,True,40+,63.45,45.30783752512026,0.7140715133982705,126.59999999999997,106.79999999999998,0.8436018957345972,0.6857142857142857,0.02132701421800948,0.06060606060606061,0.03927904638805113,0.27211863924243457,0.628795066499132
2a4d86704ada,TheViper,2012,team game,historical_119,2012-01-06 (filename; uploaded 2012-01-07),False,9,2a4d86704adaee9464913639924b0ceaac7b8b1ff5d3037f58eb2b701535d3cc,56.42100000000001,True,40-45,63.45,46.2,0.7281323877068558,126.59999999999997,102.30000000000001,0.808056872037915,0.5142857142857142,0.02132701421800948,0.058823529411764705,0.03749651519375523,0.2706749999999997,0.6627218934911243
2a4d86704ada,TheViper,2012,team game,historical_119,2012-01-06 (filename; uploaded 2012-01-07),False,9,2a4d86704adaee9464913639924b0ceaac7b8b1ff5d3037f58eb2b701535d3cc,56.42100000000001,True,40+ excluding final 60 game seconds,63.45,45.13325984047726,0.7113200920484989,126.59999999999997,108.0,0.8530805687203794,0.6857142857142857,0.02132701421800948,0.06047516198704104,0.039148147769031555,0.2680620695804431,0.6311995208255551
be2ccdca713e,TheViper,2012,team game,historical_119,2012-01-06 (filename; uploaded 2012-01-07),False,19,be2ccdca713e06185ce1b35a9e9ec058bcd1f81be6d634ef09eef4c7e00b8877,45.8545,True,40+,47.85,28.695874967973356,0.5997048060182519,78.29999999999998,60.0,0.7662835249042147,0.6666666666666666,0.02830188679245283,0.14414414414414414,0.11584225735169132,0.3733637906738393,0.6122178479256989
be2ccdca713e,TheViper,2012,team game,historical_119,2012-01-06 (filename; uploaded 2012-01-07),False,19,be2ccdca713e06185ce1b35a9e9ec058bcd1f81be6d634ef09eef4c7e00b8877,45.8545,True,40-45,47.85,30.3,0.6332288401253918,78.29999999999998,60.0,0.7662835249042147,0.6666666666666666,0.02830188679245283,0.13,0.10169811320754718,0.34382499999999794,0.6451612903225806
be2ccdca713e,TheViper,2012,team game,historical_119,2012-01-06 (filename; uploaded 2012-01-07),False,19,be2ccdca713e06185ce1b35a9e9ec058bcd1f81be6d634ef09eef4c7e00b8877,45.8545,True,40+ excluding final 60 game seconds,47.85,28.73622412194871,0.6005480485255739,78.29999999999998,60.0,0.7662835249042147,0.6666666666666666,0.02830188679245283,0.14130434782608695,0.11300246103363412,0.35961135286847046,0.6201983084091138
5e1293a4be54,DauT,2012,team game,historical_147,2012-05 (uploaded 2012-05-27),False,9,5e1293a4be5471475817cc747ac49f84171ff7b897cb55a67ec82f003cfd8aee,47.86875,True,40+,58.650000000000006,37.934868943606034,0.6468008345030867,120.29999999999998,66.0,0.5486284289276808,0.5,0.023076923076923078,0.050505050505050504,0.027428127428127426,0.1067453137410663,0.6945786135619336
5e1293a4be54,DauT,2012,team game,historical_147,2012-05 (uploaded 2012-05-27),False,9,5e1293a4be5471475817cc747ac49f84171ff7b897cb55a67ec82f003cfd8aee,47.86875,True,40-45,58.650000000000006,42.0,0.7161125319693094,120.29999999999998,66.0,0.5486284289276808,0.5,0.023076923076923078,0.050359712230215826,0.02728278915329275,0.08115000000000291,0.7627627627627628
5e1293a4be54,DauT,2012,team game,historical_147,2012-05 (uploaded 2012-05-27),False,9,5e1293a4be5471475817cc747ac49f84171ff7b897cb55a67ec82f003cfd8aee,47.86875,True,40+ excluding final 60 game seconds,58.650000000000006,40.400363967242946,0.6888382603110476,120.29999999999998,66.0,0.5486284289276808,0.5,0.023076923076923078,0.043478260869565216,0.020401337792642138,0.046377024567790553,0.7344924542376771
5e1293a4be54,TheViper,2012,team game,historical_147,2012-05 (uploaded 2012-05-27),False,9,5e1293a4be5471475817cc747ac49f84171ff7b897cb55a67ec82f003cfd8aee,47.86875,True,40+,65.4,57.37887212073074,0.8773527847206535,114.59999999999997,90.0,0.7853403141361259,0.7272727272727273,0.011494252873563218,0.02666666666666667,0.01517241379310345,0.1227025615567914,0.8460433195598434
5e1293a4be54,TheViper,2012,team game,historical_147,2012-05 (uploaded 2012-05-27),False,9,5e1293a4be5471475817cc747ac49f84171ff7b897cb55a67ec82f003cfd8aee,47.86875,True,40-45,65.4,50.099999999999994,0.7660550458715595,114.59999999999997,84.30000000000001,0.735602094240838,0.6818181818181818,0.011494252873563218,0.04216867469879518,0.03067442182523196,0.19867499999999982,0.7696629213483146
5e1293a4be54,TheViper,2012,team game,historical_147,2012-05 (uploaded 2012-05-27),False,9,5e1293a4be5471475817cc747ac49f84171ff7b897cb55a67ec82f003cfd8aee,47.86875,True,40+ excluding final 60 game seconds,65.4,54.37670609645132,0.831448105450326,114.59999999999997,90.0,0.7853403141361259,0.7272727272727273,0.011494252873563218,0.03225806451612903,0.020763811642565813,0.1513435168334853,0.8015458384026336
bd5257dfee73,DauT,2012,team game,historical_147,2012-05 (uploaded 2012-05-27),False,9,bd5257dfee739e36a1749cba002c79a337e23e7cdec0bc32d467856db6111b0a,56.74575,True,40+,86.7,39.86086021826434,0.459756173221042,168.59999999999997,72.0,0.4270462633451958,0.4117647058823529,0.010398613518197574,0.03153153153153153,0.021132918013333953,0.07236404834062478,0.5493931296000478
bd5257dfee73,DauT,2012,team game,historical_147,2012-05 (uploaded 2012-05-27),False,9,bd5257dfee739e36a1749cba002c79a337e23e7cdec0bc32d467856db6111b0a,56.74575,True,40-45,86.7,37.8,0.43598615916955014,168.59999999999997,60.0,0.3558718861209965,0.29411764705882354,0.010398613518197574,0.032,0.021601386481802425,0.023400000000002114,0.5599999999999999
bd5257dfee73,DauT,2012,team game,historical_147,2012-05 (uploaded 2012-05-27),False,9,bd5257dfee739e36a1749cba002c79a337e23e7cdec0bc32d467856db6111b0a,56.74575,True,40+ excluding final 60 game seconds,86.7,39.53447755743614,0.45599166732913654,168.59999999999997,71.69999999999997,0.42526690391459065,0.4117647058823529,0.010398613518197574,0.03140096618357488,0.021002352665377304,0.06591875664862072,0.5529036313253531
bd5257dfee73,TheViper,2012,team game,historical_147,2012-05 (uploaded 2012-05-27),False,9,bd5257dfee739e36a1749cba002c79a337e23e7cdec0bc32d467856db6111b0a,56.74575,True,40+,90.6,59.83607781078782,0.6604423599424705,158.39999999999986,123.0,0.7765151515151522,0.4489795918367347,0.001658374792703151,0.029985007496251874,0.028326632703548724,0.20661484331845614,0.7307607282638513
bd5257dfee73,TheViper,2012,team game,historical_147,2012-05 (uploaded 2012-05-27),False,9,bd5257dfee739e36a1749cba002c79a337e23e7cdec0bc32d467856db6111b0a,56.74575,True,40-45,90.6,54.0,0.5960264900662252,158.39999999999986,79.80000000000003,0.5037878787878793,0.3877551020408163,0.001658374792703151,0.0446927374301676,0.04303436263746445,0.2511000000000023,0.7158836689038032
bd5257dfee73,TheViper,2012,team game,historical_147,2012-05 (uploaded 2012-05-27),False,9,bd5257dfee739e36a1749cba002c79a337e23e7cdec0bc32d467856db6111b0a,56.74575,True,40+ excluding final 60 game seconds,90.6,62.39778987980885,0.6887173275917092,158.39999999999986,125.39999999999995,0.7916666666666671,0.4489795918367347,0.001658374792703151,0.027522935779816515,0.025864560987113365,0.1757820689709945,0.7601213082568604
c15e438221ef,TheViper,2012,team game,historical_147,2012-05 (uploaded 2012-05-27),False,9,c15e438221ef8de29d6d16ed23f74656c108c9b9967ecb4dbaf92f797d418625,74.9625,True,40+,75.45,52.12727922774401,0.6908850792278861,120.0,90.59999999999997,0.7549999999999997,0.9545454545454546,0.0099601593625498,0.039538714991762765,0.029578555629212966,0.16018434036467627,0.7143069955905138
c15e438221ef,TheViper,2012,team game,historical_147,2012-05 (uploaded 2012-05-27),False,9,c15e438221ef8de29d6d16ed23f74656c108c9b9967ecb4dbaf92f797d418625,74.9625,True,40-45,75.45,40.800000000000004,0.5407554671968191,120.0,72.9,0.6075,0.6818181818181818,0.0099601593625498,0.06666666666666667,0.05670650730411687,0.2625000000000027,0.609375
c15e438221ef,TheViper,2012,team game,historical_147,2012-05 (uploaded 2012-05-27),False,9,c15e438221ef8de29d6d16ed23f74656c108c9b9967ecb4dbaf92f797d418625,74.9625,True,40+ excluding final 60 game seconds,75.45,52.911299227088705,0.7012763317042903,120.0,91.79999999999998,0.7649999999999999,0.9545454545454546,0.0099601593625498,0.03842940685045948,0.02846924748790968,0.14987545086492457,0.7230707888602625
c15e438221ef,DauT,2012,team game,historical_147,2012-05 (uploaded 2012-05-27),False,9,c15e438221ef8de29d6d16ed23f74656c108c9b9967ecb4dbaf92f797d418625,74.9625,True,40+,78.45,38.741508759385056,0.49383695040643794,132.89999999999995,72.0,0.54176072234763,0.5483870967741935,0.011494252873563218,0.06541019955654102,0.053915946682977806,0.2159850107257768,0.5465688883309179
c15e438221ef,DauT,2012,team game,historical_147,2012-05 (uploaded 2012-05-27),False,9,c15e438221ef8de29d6d16ed23f74656c108c9b9967ecb4dbaf92f797d418625,74.9625,True,40-45,78.45,41.699999999999996,0.531548757170172,132.89999999999995,67.80000000000003,0.5101580135440185,0.5483870967741935,0.011494252873563218,0.028985507246376812,0.017491254372813594,0.05557499999999775,0.6005089058524172
c15e438221ef,DauT,2012,team game,historical_147,2012-05 (uploaded 2012-05-27),False,9,c15e438221ef8de29d6d16ed23f74656c108c9b9967ecb4dbaf92f797d418625,74.9625,True,40+ excluding final 60 game seconds,78.45,38.73389768126611,0.4937399322022448,132.89999999999995,72.0,0.54176072234763,0.5483870967741935,0.011494252873563218,0.06735159817351598,0.05585734529995276,0.22470080051527336,0.5461794131942787
1c40a1c5da42,TheViper,2012,team game,historical_159,2012-08-24 (filename; uploaded 2012-08-26),False,9,1c40a1c5da422f8a64659c03fb82d39bfc1dc26e695bae950deadca13173a8de,60.846000000000004,True,40+,79.80000000000001,58.50043173750359,0.733088117011323,129.2999999999998,125.39999999999995,0.9698375870069615,0.9,0.009416195856873822,0.03940886699507389,0.029992671138200068,0.24325866832965587,0.7670698534131827
1c40a1c5da42,TheViper,2012,team game,historical_159,2012-08-24 (filename; uploaded 2012-08-26),False,9,1c40a1c5da422f8a64659c03fb82d39bfc1dc26e695bae950deadca13173a8de,60.846000000000004,True,40-45,79.80000000000001,47.7,0.5977443609022556,129.2999999999998,67.20000000000002,0.519721577726219,0.375,0.009416195856873822,0.05063291139240506,0.04121671553553124,0.20550000000000285,0.6618357487922706
1c40a1c5da42,TheViper,2012,team game,historical_159,2012-08-24 (filename; uploaded 2012-08-26),False,9,1c40a1c5da422f8a64659c03fb82d39bfc1dc26e695bae950deadca13173a8de,60.846000000000004,True,40+ excluding final 60 game seconds,79.80000000000001,59.93651113574523,0.7510840994454289,129.2999999999998,126.59999999999997,0.9791183294663585,0.9,0.009416195856873822,0.03787878787878788,0.028462592021914056,0.21102590950317468,0.7959841504220175
1c40a1c5da42,DauT,2012,team game,historical_159,2012-08-24 (filename; uploaded 2012-08-26),False,9,1c40a1c5da422f8a64659c03fb82d39bfc1dc26e695bae950deadca13173a8de,60.846000000000004,True,40+,52.2,12.232562601938021,0.23434027973061342,132.0,36.0,0.2727272727272727,0.34782608695652173,0.0345821325648415,0.25443786982248523,0.21985573725764374,0.6080160078672164,0.2602339346304897
1c40a1c5da42,DauT,2012,team game,historical_159,2012-08-24 (filename; uploaded 2012-08-26),False,9,1c40a1c5da422f8a64659c03fb82d39bfc1dc26e695bae950deadca13173a8de,60.846000000000004,True,40-45,52.2,15.0,0.28735632183908044,132.0,42.300000000000004,0.3204545454545455,0.34782608695652173,0.0345821325648415,0.24489795918367346,0.21031582661883197,0.5414999999999994,0.3202614379084967
1c40a1c5da42,DauT,2012,team game,historical_159,2012-08-24 (filename; uploaded 2012-08-26),False,9,1c40a1c5da422f8a64659c03fb82d39bfc1dc26e695bae950deadca13173a8de,60.846000000000004,True,40+ excluding final 60 game seconds,52.2,12.622190869696661,0.24180442279112377,132.0,36.599999999999966,0.277272727272727,0.34782608695652173,0.0345821325648415,0.25301204819277107,0.21842991562792957,0.5987983321576134,0.2684066001018298
bdaf8d46c8e5,TheViper,2026,1v1 ranked,viper_2026_session,2026-09-30T13:54:17+00:00,False,216,bdaf8d46c8e5896036fe088ea54ea15b5d3f7ba15a57ab8443ffc302ff4b022a,73.57913333333333,True,40+,105.11800355911254,95.72552325650594,0.9106482240473223,162.0,157.19999999999993,0.97037037037037,1.8571428571428572,0.004830917874396135,0.00631246712256707,0.0014815492481709347,0.008622979955805639,0.9552933293272037
bdaf8d46c8e5,TheViper,2026,1v1 ranked,viper_2026_session,2026-09-30T13:54:17+00:00,False,216,bdaf8d46c8e5896036fe088ea54ea15b5d3f7ba15a57ab8443ffc302ff4b022a,73.57913333333333,True,40-45,105.11800355911254,82.81000280380249,0.7877813504823152,162.0,145.2,0.8962962962962963,0.8928571428571429,0.004830917874396135,0.012295081967213115,0.0074641640928169795,0.07754499999999967,0.9246753246753247
bdaf8d46c8e5,TheViper,2026,1v1 ranked,viper_2026_session,2026-09-30T13:54:17+00:00,False,216,bdaf8d46c8e5896036fe088ea54ea15b5d3f7ba15a57ab8443ffc302ff4b022a,73.57913333333333,True,40+ excluding final 60 game seconds,105.11800355911254,94.669495129623,0.9006021035814872,162.0,151.79999999999998,0.9370370370370369,1.8571428571428572,0.004830917874396135,0.006578947368421052,0.0017480294940249172,0.010581533588984109,0.9551169700713275
hc4_tatoh_vs_hera,TaToH,2021,tournament,HC4 Ro16 vs Hera,2021-03,True,59,f43d74ec5262de1d96691791afcba47d3b1d364a42cfed669a920a144c6dc75f,69.45036666666667,True,40+,101.23100342750548,69.66500935921466,0.6881785915428946,163.79999999999998,126.0,0.7692307692307693,1.0344827586206897,0.005016722408026756,0.014014839241549877,0.00899811683352312,0.03847624619651943,0.8127451802305723
hc4_tatoh_vs_hera,TaToH,2021,tournament,HC4 Ro16 vs Hera,2021-03,True,59,f43d74ec5262de1d96691791afcba47d3b1d364a42cfed669a920a144c6dc75f,69.45036666666667,True,40-45,101.23100342750548,60.16400203704834,0.5943238731218699,163.79999999999998,85.19999999999999,0.5201465201465202,0.5172413793103449,0.005016722408026756,0.005649717514124294,0.0006329951060975378,-0.028419999999999467,0.6881188118811882
hc4_tatoh_vs_hera,TaToH,2021,tournament,HC4 Ro16 vs Hera,2021-03,True,59,f43d74ec5262de1d96691791afcba47d3b1d364a42cfed669a920a144c6dc75f,69.45036666666667,True,40+ excluding final 60 game seconds,101.23100342750548,70.09400233342541,0.6924163542804532,163.79999999999998,126.0,0.7692307692307693,1.0344827586206897,0.005016722408026756,0.013570822731128074,0.008554100323101319,0.03883205577120054,0.817821682415573
lobby_509105894,TaToH,2026,tournament,vs CNZS_Donghaidi,2026-09-25T14:38:44+00:00,False,59,e7a1406bf2458186aff677ac825cb98149347ad9d8f47948cfd884599644d91a,50.27551666666667,True,40+,80.78200273513794,65.6229798174914,0.8123465325890864,146.99999999999991,112.5,0.76530612244898,0.7419354838709677,0.010482180293501049,0.020100502512562814,0.009618322219061766,0.00257361564138775,0.8819507859296614
lobby_509105894,TaToH,2026,tournament,vs CNZS_Donghaidi,2026-09-25T14:38:44+00:00,False,59,e7a1406bf2458186aff677ac825cb98149347ad9d8f47948cfd884599644d91a,50.27551666666667,True,40-45,80.78200273513794,77.74000263214111,0.9623430962343097,146.99999999999991,111.6,0.7591836734693882,0.6774193548387096,0.010482180293501049,0.0,-0.010482180293501049,-0.14592500000000036,1.0454545454545454
lobby_509105894,TaToH,2026,tournament,vs CNZS_Donghaidi,2026-09-25T14:38:44+00:00,False,59,e7a1406bf2458186aff677ac825cb98149347ad9d8f47948cfd884599644d91a,50.27551666666667,True,40+ excluding final 60 game seconds,80.78200273513794,70.14703820953838,0.8683498283588154,146.99999999999991,116.1,0.7897959183673473,0.7419354838709677,0.010482180293501049,0.010416666666666666,-6.55136268343827e-05,-0.06524306134788457,0.9372180688783
lobby_511046560,TaToH,2026,tournament,vs TAG_Sora Kuma,2026-10-03T16:13:57+00:00,False,59,0391b405d9e636449f02a7239f9ad0d59719e2ddff71432c35bf2e6d7964a837,46.73195,True,40+,110.69500374794006,68.03229606677776,0.6145922920034571,181.19999999999993,125.39999999999999,0.6920529801324505,0.7058823529411765,0.0,0.003703703703703704,0.003703703703703704,0.01919499780895665,0.6477450073301847
lobby_511046560,TaToH,2026,tournament,vs TAG_Sora Kuma,2026-10-03T16:13:57+00:00,False,59,0391b405d9e636449f02a7239f9ad0d59719e2ddff71432c35bf2e6d7964a837,46.73195,True,40-45,110.69500374794006,70.30400238037109,0.6351145038167938,181.19999999999993,129.6,0.7152317880794704,0.7058823529411765,0.0,0.004830917874396135,0.004830917874396135,0.03151666666666784,0.691823899371069
lobby_511046560,TaToH,2026,tournament,vs TAG_Sora Kuma,2026-10-03T16:13:57+00:00,False,59,0391b405d9e636449f02a7239f9ad0d59719e2ddff71432c35bf2e6d7964a837,46.73195,True,40+ excluding final 60 game seconds,110.69500374794006,66.33868279985056,0.5992924753036567,181.19999999999993,126.9,0.7003311258278149,0.7058823529411765,0.0,0.004464285714285714,0.004464285714285714,0.025400855235421196,0.6583422579855683
ranked_506421735,TaToH,2026,ranked,day 2026-09-13,2026-09-13T15:20:57+00:00,False,169,f17e847cbd7dbccd4e8c819c199078bc137d0cbd71f05427e279c21f0e64e7ca,55.23863333333334,True,40+,121.84900412559509,69.86847263526839,0.5734020818360723,175.79999999999998,116.09999999999997,0.660409556313993,0.6,0.001388888888888889,0.012718600953895072,0.011329712065006183,0.09379351456860069,0.8306871297753637
ranked_506421735,TaToH,2026,ranked,day 2026-09-13,2026-09-13T15:20:57+00:00,False,169,f17e847cbd7dbccd4e8c819c199078bc137d0cbd71f05427e279c21f0e64e7ca,55.23863333333334,True,40-45,121.84900412559509,81.7960027694702,0.6712898751733702,175.79999999999998,126.0,0.7167235494880547,0.6,0.001388888888888889,0.008298755186721992,0.0069098662978331025,0.04980333333333362,0.9317073170731706
ranked_506421735,TaToH,2026,ranked,day 2026-09-13,2026-09-13T15:20:57+00:00,False,169,f17e847cbd7dbccd4e8c819c199078bc137d0cbd71f05427e279c21f0e64e7ca,55.23863333333334,True,40+ excluding final 60 game seconds,121.84900412559509,71.21470232388468,0.5844504256307305,175.79999999999998,117.29999999999998,0.667235494880546,0.6,0.001388888888888889,0.01335559265442404,0.011966703765535151,0.08018875717628993,0.8393515889068323
ranked_506687982,TaToH,2026,ranked,day 2026-09-14,2026-09-14T18:39:07+00:00,False,77,f5604eb33b9473e74b81c3950b2b577a7d433000c620a0b47b5407671b1eeac4,45.4523,True,40+,101.56900343894958,79.04004082519619,0.7781905714247265,168.0,107.99999999999987,0.6428571428571421,0.9,0.005,0.003937007874015748,-0.0010629921259842521,-0.03602231917417074,0.7407753499237562
ranked_506687982,TaToH,2026,ranked,day 2026-09-14,2026-09-14T18:39:07+00:00,False,77,f5604eb33b9473e74b81c3950b2b577a7d433000c620a0b47b5407671b1eeac4,45.4523,True,40-45,101.56900343894958,79.76800270080565,0.7853577371048253,168.0,113.99999999999996,0.6785714285714283,0.9,0.005,0.00425531914893617,-0.0007446808510638298,-0.03299166666666626,0.7493917274939172
ranked_506687982,TaToH,2026,ranked,day 2026-09-14,2026-09-14T18:39:07+00:00,False,77,f5604eb33b9473e74b81c3950b2b577a7d433000c620a0b47b5407671b1eeac4,45.4523,True,40+ excluding final 60 game seconds,101.56900343894958,74.3975049334524,0.7324823756705534,168.0,102.0,0.6071428571428571,0.5666666666666667,0.005,0.005128205128205128,0.0001282051282051281,-0.028497516077832,0.7213527462472856
ranked_506874133,TaToH,2026,ranked,day 2026-09-15,2026-09-15T16:21:24+00:00,False,77,feb73ace08b377f136218014ea478d1bebc89484934c78b6567e129a009700bb,47.808683333333335,True,40+,86.69700293540954,79.64467177229562,0.9186554214755497,133.79999999999998,112.19999999999999,0.8385650224215246,0.6551724137931034,0.0078125,0.008174386920980926,0.0003618869209809257,-0.0040618445597950525,1.0582661944530087
ranked_506874133,TaToH,2026,ranked,day 2026-09-15,2026-09-15T16:21:24+00:00,False,77,feb73ace08b377f136218014ea478d1bebc89484934c78b6567e129a009700bb,47.808683333333335,True,40-45,86.69700293540954,75.71200256347655,0.8732943469785573,133.79999999999998,109.19999999999999,0.8161434977578476,0.6551724137931034,0.0078125,0.013452914798206279,0.005640414798206279,0.03436833333333432,1.009646302250804
ranked_506874133,TaToH,2026,ranked,day 2026-09-15,2026-09-15T16:21:24+00:00,False,77,feb73ace08b377f136218014ea478d1bebc89484934c78b6567e129a009700bb,47.808683333333335,True,40+ excluding final 60 game seconds,86.69700293540954,78.93156310634298,0.9104301236935269,133.79999999999998,113.1,0.8452914798206279,0.6551724137931034,0.0078125,0.00946372239747634,0.0016512223974763408,0.005986082783994637,1.0484058835058447
ranked_506885930,TaToH,2026,ranked,day 2026-09-15,2026-09-15T17:24:21+00:00,False,162,a053ab0bf17391fc69e8d94c77d984e055dcb5558972aadaf5835b8864f681d2,51.836999999999996,True,40+,94.6400032043457,64.39047273856781,0.6803726813019709,157.19999999999993,107.69999999999997,0.6851145038167941,0.6666666666666666,0.007155635062611807,0.013333333333333334,0.006177698270721527,0.03096343020472593,0.8803261316567055
ranked_506885930,TaToH,2026,ranked,day 2026-09-15,2026-09-15T17:24:21+00:00,False,162,a053ab0bf17391fc69e8d94c77d984e055dcb5558972aadaf5835b8864f681d2,51.836999999999996,True,40-45,94.6400032043457,66.92400226593017,0.7071428571428571,157.19999999999993,109.19999999999999,0.6946564885496186,0.6333333333333333,0.007155635062611807,0.005076142131979695,-0.002079492930632112,-0.028439999999999264,0.9069069069069069
ranked_506885930,TaToH,2026,ranked,day 2026-09-15,2026-09-15T17:24:21+00:00,False,162,a053ab0bf17391fc69e8d94c77d984e055dcb5558972aadaf5835b8864f681d2,51.836999999999996,True,40+ excluding final 60 game seconds,94.6400032043457,64.09430871252273,0.6772433066610424,157.19999999999993,108.89999999999999,0.6927480916030537,0.6666666666666666,0.007155635062611807,0.014634146341463415,0.007478511278851609,0.03991056473193762,0.8811986296529993
ranked_508468284,TaToH,2026,ranked,day 2026-09-22,2026-09-22T17:39:26+00:00,False,9,60b78bb893f923dbf44108e653a657b19e2ce6d7343984747668a4cbf693d9e3,46.45933333333333,True,40+,102.41400346755981,70.11869367350859,0.6846592389654903,168.0,149.1,0.8875,0.8125,0.001652892561983471,0.00749063670411985,0.00583774414213638,0.1015787054047548,0.8909566139414424
ranked_508468284,TaToH,2026,ranked,day 2026-09-22,2026-09-22T17:39:26+00:00,False,9,60b78bb893f923dbf44108e653a657b19e2ce6d7343984747668a4cbf693d9e3,46.45933333333333,True,40-45,102.41400346755981,71.65600242614745,0.6996699669966996,168.0,151.2,0.8999999999999999,0.8125,0.001652892561983471,0.004739336492890996,0.0030864439309075246,0.07291333333333401,0.9173789173789174
ranked_508468284,TaToH,2026,ranked,day 2026-09-22,2026-09-22T17:39:26+00:00,False,9,60b78bb893f923dbf44108e653a657b19e2ce6d7343984747668a4cbf693d9e3,46.45933333333333,True,40+ excluding final 60 game seconds,102.41400346755981,71.81829526349003,0.7012546412780247,168.0,150.6,0.8964285714285714,0.8125,0.001652892561983471,0.004329004329004329,0.002676111767020858,0.09528465950258513,0.9341278116464344
ranked_508907620,TaToH,2026,ranked,day 2026-09-24,2026-09-24T17:16:35+00:00,False,216,051b1cc5d7be413dea6f78ddc4e423301d3cb503cca04d8020408126af6fcb9c,47.96378333333334,True,40+,106.63900361061096,73.84932453537193,0.6925170156787143,153.59999999999997,126.0,0.8203125000000002,0.7777777777777778,0.0031746031746031746,0.011527377521613832,0.008352774347010657,0.06765290444728522,0.854934188101284
ranked_508907620,TaToH,2026,ranked,day 2026-09-24,2026-09-24T17:16:35+00:00,False,216,051b1cc5d7be413dea6f78ddc4e423301d3cb503cca04d8020408126af6fcb9c,47.96378333333334,True,40-45,106.63900361061096,78.41600265502929,0.7353407290015848,153.59999999999997,126.0,0.8203125000000002,0.7777777777777778,0.0031746031746031746,0.008658008658008658,0.005483405483405483,0.03521999999999919,0.9267139479905436
ranked_508907620,TaToH,2026,ranked,day 2026-09-24,2026-09-24T17:16:35+00:00,False,216,051b1cc5d7be413dea6f78ddc4e423301d3cb503cca04d8020408126af6fcb9c,47.96378333333334,True,40+ excluding final 60 game seconds,106.63900361061096,74.50404366879316,0.6986565998013483,153.59999999999997,126.0,0.8203125000000002,0.7777777777777778,0.0031746031746031746,0.00980392156862745,0.006629318394024276,0.055389394111278654,0.8656743763796363
ranked_510128528,TaToH,2026,ranked,day 2026-09-29,2026-09-29T17:00:46+00:00,False,216,68f57ab362889fe365398338f9202007a37dbc75ce524df813ed6c2987c9c7f1,69.19975,True,40+,108.83600368499755,84.55860353595804,0.7769359464970321,169.79999999999998,138.0,0.8127208480565372,1.1290322580645162,0.0,0.010273972602739725,0.010273972602739725,0.08583235587062575,0.8545862106252179
ranked_510128528,TaToH,2026,ranked,day 2026-09-29,2026-09-29T17:00:46+00:00,False,216,68f57ab362889fe365398338f9202007a37dbc75ce524df813ed6c2987c9c7f1,69.19975,True,40-45,108.83600368499755,81.7960027694702,0.7515527950310559,169.79999999999998,111.6,0.657243816254417,0.6774193548387096,0.0,0.008298755186721992,0.008298755186721992,0.05958333333333343,0.8194444444444445
ranked_510128528,TaToH,2026,ranked,day 2026-09-29,2026-09-29T17:00:46+00:00,False,216,68f57ab362889fe365398338f9202007a37dbc75ce524df813ed6c2987c9c7f1,69.19975,True,40+ excluding final 60 game seconds,108.83600368499755,84.92025926050376,0.780258888467526,169.79999999999998,138.0,0.8127208480565372,1.1290322580645162,0.0,0.009180790960451978,0.009180790960451978,0.0740727606923223,0.8635485013821703
