player,year,context,window,metric,weighted_median,game_median,min,max,n,clusters
DauT,2012,team game,0-10,core_cpm,55.425000000000004,68.55000000000001,52.2,86.7,4,2
DauT,2012,team game,0-10,burst_p95_10s_core_cpm,132.0,132.45,120.29999999999998,168.59999999999997,4,2
DauT,2012,team game,0-10,p_core_gap_gt5s,0.02882952782088229,0.017285587975243148,0.010398613518197574,0.0345821325648415,4,2
DauT,2012,team game,0-10,approx_dedup_core_cpm,47.925,54.45,45.9,63.75,4,2
DauT,2012,team game,10-20,core_cpm,43.8,44.849999999999994,43.199999999999996,58.199999999999996,4,2
DauT,2012,team game,10-20,burst_p95_10s_core_cpm,99.29999999999998,93.44999999999997,78.59999999999997,102.29999999999998,4,2
DauT,2012,team game,10-20,p_core_gap_gt5s,0.04544532702382964,0.03709373393499743,0.031007751937984496,0.05154639175257732,4,2
DauT,2012,team game,10-20,approx_dedup_core_cpm,36.3,36.075,35.699999999999996,41.55,4,2
DauT,2012,team game,20-30,core_cpm,30.45,42.075,22.65,51.45,4,2
DauT,2012,team game,20-30,burst_p95_10s_core_cpm,66.59999999999997,84.59999999999997,54.0,102.59999999999997,4,2
DauT,2012,team game,20-30,p_core_gap_gt5s,0.10149606299212599,0.05050191094534236,0.036065573770491806,0.14,4,2
DauT,2012,team game,20-30,approx_dedup_core_cpm,24.675,33.075,19.650000000000002,36.6,4,2
DauT,2012,team game,30-40,core_cpm,29.025,43.05,22.8,51.150000000000006,4,2
DauT,2012,team game,30-40,burst_p95_10s_core_cpm,54.449999999999974,78.14999999999999,48.89999999999995,102.0,4,2
DauT,2012,team game,30-40,p_core_gap_gt5s,0.12669100583007867,0.05236299648064354,0.020710059171597635,0.17218543046357615,4,2
DauT,2012,team game,30-40,approx_dedup_core_cpm,24.974999999999998,35.325,17.4,42.45,4,2
DauT,2012,team game,40-45,core_cpm,26.4,39.75,15.0,42.0,4,2
DauT,2012,team game,40-45,burst_p95_10s_core_cpm,51.150000000000006,63.0,42.300000000000004,67.80000000000003,4,2
DauT,2012,team game,40-45,p_core_gap_gt5s,0.14762883570694466,0.04117985611510791,0.028985507246376812,0.24489795918367346,4,2
DauT,2012,team game,40-45,approx_dedup_core_cpm,25.049999999999997,35.55,14.7,38.1,4,2
DauT,2021,1v1 tournament,0-10,core_cpm,97.09050328731536,97.09050328731536,83.9930028438568,109.68100371360778,4,2
DauT,2021,1v1 tournament,0-10,burst_p95_10s_core_cpm,151.19999999999993,151.19999999999993,129.59999999999997,162.0,4,2
DauT,2021,1v1 tournament,0-10,p_core_gap_gt5s,0.0009041591320072332,0.0009041591320072332,0.0,0.008064516129032258,4,2
DauT,2021,1v1 tournament,0-10,approx_dedup_core_cpm,70.55750238895416,70.55750238895416,53.573001813888546,73.34600248336793,4,2
DauT,2021,1v1 tournament,10-20,core_cpm,77.99350264072419,77.99350264072419,69.966002368927,86.35900292396545,4,2
DauT,2021,1v1 tournament,10-20,burst_p95_10s_core_cpm,136.79999999999998,136.79999999999998,115.79999999999998,159.59999999999997,4,2
DauT,2021,1v1 tournament,10-20,p_core_gap_gt5s,0.011947203123673712,0.011947203123673712,0.00196078431372549,0.01694915254237288,4,2
DauT,2021,1v1 tournament,10-20,approx_dedup_core_cpm,51.37600173950195,51.37600173950195,46.81300158500671,65.74100222587586,4,2
DauT,2021,1v1 tournament,20-30,core_cpm,70.30400238037109,70.30400238037109,66.24800224304198,81.28900275230407,4,2
DauT,2021,1v1 tournament,20-30,burst_p95_10s_core_cpm,119.39999999999995,119.39999999999995,108.0,141.59999999999997,4,2
DauT,2021,1v1 tournament,20-30,p_core_gap_gt5s,0.009060077519379844,0.009060077519379844,0.0025575447570332483,0.0175,4,2
DauT,2021,1v1 tournament,20-30,approx_dedup_core_cpm,52.30550177097321,52.30550177097321,50.86900172233582,54.58700184822082,4,2
DauT,2021,1v1 tournament,30-40,core_cpm,68.02250230312347,68.02250230312347,57.96700196266174,71.14900240898133,4,2
DauT,2021,1v1 tournament,30-40,burst_p95_10s_core_cpm,114.0,114.0,101.39999999999995,121.79999999999998,4,2
DauT,2021,1v1 tournament,30-40,p_core_gap_gt5s,0.009570037583619927,0.009570037583619927,0.007142857142857143,0.0125,4,2
DauT,2021,1v1 tournament,30-40,approx_dedup_core_cpm,53.65750181674957,53.65750181674957,47.996001625061034,56.10800189971924,4,2
DauT,2021,1v1 tournament,40-45,core_cpm,61.68500208854675,61.68500208854675,53.06600179672241,66.58600225448609,4,2
DauT,2021,1v1 tournament,40-45,burst_p95_10s_core_cpm,95.39999999999999,95.39999999999999,79.19999999999999,98.39999999999999,4,2
DauT,2021,1v1 tournament,40-45,p_core_gap_gt5s,0.0164287883389007,0.0164287883389007,0.00510204081632653,0.02564102564102564,4,2
DauT,2021,1v1 tournament,40-45,approx_dedup_core_cpm,51.207001733779904,51.207001733779904,47.65800161361694,56.44600191116333,4,2
DauT,2026,1v1 ranked,0-10,core_cpm,82.97900280952453,82.97900280952453,82.97900280952453,82.97900280952453,1,1
DauT,2026,1v1 ranked,0-10,burst_p95_10s_core_cpm,131.39999999999995,131.39999999999995,131.39999999999995,131.39999999999995,1,1
DauT,2026,1v1 ranked,0-10,p_core_gap_gt5s,0.004081632653061225,0.004081632653061225,0.004081632653061225,0.004081632653061225,1,1
DauT,2026,1v1 ranked,0-10,approx_dedup_core_cpm,61.516002082824706,61.516002082824706,61.516002082824706,61.516002082824706,1,1
DauT,2026,1v1 ranked,10-20,core_cpm,54.92500185966492,54.92500185966492,54.92500185966492,54.92500185966492,1,1
DauT,2026,1v1 ranked,10-20,burst_p95_10s_core_cpm,90.0,90.0,90.0,90.0,1,1
DauT,2026,1v1 ranked,10-20,p_core_gap_gt5s,0.027777777777777776,0.027777777777777776,0.027777777777777776,0.027777777777777776,1,1
DauT,2026,1v1 ranked,10-20,approx_dedup_core_cpm,45.79900155067443,45.79900155067443,45.79900155067443,45.79900155067443,1,1
DauT,2026,1v1 ranked,20-30,core_cpm,78.92300267219542,78.92300267219542,78.92300267219542,78.92300267219542,1,1
DauT,2026,1v1 ranked,20-30,burst_p95_10s_core_cpm,132.0,132.0,132.0,132.0,1,1
DauT,2026,1v1 ranked,20-30,p_core_gap_gt5s,0.006437768240343348,0.006437768240343348,0.006437768240343348,0.006437768240343348,1,1
DauT,2026,1v1 ranked,20-30,approx_dedup_core_cpm,55.09400186538696,55.09400186538696,55.09400186538696,55.09400186538696,1,1
DauT,2026,1v1 ranked,30-40,core_cpm,76.38800258636475,76.38800258636475,76.38800258636475,76.38800258636475,1,1
DauT,2026,1v1 ranked,30-40,burst_p95_10s_core_cpm,115.79999999999998,115.79999999999998,115.79999999999998,115.79999999999998,1,1
DauT,2026,1v1 ranked,30-40,p_core_gap_gt5s,0.0066518847006651885,0.0066518847006651885,0.0066518847006651885,0.0066518847006651885,1,1
DauT,2026,1v1 ranked,30-40,approx_dedup_core_cpm,60.671002054214476,60.671002054214476,60.671002054214476,60.671002054214476,1,1
DauT,2026,1v1 ranked,40-45,core_cpm,55.43200187683105,55.43200187683105,55.43200187683105,55.43200187683105,1,1
DauT,2026,1v1 ranked,40-45,burst_p95_10s_core_cpm,96.0,96.0,96.0,96.0,1,1
DauT,2026,1v1 ranked,40-45,p_core_gap_gt5s,0.018404907975460124,0.018404907975460124,0.018404907975460124,0.018404907975460124,1,1
DauT,2026,1v1 ranked,40-45,approx_dedup_core_cpm,46.306001567840575,46.306001567840575,46.306001567840575,46.306001567840575,1,1
TaToH,2021,tournament,0-10,core_cpm,101.23100342750548,101.23100342750548,101.23100342750548,101.23100342750548,1,1
TaToH,2021,tournament,0-10,burst_p95_10s_core_cpm,163.79999999999998,163.79999999999998,163.79999999999998,163.79999999999998,1,1
TaToH,2021,tournament,0-10,p_core_gap_gt5s,0.005016722408026756,0.005016722408026756,0.005016722408026756,0.005016722408026756,1,1
TaToH,2021,tournament,0-10,approx_dedup_core_cpm,68.27600231170653,68.27600231170653,68.27600231170653,68.27600231170653,1,1
TaToH,2021,tournament,10-20,core_cpm,80.10600271224976,80.10600271224976,80.10600271224976,80.10600271224976,1,1
TaToH,2021,tournament,10-20,burst_p95_10s_core_cpm,145.79999999999998,145.79999999999998,145.79999999999998,145.79999999999998,1,1
TaToH,2021,tournament,10-20,p_core_gap_gt5s,0.014799154334038054,0.014799154334038054,0.014799154334038054,0.014799154334038054,1,1
TaToH,2021,tournament,10-20,approx_dedup_core_cpm,50.362001705169675,50.362001705169675,50.362001705169675,50.362001705169675,1,1
TaToH,2021,tournament,20-30,core_cpm,73.34600248336793,73.34600248336793,73.34600248336793,73.34600248336793,1,1
TaToH,2021,tournament,20-30,burst_p95_10s_core_cpm,129.59999999999997,129.59999999999997,129.59999999999997,129.59999999999997,1,1
TaToH,2021,tournament,20-30,p_core_gap_gt5s,0.006928406466512702,0.006928406466512702,0.006928406466512702,0.006928406466512702,1,1
TaToH,2021,tournament,20-30,approx_dedup_core_cpm,54.92500185966492,54.92500185966492,54.92500185966492,54.92500185966492,1,1
TaToH,2021,tournament,30-40,core_cpm,76.72600259780883,76.72600259780883,76.72600259780883,76.72600259780883,1,1
TaToH,2021,tournament,30-40,burst_p95_10s_core_cpm,120.0,120.0,120.0,120.0,1,1
TaToH,2021,tournament,30-40,p_core_gap_gt5s,0.008830022075055188,0.008830022075055188,0.008830022075055188,0.008830022075055188,1,1
TaToH,2021,tournament,30-40,approx_dedup_core_cpm,59.99500203132629,59.99500203132629,59.99500203132629,59.99500203132629,1,1
TaToH,2021,tournament,40-45,core_cpm,60.16400203704834,60.16400203704834,60.16400203704834,60.16400203704834,1,1
TaToH,2021,tournament,40-45,burst_p95_10s_core_cpm,85.19999999999999,85.19999999999999,85.19999999999999,85.19999999999999,1,1
TaToH,2021,tournament,40-45,p_core_gap_gt5s,0.005649717514124294,0.005649717514124294,0.005649717514124294,0.005649717514124294,1,1
TaToH,2021,tournament,40-45,approx_dedup_core_cpm,46.98200159072876,46.98200159072876,46.98200159072876,46.98200159072876,1,1
TaToH,2026,ranked,0-10,core_cpm,104.52650353908538,102.41400346755981,86.69700293540954,121.84900412559509,7,6
TaToH,2026,ranked,0-10,burst_p95_10s_core_cpm,168.0,168.0,133.79999999999998,175.79999999999998,7,6
TaToH,2026,ranked,0-10,p_core_gap_gt5s,0.0024137478682933226,0.0031746031746031746,0.0,0.0078125,7,6
TaToH,2026,ranked,0-10,approx_dedup_core_cpm,69.37450234889984,69.29000234603882,52.55900177955627,73.00800247192382,7,6
TaToH,2026,ranked,10-20,core_cpm,99.20300335884093,93.28800315856934,46.81300158500671,111.2020037651062,7,6
TaToH,2026,ranked,10-20,burst_p95_10s_core_cpm,141.0,138.0,108.0,162.0,7,6
TaToH,2026,ranked,10-20,p_core_gap_gt5s,0.001,0.002,0.0,0.06159420289855073,7,6
TaToH,2026,ranked,10-20,approx_dedup_core_cpm,70.98000240325928,70.30400238037109,33.12400112152099,79.76800270080565,7,6
TaToH,2026,ranked,20-30,core_cpm,85.17600288391112,83.14800281524657,54.92500185966492,89.40100302696227,7,6
TaToH,2026,ranked,20-30,burst_p95_10s_core_cpm,125.99999999999991,124.7999999999999,97.79999999999998,141.59999999999997,7,6
TaToH,2026,ranked,20-30,p_core_gap_gt5s,0.0048431015379992864,0.005802707930367505,0.0,0.027777777777777776,7,6
TaToH,2026,ranked,20-30,approx_dedup_core_cpm,59.40350201129913,58.13600196838379,43.0950014591217,68.78300232887268,7,6
TaToH,2026,ranked,30-40,core_cpm,79.09200267791748,79.09200267791748,61.85400209426879,83.48600282669067,7,6
TaToH,2026,ranked,30-40,burst_p95_10s_core_cpm,117.59999999999997,117.59999999999997,97.79999999999998,139.79999999999998,7,6
TaToH,2026,ranked,30-40,p_core_gap_gt5s,0.005182855811786629,0.006172839506172839,0.0021413276231263384,0.019178082191780823,7,6
TaToH,2026,ranked,30-40,approx_dedup_core_cpm,61.68500208854675,61.68500208854675,52.72800178527832,68.27600231170653,7,6
TaToH,2026,ranked,40-45,core_cpm,79.09200267791746,78.41600265502929,66.92400226593017,81.7960027694702,7,6
TaToH,2026,ranked,40-45,burst_p95_10s_core_cpm,119.99999999999997,113.99999999999996,109.19999999999999,151.2,7,6
TaToH,2026,ranked,40-45,p_core_gap_gt5s,0.008298755186721992,0.008298755186721992,0.00425531914893617,0.013452914798206279,7,6
TaToH,2026,ranked,40-45,approx_dedup_core_cpm,57.12200193405151,54.418001842498775,51.03800172805786,66.24800224304198,7,6
TaToH,2026,tournament,0-10,core_cpm,95.73850324153901,95.73850324153901,80.78200273513794,110.69500374794006,2,2
TaToH,2026,tournament,0-10,burst_p95_10s_core_cpm,164.0999999999999,164.0999999999999,146.99999999999991,181.19999999999993,2,2
TaToH,2026,tournament,0-10,p_core_gap_gt5s,0.005241090146750524,0.005241090146750524,0.0,0.010482180293501049,2,2
TaToH,2026,tournament,0-10,approx_dedup_core_cpm,70.05050237178803,70.05050237178803,59.48800201416015,80.6130027294159,2,2
TaToH,2026,tournament,10-20,core_cpm,68.44500231742859,68.44500231742859,65.06500220298767,71.8250024318695,2,2
TaToH,2026,tournament,10-20,burst_p95_10s_core_cpm,111.89999999999999,111.89999999999999,102.0,121.79999999999998,2,2
TaToH,2026,tournament,10-20,p_core_gap_gt5s,0.014887971698113208,0.014887971698113208,0.014150943396226415,0.015625,2,2
TaToH,2026,tournament,10-20,approx_dedup_core_cpm,52.136501765251154,52.136501765251154,52.052001762390134,52.22100176811218,2,2
TaToH,2026,tournament,20-30,core_cpm,79.68350269794463,79.68350269794463,77.57100262641906,81.7960027694702,2,2
TaToH,2026,tournament,20-30,burst_p95_10s_core_cpm,135.89999999999998,135.89999999999998,120.0,151.79999999999998,2,2
TaToH,2026,tournament,20-30,p_core_gap_gt5s,0.005175983436853002,0.005175983436853002,0.0,0.010351966873706004,2,2
TaToH,2026,tournament,20-30,approx_dedup_core_cpm,62.276502108573915,62.276502108573915,60.33300204277039,64.22000217437744,2,2
TaToH,2026,tournament,30-40,core_cpm,85.59850289821624,85.59850289821624,75.71200256347655,95.48500323295593,2,2
TaToH,2026,tournament,30-40,burst_p95_10s_core_cpm,129.89999999999998,129.89999999999998,102.0,157.79999999999998,2,2
TaToH,2026,tournament,30-40,p_core_gap_gt5s,0.012030558332143367,0.012030558332143367,0.010638297872340425,0.013422818791946308,2,2
TaToH,2026,tournament,30-40,approx_dedup_core_cpm,67.09300227165221,67.09300227165221,62.02300209999085,72.16300244331359,2,2
TaToH,2026,tournament,40-45,core_cpm,74.0220025062561,74.0220025062561,70.30400238037109,77.74000263214111,2,2
TaToH,2026,tournament,40-45,burst_p95_10s_core_cpm,120.6,120.6,111.6,129.6,2,2
TaToH,2026,tournament,40-45,p_core_gap_gt5s,0.0024154589371980675,0.0024154589371980675,0.0,0.004830917874396135,2,2
TaToH,2026,tournament,40-45,approx_dedup_core_cpm,58.98100199699401,58.98100199699401,55.77000188827514,62.19200210571288,2,2
TheViper,2012,team game,0-10,core_cpm,75.45,70.42500000000001,47.85,90.6,6,3
TheViper,2012,team game,0-10,burst_p95_10s_core_cpm,126.59999999999997,123.29999999999998,78.29999999999998,158.39999999999986,6,3
TheViper,2012,team game,0-10,p_core_gap_gt5s,0.0099601593625498,0.010727206118056509,0.001658374792703151,0.02830188679245283,6,3
TheViper,2012,team game,0-10,approx_dedup_core_cpm,57.599999999999994,55.5,41.85,67.05,6,3
TheViper,2012,team game,10-20,core_cpm,72.14999999999999,71.85,49.95,83.25,6,3
TheViper,2012,team game,10-20,burst_p95_10s_core_cpm,138.29999999999998,133.04999999999995,120.29999999999998,144.29999999999998,6,3
TheViper,2012,team game,10-20,p_core_gap_gt5s,0.016666666666666666,0.016736694677871148,0.0039447731755424065,0.05120481927710843,6,3
TheViper,2012,team game,10-20,approx_dedup_core_cpm,52.050000000000004,51.60000000000001,36.75,56.1,6,3
TheViper,2012,team game,20-30,core_cpm,54.675,59.02499999999999,40.800000000000004,64.80000000000001,6,3
TheViper,2012,team game,20-30,burst_p95_10s_core_cpm,114.29999999999998,126.14999999999999,84.29999999999998,163.49999999999991,6,3
TheViper,2012,team game,20-30,p_core_gap_gt5s,0.04442663817663818,0.034932487725040914,0.019559902200488997,0.07380073800738007,6,3
TheViper,2012,team game,20-30,approx_dedup_core_cpm,35.099999999999994,39.974999999999994,31.95,47.25,6,3
TheViper,2012,team game,30-40,core_cpm,52.8,52.425,33.6,77.4,6,3
TheViper,2012,team game,30-40,burst_p95_10s_core_cpm,90.89999999999995,102.89999999999995,66.29999999999998,151.19999999999993,6,3
TheViper,2012,team game,30-40,p_core_gap_gt5s,0.042735042735042736,0.04448890865075836,0.015533980582524271,0.10043668122270742,6,3
TheViper,2012,team game,30-40,approx_dedup_core_cpm,44.1,40.2,31.049999999999997,58.050000000000004,6,3
TheViper,2012,team game,40-45,core_cpm,47.7,46.95,30.3,54.0,6,3
TheViper,2012,team game,40-45,burst_p95_10s_core_cpm,70.05000000000001,76.35000000000002,60.0,102.30000000000001,6,3
TheViper,2012,team game,40-45,p_core_gap_gt5s,0.05063291139240506,0.05472822040208489,0.04216867469879518,0.13,6,3
TheViper,2012,team game,40-45,approx_dedup_core_cpm,41.1,38.099999999999994,27.0,48.0,6,3
TheViper,2021,1v1 tournament,0-10,core_cpm,119.65200405120848,100.55500340461731,96.4990032672882,138.74900469779965,3,2
TheViper,2021,1v1 tournament,0-10,burst_p95_10s_core_cpm,182.7,157.79999999999998,157.79999999999998,207.59999999999997,3,2
TheViper,2021,1v1 tournament,0-10,p_core_gap_gt5s,0.0035836542575952077,0.0035087719298245615,0.0,0.003658536585365854,3,2
TheViper,2021,1v1 tournament,0-10,approx_dedup_core_cpm,74.52900252342224,65.9100022315979,56.27700190544128,83.14800281524657,3,2
TheViper,2021,1v1 tournament,10-20,core_cpm,95.65400323867797,89.57000303268433,83.14800281524657,101.73800344467163,3,2
TheViper,2021,1v1 tournament,10-20,burst_p95_10s_core_cpm,167.0999999999999,166.7999999999999,143.39999999999995,167.39999999999995,3,2
TheViper,2021,1v1 tournament,10-20,p_core_gap_gt5s,0.00740110677723143,0.008146639511201629,0.0066555740432612314,0.013232514177693762,3,2
TheViper,2021,1v1 tournament,10-20,approx_dedup_core_cpm,56.27700190544128,55.43200187683105,54.58700184822082,57.12200193405151,3,2
TheViper,2021,1v1 tournament,20-30,core_cpm,83.40150282382965,81.96500277519226,80.44400272369384,84.83800287246703,3,2
TheViper,2021,1v1 tournament,20-30,burst_p95_10s_core_cpm,139.79999999999998,139.79999999999998,120.0,144.0,3,2
TheViper,2021,1v1 tournament,20-30,p_core_gap_gt5s,0.005988023952095809,0.005988023952095809,0.004132231404958678,0.008421052631578947,3,2
TheViper,2021,1v1 tournament,20-30,approx_dedup_core_cpm,56.27700190544128,56.27700190544128,51.545001745224,59.15000200271606,3,2
TheViper,2021,1v1 tournament,30-40,core_cpm,79.00750267505646,72.67000246047974,67.7690022945404,85.34500288963318,3,2
TheViper,2021,1v1 tournament,30-40,burst_p95_10s_core_cpm,120.59999999999997,101.39999999999995,97.79999999999998,139.79999999999998,3,2
TheViper,2021,1v1 tournament,30-40,p_core_gap_gt5s,0.011134698634698634,0.016317016317016316,0.005952380952380952,0.0225,3,2
TheViper,2021,1v1 tournament,30-40,approx_dedup_core_cpm,58.72750198841095,53.74200181961059,52.72800178527832,63.7130021572113,3,2
TheViper,2021,1v1 tournament,40-45,core_cpm,62.69900212287902,69.966002368927,55.43200187683105,88.89400300979614,3,2
TheViper,2021,1v1 tournament,40-45,burst_p95_10s_core_cpm,106.79999999999998,109.19999999999999,104.39999999999999,151.2,3,2
TheViper,2021,1v1 tournament,40-45,p_core_gap_gt5s,0.027473345642980523,0.024271844660194174,0.003816793893129771,0.03067484662576687,3,2
TheViper,2021,1v1 tournament,40-45,approx_dedup_core_cpm,47.658001613616946,49.01000165939331,46.306001567840575,61.17800207138062,3,2
TheViper,2026,1v1 ranked,0-10,core_cpm,105.11800355911254,105.11800355911254,105.11800355911254,105.11800355911254,1,1
TheViper,2026,1v1 ranked,0-10,burst_p95_10s_core_cpm,162.0,162.0,162.0,162.0,1,1
TheViper,2026,1v1 ranked,0-10,p_core_gap_gt5s,0.004830917874396135,0.004830917874396135,0.004830917874396135,0.004830917874396135,1,1
TheViper,2026,1v1 ranked,0-10,approx_dedup_core_cpm,65.06500220298767,65.06500220298767,65.06500220298767,65.06500220298767,1,1
TheViper,2026,1v1 ranked,10-20,core_cpm,140.77700476646422,140.77700476646422,140.77700476646422,140.77700476646422,1,1
TheViper,2026,1v1 ranked,10-20,burst_p95_10s_core_cpm,221.39999999999995,221.39999999999995,221.39999999999995,221.39999999999995,1,1
TheViper,2026,1v1 ranked,10-20,p_core_gap_gt5s,0.002403846153846154,0.002403846153846154,0.002403846153846154,0.002403846153846154,1,1
TheViper,2026,1v1 ranked,10-20,approx_dedup_core_cpm,67.60000228881835,67.60000228881835,67.60000228881835,67.60000228881835,1,1
TheViper,2026,1v1 ranked,20-30,core_cpm,118.13100399971009,118.13100399971009,118.13100399971009,118.13100399971009,1,1
TheViper,2026,1v1 ranked,20-30,burst_p95_10s_core_cpm,204.0,204.0,204.0,204.0,1,1
TheViper,2026,1v1 ranked,20-30,p_core_gap_gt5s,0.004297994269340974,0.004297994269340974,0.004297994269340974,0.004297994269340974,1,1
TheViper,2026,1v1 ranked,20-30,approx_dedup_core_cpm,66.75500226020813,66.75500226020813,66.75500226020813,66.75500226020813,1,1
TheViper,2026,1v1 ranked,30-40,core_cpm,99.03400335311889,99.03400335311889,99.03400335311889,99.03400335311889,1,1
TheViper,2026,1v1 ranked,30-40,burst_p95_10s_core_cpm,165.5999999999998,165.5999999999998,165.5999999999998,165.5999999999998,1,1
TheViper,2026,1v1 ranked,30-40,p_core_gap_gt5s,0.0,0.0,0.0,0.0,1,1
TheViper,2026,1v1 ranked,30-40,approx_dedup_core_cpm,58.305001974105835,58.305001974105835,58.305001974105835,58.305001974105835,1,1
TheViper,2026,1v1 ranked,40-45,core_cpm,82.81000280380249,82.81000280380249,82.81000280380249,82.81000280380249,1,1
TheViper,2026,1v1 ranked,40-45,burst_p95_10s_core_cpm,145.2,145.2,145.2,145.2,1,1
TheViper,2026,1v1 ranked,40-45,p_core_gap_gt5s,0.012295081967213115,0.012295081967213115,0.012295081967213115,0.012295081967213115,1,1
TheViper,2026,1v1 ranked,40-45,approx_dedup_core_cpm,60.16400203704834,60.16400203704834,60.16400203704834,60.16400203704834,1,1
