session_id,player,context,session_start_utc,logged_games,parsed_games,observed_elapsed_hours,gap_threshold_minutes,session_source
DauT_1v1 ranked_2026-09-24T23:09:07+00:00,DauT,1v1 ranked,2026-09-24T23:09:07+00:00,5,5,1.745085454722222,30,sampled replay timestamps; unobserved games cannot be excluded
TaToH_all cached modes_2026-08-13T14:44:17+00:00,TaToH,all cached modes,2026-08-13T14:44:17+00:00,2,0,0.35888888888888887,30,cached account match log across ranked and unranked modes (includes games without parsed replays)
TaToH_all cached modes_2026-08-13T16:12:34+00:00,TaToH,all cached modes,2026-08-13T16:12:34+00:00,3,0,1.92,30,cached account match log across ranked and unranked modes (includes games without parsed replays)
TaToH_all cached modes_2026-08-14T18:39:55+00:00,TaToH,all cached modes,2026-08-14T18:39:55+00:00,4,0,2.073611111111111,30,cached account match log across ranked and unranked modes (includes games without parsed replays)
TaToH_all cached modes_2026-08-15T13:06:33+00:00,TaToH,all cached modes,2026-08-15T13:06:33+00:00,5,0,2.8269444444444445,30,cached account match log across ranked and unranked modes (includes games without parsed replays)
TaToH_all cached modes_2026-08-16T17:06:17+00:00,TaToH,all cached modes,2026-08-16T17:06:17+00:00,3,0,2.1066666666666665,30,cached account match log across ranked and unranked modes (includes games without parsed replays)
TaToH_all cached modes_2026-08-17T13:06:55+00:00,TaToH,all cached modes,2026-08-17T13:06:55+00:00,7,0,4.4094444444444445,30,cached account match log across ranked and unranked modes (includes games without parsed replays)
TaToH_all cached modes_2026-08-18T14:11:50+00:00,TaToH,all cached modes,2026-08-18T14:11:50+00:00,4,0,1.9725,30,cached account match log across ranked and unranked modes (includes games without parsed replays)
TaToH_all cached modes_2026-08-18T19:30:17+00:00,TaToH,all cached modes,2026-08-18T19:30:17+00:00,3,0,1.8325,30,cached account match log across ranked and unranked modes (includes games without parsed replays)
TaToH_all cached modes_2026-08-19T15:06:42+00:00,TaToH,all cached modes,2026-08-19T15:06:42+00:00,5,0,3.7416666666666667,30,cached account match log across ranked and unranked modes (includes games without parsed replays)
TaToH_all cached modes_2026-08-20T14:12:50+00:00,TaToH,all cached modes,2026-08-20T14:12:50+00:00,3,0,1.5491666666666666,30,cached account match log across ranked and unranked modes (includes games without parsed replays)
TaToH_all cached modes_2026-08-23T13:31:49+00:00,TaToH,all cached modes,2026-08-23T13:31:49+00:00,1,0,0.4666666666666667,30,cached account match log across ranked and unranked modes (includes games without parsed replays)
TaToH_all cached modes_2026-08-23T15:12:25+00:00,TaToH,all cached modes,2026-08-23T15:12:25+00:00,6,0,2.9322222222222223,30,cached account match log across ranked and unranked modes (includes games without parsed replays)
TaToH_all cached modes_2026-08-23T21:32:11+00:00,TaToH,all cached modes,2026-08-23T21:32:11+00:00,2,0,0.9808333333333333,30,cached account match log across ranked and unranked modes (includes games without parsed replays)
TaToH_all cached modes_2026-08-24T18:02:18+00:00,TaToH,all cached modes,2026-08-24T18:02:18+00:00,5,0,2.7263888888888888,30,cached account match log across ranked and unranked modes (includes games without parsed replays)
TaToH_all cached modes_2026-08-25T17:11:26+00:00,TaToH,all cached modes,2026-08-25T17:11:26+00:00,5,0,2.0625,30,cached account match log across ranked and unranked modes (includes games without parsed replays)
TaToH_all cached modes_2026-08-26T11:04:48+00:00,TaToH,all cached modes,2026-08-26T11:04:48+00:00,1,0,0.12361111111111112,30,cached account match log across ranked and unranked modes (includes games without parsed replays)
TaToH_all cached modes_2026-08-26T13:47:58+00:00,TaToH,all cached modes,2026-08-26T13:47:58+00:00,2,0,0.9966666666666667,30,cached account match log across ranked and unranked modes (includes games without parsed replays)
TaToH_all cached modes_2026-08-28T15:08:13+00:00,TaToH,all cached modes,2026-08-28T15:08:13+00:00,4,3,1.4622222222222223,30,cached account match log across ranked and unranked modes (includes games without parsed replays)
TaToH_all cached modes_2026-08-30T16:28:47+00:00,TaToH,all cached modes,2026-08-30T16:28:47+00:00,3,0,1.8141666666666667,30,cached account match log across ranked and unranked modes (includes games without parsed replays)
TaToH_all cached modes_2026-08-31T16:49:17+00:00,TaToH,all cached modes,2026-08-31T16:49:17+00:00,1,1,0.2761111111111111,30,cached account match log across ranked and unranked modes (includes games without parsed replays)
TaToH_all cached modes_2026-09-01T13:10:18+00:00,TaToH,all cached modes,2026-09-01T13:10:18+00:00,6,2,2.930277777777778,30,cached account match log across ranked and unranked modes (includes games without parsed replays)
TaToH_all cached modes_2026-09-03T16:41:17+00:00,TaToH,all cached modes,2026-09-03T16:41:17+00:00,3,0,1.7347222222222223,30,cached account match log across ranked and unranked modes (includes games without parsed replays)
TaToH_all cached modes_2026-09-08T15:14:10+00:00,TaToH,all cached modes,2026-09-08T15:14:10+00:00,2,0,1.0722222222222222,30,cached account match log across ranked and unranked modes (includes games without parsed replays)
TaToH_all cached modes_2026-09-08T18:52:27+00:00,TaToH,all cached modes,2026-09-08T18:52:27+00:00,2,1,0.31805555555555554,30,cached account match log across ranked and unranked modes (includes games without parsed replays)
TaToH_all cached modes_2026-09-11T15:37:59+00:00,TaToH,all cached modes,2026-09-11T15:37:59+00:00,1,0,0.5711111111111111,30,cached account match log across ranked and unranked modes (includes games without parsed replays)
TaToH_all cached modes_2026-09-11T16:50:08+00:00,TaToH,all cached modes,2026-09-11T16:50:08+00:00,2,0,1.0127777777777778,30,cached account match log across ranked and unranked modes (includes games without parsed replays)
TaToH_all cached modes_2026-09-13T15:20:54+00:00,TaToH,all cached modes,2026-09-13T15:20:54+00:00,1,1,0.5675,30,cached account match log across ranked and unranked modes (includes games without parsed replays)
TaToH_all cached modes_2026-09-14T18:17:10+00:00,TaToH,all cached modes,2026-09-14T18:17:10+00:00,3,3,1.5572222222222223,30,cached account match log across ranked and unranked modes (includes games without parsed replays)
TaToH_all cached modes_2026-09-15T12:59:19+00:00,TaToH,all cached modes,2026-09-15T12:59:19+00:00,3,2,0.8261111111111111,30,cached account match log across ranked and unranked modes (includes games without parsed replays)
TaToH_all cached modes_2026-09-15T16:21:22+00:00,TaToH,all cached modes,2026-09-15T16:21:22+00:00,5,5,2.276111111111111,30,cached account match log across ranked and unranked modes (includes games without parsed replays)
TaToH_all cached modes_2026-09-16T14:40:42+00:00,TaToH,all cached modes,2026-09-16T14:40:42+00:00,3,3,1.2697222222222222,30,cached account match log across ranked and unranked modes (includes games without parsed replays)
TaToH_all cached modes_2026-09-16T17:15:11+00:00,TaToH,all cached modes,2026-09-16T17:15:11+00:00,1,1,0.13972222222222222,30,cached account match log across ranked and unranked modes (includes games without parsed replays)
TaToH_all cached modes_2026-09-19T13:40:32+00:00,TaToH,all cached modes,2026-09-19T13:40:32+00:00,2,0,1.0475,30,cached account match log across ranked and unranked modes (includes games without parsed replays)
TaToH_all cached modes_2026-09-19T15:34:28+00:00,TaToH,all cached modes,2026-09-19T15:34:28+00:00,2,0,0.8430555555555556,30,cached account match log across ranked and unranked modes (includes games without parsed replays)
TaToH_all cached modes_2026-09-22T14:09:27+00:00,TaToH,all cached modes,2026-09-22T14:09:27+00:00,4,0,1.8402777777777777,30,cached account match log across ranked and unranked modes (includes games without parsed replays)
TaToH_all cached modes_2026-09-22T17:39:23+00:00,TaToH,all cached modes,2026-09-22T17:39:23+00:00,1,1,0.47805555555555557,30,cached account match log across ranked and unranked modes (includes games without parsed replays)
TaToH_all cached modes_2026-09-24T15:21:09+00:00,TaToH,all cached modes,2026-09-24T15:21:09+00:00,11,11,4.259166666666666,30,cached account match log across ranked and unranked modes (includes games without parsed replays)
TaToH_all cached modes_2026-09-25T14:14:38+00:00,TaToH,all cached modes,2026-09-25T14:14:38+00:00,4,3,1.1130555555555555,30,cached account match log across ranked and unranked modes (includes games without parsed replays)
TaToH_all cached modes_2026-09-29T16:37:52+00:00,TaToH,all cached modes,2026-09-29T16:37:52+00:00,3,3,1.0897222222222223,30,cached account match log across ranked and unranked modes (includes games without parsed replays)
TaToH_all cached modes_2026-09-29T19:50:08+00:00,TaToH,all cached modes,2026-09-29T19:50:08+00:00,3,0,0.8638888888888889,30,cached account match log across ranked and unranked modes (includes games without parsed replays)
TaToH_all cached modes_2026-09-30T15:21:45+00:00,TaToH,all cached modes,2026-09-30T15:21:45+00:00,3,3,0.9486111111111111,30,cached account match log across ranked and unranked modes (includes games without parsed replays)
TaToH_all cached modes_2026-10-02T15:09:05+00:00,TaToH,all cached modes,2026-10-02T15:09:05+00:00,4,3,0.9558333333333333,30,cached account match log across ranked and unranked modes (includes games without parsed replays)
TaToH_all cached modes_2026-10-03T10:34:09+00:00,TaToH,all cached modes,2026-10-03T10:34:09+00:00,4,3,2.3308333333333335,30,cached account match log across ranked and unranked modes (includes games without parsed replays)
TaToH_all cached modes_2026-10-03T15:46:02+00:00,TaToH,all cached modes,2026-10-03T15:46:02+00:00,4,4,1.7075,30,cached account match log across ranked and unranked modes (includes games without parsed replays)
TheViper_1v1 ranked_2026-09-30T13:54:17+00:00,TheViper,1v1 ranked,2026-09-30T13:54:17+00:00,5,5,2.0503226447222223,30,sampled replay timestamps; unobserved games cannot be excluded
