game_id,player,year,context,cluster,date,partial,map_id,sha256,duration_game_min,long_game_45plus,window,window_kind,start_game_s,end_game_s,window_game_seconds,window_nominal_seconds,n_recorded_actions,n_core_commands,all_recorded_cpm,core_cpm,burst_p95_10s_core_cpm,peak_10s_core_cpm,complete_10s_bins,adjacent_core_gaps,long_gap_count_gt5s,p_core_gap_gt5s,core_gap_p50_s,core_gap_p99_s,silence_time_gt5s_fraction,approx_repeat_pairs,approx_repeat_pairs_per_core_command,approx_dedup_core_cpm,explicit_actor_coverage,distinct_explicit_actor_ids,distinct_commanded_production_ids,positive_queue_request_cpm,core_category_entropy_bits,session_id,observed_game_ordinal,session_elapsed_hours,prior_logged_play_hours,session_source,session_logged_games,session_start_is_observed_lower_bound
c7d3588daf74,DauT,2026,1v1 ranked,daut_2026_session,2026-09-24T23:09:07+00:00,False,216,c7d3588daf740ee14712123d363e2e6f859f85c3bbe2c723fbe58b3e9627e6e8,23.608,False,0-10,clock phase,0,600,600,355.02957377813306,582,502,98.3580033302307,84.83800287246703,145.79999999999998,168,35,501,4,0.007984031936127744,0.36153844929739876,4.330769084136932,0.07009166666666657,164,0.32669322709163345,57.12200193405151,0.3231083844580777,30,3,3.7180001258850095,0.6510391221509063,DauT_1v1 ranked_2026-09-24T23:09:07+00:00,1,0.0,0.0,sampled replay timestamps; unobserved games cannot be excluded,5,True
a467a9f1780f,DauT,2026,1v1 ranked,daut_2026_session,2026-09-24T23:29:10+00:00,False,216,a467a9f1780fb4de13bf524aa4c19f5cb1d104f407bfefaeefb9bf384d3f389f,25.17275,False,0-10,clock phase,0,600,600,355.02957377813306,660,549,111.54000377655028,92.7810031414032,121.79999999999998,174,35,548,0,0.0,0.36153844929739876,3.0693075883862746,0.0,149,0.27140255009107467,67.60000228881835,0.4052532833020638,34,2,3.887000131607055,0.7173045396968908,DauT_1v1 ranked_2026-09-24T23:09:07+00:00,2,0.33416666666666667,0.232820505,sampled replay timestamps; unobserved games cannot be excluded,5,True
d4d080a3a4f6,DauT,2026,1v1 ranked,daut_2026_session,2026-09-24T23:46:44+00:00,False,216,d4d080a3a4f639d3327e7a550dd682776d33a9b059acc1db79d89a6d2904ce5e,33.010016666666665,False,0-10,clock phase,0,600,600,355.02957377813306,566,440,95.65400323867797,74.36000251770018,121.79999999999998,150,35,439,3,0.00683371298405467,0.4769230607753059,4.719461378668798,0.04909666666666671,75,0.17045454545454544,61.68500208854675,0.44339622641509435,28,2,3.7180001258850095,0.7689280823269914,DauT_1v1 ranked_2026-09-24T23:09:07+00:00,3,0.6269444444444444,0.48107246888888894,sampled replay timestamps; unobserved games cannot be excluded,5,True
4d327356c515,DauT,2026,1v1 ranked,daut_2026_session,2026-09-25T00:09:58+00:00,False,216,4d327356c515f50c9346bbf9b70ae8e062ccf075f5d7cbffe14e3292ff7f2fa3,21.30591666666667,False,0-10,clock phase,0,600,600,355.02957377813306,647,543,109.34300370216368,91.76700310707092,141.59999999999997,162,35,542,2,0.0036900369003690036,0.36153844929739876,3.318769118401493,0.03247833333333334,150,0.27624309392265195,66.41700224876404,0.40229885057471265,32,2,3.887000131607055,0.7650387950529774,DauT_1v1 ranked_2026-09-24T23:09:07+00:00,4,1.0141666666666667,0.8066150286111111,sampled replay timestamps; unobserved games cannot be excluded,5,True
23d4576b7264,DauT,2026,1v1 ranked,daut_2026_session,2026-09-25T00:26:26+00:00,False,140,23d4576b72642f81456c2009ab81b2d571f3719388e167d2fdcbd8b0604d2081,46.286500000000004,True,0-10,clock phase,0,600,600,355.02957377813306,590,491,99.71000337600707,82.97900280952453,131.39999999999995,150,35,490,2,0.004081632653061225,0.3615384492974272,3.872384484272439,0.040624999999999904,127,0.25865580448065173,61.516002082824706,0.39445628997867804,29,2,4.732000160217284,0.7562115734314072,DauT_1v1 ranked_2026-09-24T23:09:07+00:00,5,1.2886111111111112,1.0167325427777778,sampled replay timestamps; unobserved games cannot be excluded,5,True
bdaf8d46c8e5,TheViper,2026,1v1 ranked,viper_2026_session,2026-09-30T13:54:17+00:00,False,216,bdaf8d46c8e5896036fe088ea54ea15b5d3f7ba15a57ab8443ffc302ff4b022a,73.57913333333333,True,0-10,clock phase,0,600,600,355.02957377813306,822,622,138.91800470352172,105.11800355911254,162.0,168,35,621,3,0.004830917874396135,0.2461538378195054,3.5035383429147515,0.055185000000000144,237,0.38102893890675243,65.06500220298767,0.27887788778877887,26,2,3.549000120162964,0.7737497726450292,TheViper_1v1 ranked_2026-09-30T13:54:17+00:00,1,0.0,0.0,sampled replay timestamps; unobserved games cannot be excluded,5,True
91de7aa859e1,TheViper,2026,1v1 ranked,viper_2026_session,2026-09-30T14:50:16+00:00,False,216,91de7aa859e10daf0c562c7edd264a1cfe33da7b2d302ee631ea09e27b1d17eb,28.100366666666666,False,0-10,clock phase,0,600,600,355.02957377813306,818,608,138.24200468063353,102.7520034790039,150.0,162,35,607,1,0.0016474464579901153,0.24615383781950584,3.118153740578566,0.015578333333333309,234,0.3848684210526316,63.20600214004516,0.39316239316239315,30,2,4.5630001544952385,0.903697232215419,TheViper_1v1 ranked_2026-09-30T13:54:17+00:00,2,0.9330555555555555,0.7256324541666667,sampled replay timestamps; unobserved games cannot be excluded,5,True
65486e44c665,TheViper,2026,1v1 ranked,viper_2026_session,2026-09-30T15:10:04+00:00,False,25,65486e44c665242edfd9deb56a9c04991c2b1c80bbc7200d45af2758457008df,32.48786666666667,False,0-10,clock phase,0,600,600,355.02957377813306,761,586,128.60900435447692,99.03400335311889,150.0,156,35,585,2,0.003418803418803419,0.23846153038766715,4.367384467512573,0.03148166666666669,246,0.4197952218430034,57.460001945495605,0.34991119005328597,27,2,4.056000137329101,0.8727601370106097,TheViper_1v1 ranked_2026-09-30T13:54:17+00:00,3,1.2630555555555556,1.002756376388889,sampled replay timestamps; unobserved games cannot be excluded,5,True
67f43712e111,TheViper,2026,1v1 ranked,viper_2026_session,2026-09-30T15:31:40+00:00,False,216,67f43712e111b3177e16c4540b8cfcca93806fb8b7d343a75bc7f378ed9f62d7,22.73115,False,0-10,clock phase,0,600,600,355.02957377813306,841,646,142.1290048122406,109.17400369644164,151.79999999999998,162,35,645,1,0.0015503875968992248,0.23846153038766715,3.0076922058570847,0.016250000000000035,264,0.4086687306501548,64.55800218582152,0.3446054750402576,29,2,3.887000131607055,0.8011504281006204,TheViper_1v1 ranked_2026-09-30T13:54:17+00:00,4,1.6230555555555555,1.3231495280555554,sampled replay timestamps; unobserved games cannot be excluded,5,True
3598af4f05ca,TheViper,2026,1v1 ranked,viper_2026_session,2026-09-30T15:48:39+00:00,False,29,3598af4f05ca18bb96d8ada9d70a6bd1df71e08d3933be4960f3640b46b976e5,14.623050000000001,False,0-10,clock phase,0,600,600,355.02957377813306,684,530,115.59600391387939,89.57000303268433,156.0,240,35,529,4,0.007561436672967864,0.35384614186553165,4.328692161130324,0.1181483333333336,226,0.42641509433962266,51.37600173950195,0.3655705996131528,32,1,3.380000114440918,0.9133196978523472,TheViper_1v1 ranked_2026-09-30T13:54:17+00:00,5,1.906111111111111,1.5473225974999998,sampled replay timestamps; unobserved games cannot be excluded,5,True
lobby_509101119,TaToH,2026,tournament,vs CNZS_Donghaidi,2026-09-25T14:14:41+00:00,False,59,56e5d28c9360d67fb2b5e3e6b4ec66942e9d41ccd266f3ff165c6ba9fb22ab4a,27.49801666666667,False,0-10,clock phase,0,600,600,355.02957377813306,709,608,119.82100405693053,102.7520034790039,190.79999999999973,276,35,607,4,0.006589785831960461,0.23846153038766715,4.330307545691019,0.0717600000000003,201,0.3305921052631579,68.78300232887268,0.38128249566724437,31,1,3.7180001258850095,0.9323977717258543,TaToH_all cached modes_2026-09-25T14:14:38+00:00,1,0.0,0.0,cached account match log across ranked and unranked modes (includes games without parsed replays),4,True
lobby_509105894,TaToH,2026,tournament,vs CNZS_Donghaidi,2026-09-25T14:38:44+00:00,False,59,e7a1406bf2458186aff677ac825cb98149347ad9d8f47948cfd884599644d91a,50.27551666666667,True,0-10,clock phase,0,600,600,355.02957377813306,565,478,95.48500323295593,80.78200273513794,146.99999999999991,186,35,477,5,0.010482180293501049,0.24615383781950584,4.777230607482044,0.14592500000000036,126,0.26359832635983266,59.48800201416015,0.36533957845433257,26,1,2.1970000743865965,1.3493443802868972,TaToH_all cached modes_2026-09-25T14:14:38+00:00,3,0.4013888888888889,0.2911111111111111,cached account match log across ranked and unranked modes (includes games without parsed replays),4,True
lobby_509112691,TaToH,2026,tournament,vs CNZS_Donghaidi,2026-09-25T15:14:23+00:00,False,59,57d1c0f64d81588815251a3a9d27b36a09fd90196fd4264c57a29186a79ae69a,11.329283333333333,False,0-10,clock phase,0,600,600,355.02957377813306,786,644,132.83400449752807,108.83600368499755,193.79999999999998,204,35,643,7,0.01088646967340591,0.23846153038763873,4.752845992923076,0.1381249999999999,361,0.5605590062111802,47.827001619338986,0.431924882629108,37,1,5.408000183105469,0.9660231563889483,TaToH_all cached modes_2026-09-25T14:14:38+00:00,4,0.9952777777777778,0.8058333333333333,cached account match log across ranked and unranked modes (includes games without parsed replays),4,True
lobby_510770026,TaToH,2026,tournament,vs Lamo,2026-10-02T15:11:53+00:00,False,59,c0ee0045b6711bd948ab99d28f92e43a534f2c02b4a15355f325acb46bde0668,13.4212,False,0-10,clock phase,0,600,600,355.02957377813306,777,618,131.31300444602965,104.44200353622436,145.79999999999998,162,35,617,0,0.0,0.24615383781950584,2.867307595225654,0.0,227,0.3673139158576052,66.07900223731994,0.3174872665534805,35,3,4.5630001544952385,0.8200224065933464,TaToH_all cached modes_2026-10-02T15:09:05+00:00,2,0.04638888888888889,0.03888888888888889,cached account match log across ranked and unranked modes (includes games without parsed replays),4,True
lobby_510771979,TaToH,2026,tournament,vs Lamo,2026-10-02T15:22:50+00:00,False,59,9567b3d08284948f11eb5b59f47ead020fd7d85581b48c76362a7a2902204015,41.03381666666667,False,0-10,clock phase,0,600,600,355.02957377813306,660,522,111.54000377655028,88.21800298690796,156.0,180,35,521,5,0.009596928982725527,0.24615383781950584,4.92307675639014,0.09884333333333357,142,0.2720306513409962,64.22000217437744,0.43610547667342797,33,4,4.056000137329101,1.076282649972624,TaToH_all cached modes_2026-10-02T15:09:05+00:00,3,0.2288888888888889,0.17777777777777778,cached account match log across ranked and unranked modes (includes games without parsed replays),4,True
lobby_510777842,TaToH,2026,tournament,vs Lamo,2026-10-02T15:51:03+00:00,False,59,e56736d23ea5b19efbfa6e129d80021d807907fd0efc589b9d8b71ffc4ad7805,24.90635,False,0-10,clock phase,0,600,600,355.02957377813306,637,521,107.65300364494324,88.04900298118591,158.39999999999986,210,35,520,2,0.0038461538461538464,0.23846153038766715,3.976615249974106,0.040949999999999986,164,0.31477927063339733,60.33300204277039,0.227765726681128,25,1,2.366000080108642,1.1937709040262168,TaToH_all cached modes_2026-10-02T15:09:05+00:00,4,0.6991666666666667,0.5991666666666666,cached account match log across ranked and unranked modes (includes games without parsed replays),4,True
lobby_510988467,TaToH,2026,tournament,vs wR.Capoch,2026-10-03T11:44:14+00:00,False,59,1e653dee0b5d60d568f0ad07b8bfcfcb2aab24977274eb0d92ee2f30dadde79e,41.177800000000005,False,0-10,clock phase,0,600,600,355.02957377813306,789,618,133.3410045146942,104.44200353622436,156.0,180,35,617,0,0.0,0.24615383781949163,3.3036921958350183,0.0,300,0.4854368932038835,53.74200181961059,0.3955094991364421,30,1,3.887000131607055,1.131850265389355,TaToH_all cached modes_2026-10-03T10:34:09+00:00,2,1.1672222222222222,0.6719444444444445,cached account match log across ranked and unranked modes (includes games without parsed replays),4,True
lobby_510992933,TaToH,2026,tournament,vs wR.Capoch,2026-10-03T12:12:25+00:00,False,59,38139fdbb0c2927bd5c427a540fe8a8382a5ca60985b7a10f0e3f878d8ec23a0,34.80146666666667,False,0-10,clock phase,0,600,600,355.02957377813306,800,570,135.2000045776367,96.33000326156616,151.19999999999993,168,35,569,0,0.0,0.23846153038766715,3.2461537362447643,0.0,227,0.39824561403508774,57.96700196266174,0.39738805970149255,37,4,5.9150002002716064,0.9976873392652712,TaToH_all cached modes_2026-10-03T10:34:09+00:00,3,1.6375,1.096111111111111,cached account match log across ranked and unranked modes (includes games without parsed replays),4,True
lobby_510997318,TaToH,2026,tournament,vs wR.Capoch,2026-10-03T12:36:49+00:00,False,59,156b3658ef6d8748c37032fffd6de8f91804abbb1a21f82d13d99f73f776ea93,27.856833333333334,False,0-10,clock phase,0,600,600,355.02957377813306,851,667,143.81900486946105,112.72300381660462,167.39999999999995,186,35,666,1,0.0015015015015015015,0.23846153038766715,3.246153736244736,0.014559999999999976,237,0.3553223388305847,72.67000246047974,0.3753993610223642,37,3,5.408000183105469,0.7929247837382973,TaToH_all cached modes_2026-10-03T10:34:09+00:00,4,2.0436111111111113,1.4541666666666666,cached account match log across ranked and unranked modes (includes games without parsed replays),4,True
lobby_511040166,TaToH,2026,tournament,vs TAG_Sora Kuma,2026-10-03T15:46:04+00:00,False,59,2ffa62dcaf7a5417587b1e6cb31118673293df86a8d86203b80c396b7d296fe9,41.24425,False,0-10,clock phase,0,600,600,355.02957377813306,555,360,93.79500317573546,60.840002059936516,109.79999999999998,126,35,359,18,0.05013927576601671,0.23846153038766715,8.277461258201091,0.38913000000000014,79,0.21944444444444444,47.4890016078949,0.3764705882352941,31,4,6.59100022315979,1.1465885040117694,TaToH_all cached modes_2026-10-03T15:46:02+00:00,1,0.0,0.0,cached account match log across ranked and unranked modes (includes games without parsed replays),4,True
lobby_511046560,TaToH,2026,tournament,vs TAG_Sora Kuma,2026-10-03T16:13:57+00:00,False,59,0391b405d9e636449f02a7239f9ad0d59719e2ddff71432c35bf2e6d7964a837,46.73195,True,0-10,clock phase,0,600,600,355.02957377813306,751,655,126.91900429725648,110.69500374794006,181.19999999999993,204,35,654,0,0.0,0.35384614186556007,3.0037691290668525,0.01637666666666679,178,0.2717557251908397,80.6130027294159,0.426517571884984,31,1,3.887000131607055,0.8347644502384206,TaToH_all cached modes_2026-10-03T15:46:02+00:00,2,0.465,0.42444444444444446,cached account match log across ranked and unranked modes (includes games without parsed replays),4,True
lobby_511053797,TaToH,2026,tournament,vs TAG_Sora Kuma,2026-10-03T16:44:58+00:00,False,59,976990f9222fe7542eafabc50bbf680590451b6a1c74cf63eff313fdfd62a59a,24.03205,False,0-10,clock phase,0,600,600,355.02957377813306,772,586,130.46800441741942,99.03400335311889,151.79999999999998,180,35,585,2,0.003418803418803419,0.24615383781952005,3.2461537362447124,0.03386499999999985,236,0.40273037542662116,59.15000200271606,0.3804347826086957,35,2,4.394000148773193,1.011783777952833,TaToH_all cached modes_2026-10-03T15:46:02+00:00,3,0.9819444444444444,0.9038888888888889,cached account match log across ranked and unranked modes (includes games without parsed replays),4,True
lobby_511057711,TaToH,2026,tournament,vs TAG_Sora Kuma,2026-10-03T17:05:18+00:00,False,59,296affe0334cf44a97503abc95e7ec7733eb9b5507943cdea45e61bba250cbb6,37.5916,False,0-10,clock phase,0,600,600,355.02957377813306,829,640,140.10100474357606,108.16000366210938,151.79999999999998,162,35,639,0,0.0,0.2461538378195165,2.959615284407974,0.0,222,0.346875,70.64200239181518,0.3643926788685524,36,3,4.9010001659393305,0.9147298963869634,TaToH_all cached modes_2026-10-03T15:46:02+00:00,4,1.3205555555555555,1.1519444444444444,cached account match log across ranked and unranked modes (includes games without parsed replays),4,True
ranked_502637707,TaToH,2026,ranked,day 2026-08-28,2026-08-28T15:26:48+00:00,False,77,98059acd65aaa311a6eda43777dfb960b15685543cbe0edef1c716ab90b206b3,42.48853333333333,False,0-10,clock phase,0,600,600,355.02957377813306,713,621,120.49700407981872,104.9490035533905,159.59999999999997,180,35,620,1,0.0016129032258064516,0.24615383781949518,3.9619229427792444,0.015903333333333346,171,0.2753623188405797,76.05000257492065,0.34318555008210183,37,1,2.5350000858306885,0.5262359886505953,TaToH_all cached modes_2026-08-28T15:08:13+00:00,2,0.30916666666666665,0.2822222222222222,cached account match log across ranked and unranked modes (includes games without parsed replays),4,True
ranked_502643690,TaToH,2026,ranked,day 2026-08-28,2026-08-28T15:54:49+00:00,False,77,4ea37bb03c3cca90712508d5cfa78a0d3e78732a8af9d410f97f21094d3fdce9,23.327333333333335,False,0-10,clock phase,0,600,600,355.02957377813306,583,433,98.52700333595276,73.17700247764587,130.7999999999999,270,35,432,10,0.023148148148148147,0.3615384492974272,5.838076725409804,0.18280166666666667,118,0.27251732101616627,53.23500180244445,0.4419753086419753,44,2,3.549000120162964,1.0404799524826527,TaToH_all cached modes_2026-08-28T15:08:13+00:00,3,0.7763888888888889,0.7197222222222223,cached account match log across ranked and unranked modes (includes games without parsed replays),4,True
ranked_502647651,TaToH,2026,ranked,day 2026-08-28,2026-08-28T16:14:42+00:00,False,77,b7f77413d3a076aadec821803ff27cd6e1e4dd53d7fbb1f6e0e2502aeb5746b5,34.399300000000004,False,0-10,clock phase,0,600,600,355.02957377813306,799,645,135.03100457191468,109.0050036907196,175.79999999999998,180,35,644,1,0.0015527950310559005,0.24615383781949163,3.2899998886063337,0.02335666666666668,177,0.2744186046511628,79.09200267791748,0.3926282051282051,39,2,4.9010001659393305,0.7662380487359525,TaToH_all cached modes_2026-08-28T15:08:13+00:00,4,1.1075,0.9608333333333333,cached account match log across ranked and unranked modes (includes games without parsed replays),4,True
ranked_503419779,TaToH,2026,ranked,day 2026-08-31,2026-08-31T16:49:19+00:00,False,77,04edd18fbe6f14d5e736d163205551cb677e91343a6aabdddc3390a29d6ebd65,26.685433333333332,False,0-10,clock phase,0,600,600,355.02957377813306,853,703,144.15700488090516,118.80700402259826,163.79999999999998,174,35,702,0,0.0,0.23846153038766715,2.9190768242420666,0.0,301,0.42816500711237554,67.93800230026245,0.28175182481751826,30,2,3.887000131607055,0.6601434863714777,TaToH_all cached modes_2026-08-31T16:49:17+00:00,1,0.0,0.0,cached account match log across ranked and unranked modes (includes games without parsed replays),1,True
ranked_503596731,TaToH,2026,ranked,day 2026-09-01,2026-09-01T13:10:20+00:00,False,77,66003e667e2b1412eadcfd96ab3a5445c3e2a3dab6c00c66aafa52bc898d56cd,23.672349999999998,False,0-10,clock phase,0,600,600,355.02957377813306,794,639,134.18600454330445,107.99100365638732,157.79999999999998,162,35,638,2,0.003134796238244514,0.23846153038765294,3.5999998781102778,0.03081000000000003,309,0.4835680751173709,55.77000188827514,0.24242424242424243,34,3,4.225000143051147,0.5810097336508537,TaToH_all cached modes_2026-09-01T13:10:18+00:00,1,0.0,0.0,cached account match log across ranked and unranked modes (includes games without parsed replays),6,True
ranked_503599836,TaToH,2026,ranked,day 2026-09-01,2026-09-01T13:29:24+00:00,False,67,68082654eec3b94b53753c4c4708d53956bfaa46b26219ef65b7f2094fd85183,27.637616666666666,False,0-10,clock phase,0,600,600,355.02957377813306,919,774,155.31100525856016,130.8060044288635,199.79999999999998,234,35,773,0,0.0,0.23846153038764584,2.8035383666155327,0.0,384,0.49612403100775193,65.9100022315979,0.2683246073298429,31,1,3.380000114440918,0.4982242235789643,TaToH_all cached modes_2026-09-01T13:10:18+00:00,2,0.3188888888888889,0.2461111111111111,cached account match log across ranked and unranked modes (includes games without parsed replays),6,True
ranked_505288489,TaToH,2026,ranked,day 2026-09-08,2026-09-08T18:59:13+00:00,False,77,9741167c46fca7c414d98390ec2d9b3a86614c057d31a2d9c5e91207b76e33f1,19.70468333333333,False,0-10,clock phase,0,600,600,355.02957377813306,756,532,127.76400432586671,89.9080030441284,163.19999999999993,186,35,531,9,0.01694915254237288,0.35384614186553165,6.568615162213476,0.18384166666666665,169,0.3176691729323308,61.34700207710266,0.35589941972920697,34,1,3.549000120162964,0.8971079400820919,TaToH_all cached modes_2026-09-08T18:52:27+00:00,2,0.11222222222222222,0.0030555555555555557,cached account match log across ranked and unranked modes (includes games without parsed replays),2,True
ranked_506421735,TaToH,2026,ranked,day 2026-09-13,2026-09-13T15:20:57+00:00,False,169,f17e847cbd7dbccd4e8c819c199078bc137d0cbd71f05427e279c21f0e64e7ca,55.23863333333334,True,0-10,clock phase,0,600,600,355.02957377813306,867,721,146.52300496101378,121.84900412559509,175.79999999999998,210,35,720,1,0.001388888888888889,0.23846153038766715,2.7615383680375776,0.017593333333333287,311,0.43134535367545074,69.29000234603882,0.3031609195402299,33,3,3.380000114440918,0.7240452194596059,TaToH_all cached modes_2026-09-13T15:20:54+00:00,1,0.0,0.0,cached account match log across ranked and unranked modes (includes games without parsed replays),1,True
ranked_506683393,TaToH,2026,ranked,day 2026-09-14,2026-09-14T18:17:12+00:00,False,77,5b718c127366a4cd1c9270831793bd245a7ecaed06a46ccb03340300eff43b94,30.74028333333333,False,0-10,clock phase,0,600,600,355.02957377813306,919,758,155.31100525856016,128.10200433731077,172.7999999999999,198,35,757,1,0.001321003963011889,0.23846153038766715,2.854615287963063,0.01555666666666666,278,0.36675461741424803,81.12000274658203,0.3168724279835391,41,2,3.887000131607055,0.671866640223859,TaToH_all cached modes_2026-09-14T18:17:10+00:00,1,0.0,0.0,cached account match log across ranked and unranked modes (includes games without parsed replays),3,True
ranked_506687982,TaToH,2026,ranked,day 2026-09-14,2026-09-14T18:39:07+00:00,False,77,f5604eb33b9473e74b81c3950b2b577a7d433000c620a0b47b5407671b1eeac4,45.4523,True,0-10,clock phase,0,600,600,355.02957377813306,733,601,123.87700419425964,101.56900343894958,168.0,180,35,600,3,0.005,0.24615383781950584,3.5696921868287186,0.06952499999999974,190,0.3161397670549085,69.45900235176086,0.3706896551724138,38,2,5.408000183105469,0.7269633202507275,TaToH_all cached modes_2026-09-14T18:17:10+00:00,2,0.36527777777777776,0.31666666666666665,cached account match log across ranked and unranked modes (includes games without parsed replays),3,True
ranked_506700185,TaToH,2026,ranked,day 2026-09-14,2026-09-14T19:34:45+00:00,False,77,98bd39daafa39a974bf3cbf80ec5f9c20e77397f28e263eaec5751fcb6e85b18,25.6516,False,0-10,clock phase,0,600,600,355.02957377813306,653,524,110.35700373649597,88.55600299835204,162.0,174,35,523,1,0.0019120458891013384,0.24615383781949163,3.9384614051120783,0.07528833333333342,173,0.3301526717557252,59.319002008438105,0.3013698630136986,35,2,4.056000137329101,0.7500564610017768,TaToH_all cached modes_2026-09-14T18:17:10+00:00,3,1.2925,0.7819444444444444,cached account match log across ranked and unranked modes (includes games without parsed replays),3,True
ranked_506837938,TaToH,2026,ranked,day 2026-09-15,2026-09-15T12:59:22+00:00,False,77,dac4f425fd18c227bb1368f3d0c7120812eb9841008fa3db6cfaa8bd5d3ec3a5,31.77698333333333,False,0-10,clock phase,0,600,600,355.02957377813306,744,602,125.73600425720214,101.73800344467163,163.79999999999998,216,35,601,2,0.0033277870216306157,0.23846153038766715,3.485999881970109,0.05009333333333345,251,0.4169435215946844,59.319002008438105,0.28061224489795916,31,2,4.225000143051147,0.6541332306457305,TaToH_all cached modes_2026-09-15T12:59:19+00:00,1,0.0,0.0,cached account match log across ranked and unranked modes (includes games without parsed replays),3,True
ranked_506842626,TaToH,2026,ranked,day 2026-09-15,2026-09-15T13:28:07+00:00,False,21,79f2c59a98b618db7eaca74804b4257fb6b374b40f1c76fcadb704dd2bdc662e,33.58965,False,0-10,clock phase,0,600,600,355.02957377813306,722,546,122.01800413131713,92.27400312423705,153.59999999999997,168,35,545,0,0.0,0.2461538378194632,3.4546152676481223,0.0,233,0.4267399267399267,52.89700179100036,0.324577861163227,35,3,6.084000205993652,0.7296727581005954,TaToH_all cached modes_2026-09-15T12:59:19+00:00,3,0.4797222222222222,0.3575,cached account match log across ranked and unranked modes (includes games without parsed replays),3,True
ranked_506874133,TaToH,2026,ranked,day 2026-09-15,2026-09-15T16:21:24+00:00,False,77,feb73ace08b377f136218014ea478d1bebc89484934c78b6567e129a009700bb,47.808683333333335,True,0-10,clock phase,0,600,600,355.02957377813306,660,513,111.54000377655028,86.69700293540954,133.79999999999998,174,35,512,4,0.0078125,0.24615383781950584,4.562076768612972,0.07247500000000012,202,0.3937621832358674,52.55900177955627,0.29653679653679654,39,2,5.9150002002716064,1.0902832214144633,TaToH_all cached modes_2026-09-15T16:21:22+00:00,1,0.0,0.0,cached account match log across ranked and unranked modes (includes games without parsed replays),5,True
ranked_506880558,TaToH,2026,ranked,day 2026-09-15,2026-09-15T16:56:13+00:00,False,162,b9976d51586bb9306d104e838b8c07a36f8b9e40dc75b11dbd8c0da93a960dac,43.0562,False,0-10,clock phase,0,600,600,355.02957377813306,747,608,126.24300427436827,102.7520034790039,150.0,186,35,607,1,0.0016474464579901153,0.2461538378194632,3.3615383477226155,0.014213333333333368,234,0.3848684210526316,63.20600214004516,0.31951640759930916,31,2,3.549000120162964,0.8509991929230253,TaToH_all cached modes_2026-09-15T16:21:22+00:00,2,0.5802777777777778,0.4897222222222222,cached account match log across ranked and unranked modes (includes games without parsed replays),5,True
ranked_506885930,TaToH,2026,ranked,day 2026-09-15,2026-09-15T17:24:21+00:00,False,162,a053ab0bf17391fc69e8d94c77d984e055dcb5558972aadaf5835b8864f681d2,51.836999999999996,True,0-10,clock phase,0,600,600,355.02957377813306,715,560,120.8350040912628,94.6400032043457,157.19999999999993,180,35,559,4,0.007155635062611807,0.2461538378194632,3.8034614096829755,0.0659966666666669,227,0.40535714285714286,56.27700190544128,0.2936802973977695,28,2,3.7180001258850095,0.6487986956880852,TaToH_all cached modes_2026-09-15T16:21:22+00:00,3,1.0494444444444444,0.9319444444444445,cached account match log across ranked and unranked modes (includes games without parsed replays),5,True
ranked_506894055,TaToH,2026,ranked,day 2026-09-15,2026-09-15T18:07:26+00:00,False,77,6b488d5f8e0bd1aa4a832c87476980fe7d74c60041ac15616ef0cd7f3fe74e0c,20.194200000000002,False,0-10,clock phase,0,600,600,355.02957377813306,671,548,113.39900383949279,92.61200313568115,145.79999999999998,162,35,547,8,0.014625228519195612,0.24615383781950584,5.646922885728119,0.1432166666666666,132,0.24087591240875914,70.30400238037109,0.33891992551210426,35,2,3.887000131607055,0.5563384195164898,TaToH_all cached modes_2026-09-15T16:21:22+00:00,4,1.7672222222222222,1.4641666666666666,cached account match log across ranked and unranked modes (includes games without parsed replays),5,True
ranked_506897408,TaToH,2026,ranked,day 2026-09-15,2026-09-15T18:23:27+00:00,False,77,f3b8732f690f7d64a32ceeedbbe3f4287922522da749c4c95c2bddcc0d94f667,23.218733333333333,False,0-10,clock phase,0,600,600,355.02957377813306,650,448,109.85000371932983,75.71200256347655,127.19999999999993,156,35,447,5,0.011185682326621925,0.36153844929739876,5.064384443913355,0.082615,88,0.19642857142857142,60.840002059936516,0.3767772511848341,79,2,9.971000337600707,0.7826639333527472,TaToH_all cached modes_2026-09-15T16:21:22+00:00,5,2.0341666666666667,1.6733333333333333,cached account match log across ranked and unranked modes (includes games without parsed replays),5,True
ranked_507064675,TaToH,2026,ranked,day 2026-09-16,2026-09-16T14:40:44+00:00,False,72,535464c9be947e08ba325fa32a1b8b32e5d0dbde25559740c8501b197dae2636,33.46405,False,0-10,clock phase,0,600,600,355.02957377813306,803,653,135.70700459480287,110.35700373649597,157.79999999999998,192,35,652,1,0.0015337423312883436,0.24615383781949163,3.4846152666323773,0.014559999999999976,260,0.3981623277182236,66.41700224876404,0.32339089481946626,32,1,3.887000131607055,0.6841325056059123,TaToH_all cached modes_2026-09-16T14:40:42+00:00,1,0.0,0.0,cached account match log across ranked and unranked modes (includes games without parsed replays),3,True
ranked_507070391,TaToH,2026,ranked,day 2026-09-16,2026-09-16T15:11:25+00:00,False,29,e7ddc9411d2b6c6b3aa43ed035b1792720f92c340baca86a9c2d6ea0105035da,30.70735,False,0-10,clock phase,0,600,600,355.02957377813306,810,670,136.89000463485718,113.23000383377074,151.79999999999998,192,35,669,1,0.0014947683109118087,0.23846153038766715,3.0046922059586882,0.015903333333333346,274,0.408955223880597,66.92400226593017,0.30804248861911987,31,1,2.8730000972747805,0.6309453075511128,TaToH_all cached modes_2026-09-16T14:40:42+00:00,2,0.5111111111111111,0.3463888888888889,cached account match log across ranked and unranked modes (includes games without parsed replays),3,True
ranked_507075120,TaToH,2026,ranked,day 2026-09-16,2026-09-16T15:34:43+00:00,False,21,ae6ccb4b6bf4453cece31190954ac325f7cb467665153c2e42bf383ece64db5d,36.01936666666666,False,0-10,clock phase,0,600,600,355.02957377813306,806,631,136.214004611969,106.63900361061096,164.99999999999991,186,35,630,0,0.0,0.23846153038766715,3.246153736244736,0.0,239,0.3787638668779715,66.24800224304198,0.34951456310679613,39,3,7.2670002460479735,0.7995091595348369,TaToH_all cached modes_2026-09-16T14:40:42+00:00,3,0.8994444444444445,0.6647222222222222,cached account match log across ranked and unranked modes (includes games without parsed replays),3,True
ranked_507093584,TaToH,2026,ranked,day 2026-09-16,2026-09-16T17:15:12+00:00,False,71,eb8957a8d326f76af1dd94f78329cdfca9bc45d7c25b0903bcd67624bdfc7f1a,13.46865,False,0-10,clock phase,0,600,600,355.02957377813306,930,723,157.17000532150269,122.18700413703918,204.0,234,35,722,1,0.0013850415512465374,0.23846153038766715,2.81569221235785,0.014906666666666582,296,0.4094052558782849,72.16300244331359,0.3609129814550642,34,2,3.7180001258850095,0.7874009744993196,TaToH_all cached modes_2026-09-16T17:15:11+00:00,1,0.0,0.0,cached account match log across ranked and unranked modes (includes games without parsed replays),1,True
ranked_508468284,TaToH,2026,ranked,day 2026-09-22,2026-09-22T17:39:26+00:00,False,9,60b78bb893f923dbf44108e653a657b19e2ce6d7343984747668a4cbf693d9e3,46.45933333333333,True,0-10,clock phase,0,600,600,355.02957377813306,766,606,129.45400438308715,102.41400346755981,168.0,192,35,605,1,0.001652892561983471,0.23846153038765294,3.5156152655827686,0.01997666666666668,255,0.4207920792079208,59.319002008438105,0.3147208121827411,29,2,4.394000148773193,0.6553052432004361,TaToH_all cached modes_2026-09-22T17:39:23+00:00,1,0.0,0.0,cached account match log across ranked and unranked modes (includes games without parsed replays),1,True
ranked_508883926,TaToH,2026,ranked,day 2026-09-24,2026-09-24T15:21:14+00:00,False,216,868e5849fda053db0b4c7bf442240ff6abf9f5c506168e72e3088a6ac29adca0,38.20245,False,0-10,clock phase,0,600,600,355.02957377813306,875,685,147.87500500679013,115.76500391960144,168.0,174,35,684,2,0.0029239766081871343,0.23846153038766715,3.246153736244726,0.034211666666666515,280,0.40875912408759124,68.44500231742859,0.30180180180180183,31,2,3.887000131607055,0.6713992493056637,TaToH_all cached modes_2026-09-24T15:21:09+00:00,1,0.0,0.0,cached account match log across ranked and unranked modes (includes games without parsed replays),11,True
ranked_508889323,TaToH,2026,ranked,day 2026-09-24,2026-09-24T15:47:45+00:00,False,216,b24abe7df88ce16d4e07c2856322a4dd4430d82fa5f6731fa509d3527fdc9d62,23.391333333333332,False,0-10,clock phase,0,600,600,355.02957377813306,912,746,154.12800521850585,126.07400426864625,207.59999999999997,228,35,745,1,0.0013422818791946308,0.23846153038766715,2.769230675469436,0.024028333333333363,321,0.43029490616621985,71.8250024318695,0.2743732590529248,26,3,3.7180001258850095,0.6567679734268397,TaToH_all cached modes_2026-09-24T15:21:09+00:00,2,0.44277777777777777,0.39555555555555555,cached account match log across ranked and unranked modes (includes games without parsed replays),11,True
ranked_508893295,TaToH,2026,ranked,day 2026-09-24,2026-09-24T16:07:45+00:00,False,71,76602b4455a516ec775861c7c56b604dd448ba6bd475cd9cbc63480e390123c1,38.3251,False,0-10,clock phase,0,600,600,355.02957377813306,822,684,138.91800470352172,115.59600391387939,172.7999999999999,300,35,683,0,0.0,0.23846153038766715,3.41999988420474,0.0,221,0.3230994152046784,78.24700264930725,0.3169984686064318,31,2,4.056000137329101,0.7754950958706854,TaToH_all cached modes_2026-09-24T15:21:09+00:00,3,0.7763888888888889,0.6372222222222222,cached account match log across ranked and unranked modes (includes games without parsed replays),11,True
ranked_508899243,TaToH,2026,ranked,day 2026-09-24,2026-09-24T16:37:21+00:00,False,216,eeb7956f3a6b1109dd31077d9c56325d79c62b7d6b1e9df1ffedb37755aee234,20.259849999999997,False,0-10,clock phase,0,600,600,355.02957377813306,880,659,148.72000503540036,111.37100377082825,169.79999999999998,174,35,658,4,0.0060790273556231,0.23846153038766715,3.3692306551544675,0.07004833333333342,264,0.4006069802731411,66.75500226020813,0.35340729001584786,32,2,3.380000114440918,0.7660641058515908,TaToH_all cached modes_2026-09-24T15:21:09+00:00,4,1.2694444444444444,1.056111111111111,cached account match log across ranked and unranked modes (includes games without parsed replays),11,True
ranked_508902656,TaToH,2026,ranked,day 2026-09-24,2026-09-24T16:54:12+00:00,False,71,69a9d61fc83192bd9d24914c314ee99644cfd21534021457231715574016dfa9,29.55998333333333,False,0-10,clock phase,0,600,600,355.02957377813306,886,686,149.73400506973266,115.93400392532348,175.79999999999998,186,35,685,0,0.0,0.23846153038766715,2.523076837649929,0.030899999999999976,256,0.37317784256559766,72.67000246047974,0.37727272727272726,33,1,4.5630001544952385,0.7730514697361505,TaToH_all cached modes_2026-09-24T15:21:09+00:00,5,1.5505555555555555,1.2655555555555555,cached account match log across ranked and unranked modes (includes games without parsed replays),11,True
ranked_508907620,TaToH,2026,ranked,day 2026-09-24,2026-09-24T17:16:35+00:00,False,216,051b1cc5d7be413dea6f78ddc4e423301d3cb503cca04d8020408126af6fcb9c,47.96378333333334,True,0-10,clock phase,0,600,600,355.02957377813306,782,631,132.15800447463988,106.63900361061096,153.59999999999997,162,35,630,2,0.0031746031746031746,0.23846153038766715,3.6944614133735207,0.029813333333333324,208,0.329635499207607,71.48700242042541,0.36764705882352944,30,2,3.042000102996826,0.742932671208145,TaToH_all cached modes_2026-09-24T15:21:09+00:00,6,1.9233333333333333,1.5711111111111111,cached account match log across ranked and unranked modes (includes games without parsed replays),11,True
ranked_508914728,TaToH,2026,ranked,day 2026-09-24,2026-09-24T17:51:11+00:00,False,216,61c225f6fcca291a17cd213c5f980ec4c5dbb0faa82f0922d588d3590718cac4,17.619116666666667,False,0-10,clock phase,0,600,600,355.02957377813306,895,740,151.25500512123108,125.06000423431396,224.99999999999991,252,35,739,0,0.0,0.23846153038766715,2.994153744776997,0.0,253,0.3418918918918919,82.30300278663636,0.33848314606741575,32,3,3.7180001258850095,0.6268699615141137,TaToH_all cached modes_2026-09-24T15:21:09+00:00,7,2.500277777777778,2.067222222222222,cached account match log across ranked and unranked modes (includes games without parsed replays),11,True
ranked_508917520,TaToH,2026,ranked,day 2026-09-24,2026-09-24T18:04:21+00:00,False,216,eda9e5fd1a42f00a3a9aad8dab507f621a900ce578298fd7be6036515e682b93,43.273783333333334,False,0-10,clock phase,0,600,600,355.02957377813306,884,684,149.39600505828858,115.59600391387939,169.79999999999998,174,35,683,1,0.0014641288433382138,0.23846153038766715,3.007692205857097,0.016943333333333328,289,0.42251461988304095,66.75500226020813,0.2934131736526946,28,3,3.887000131607055,0.5872124698498866,TaToH_all cached modes_2026-09-24T15:21:09+00:00,8,2.7191666666666667,2.250277777777778,cached account match log across ranked and unranked modes (includes games without parsed replays),11,True
ranked_508924320,TaToH,2026,ranked,day 2026-09-24,2026-09-24T18:36:10+00:00,False,216,e93a28d9163f7e6de088d60c9c9b8e79a1e69612976b56364a0e4d49a4182fd7,20.358,False,0-10,clock phase,0,600,600,355.02957377813306,869,689,146.8610049724579,116.44100394248962,168.0,168,35,688,0,0.0,0.23846153038764584,3.0961537413234765,0.0,307,0.4455732946298984,64.55800218582152,0.31166912850812406,30,1,4.056000137329101,0.47702296571928143,TaToH_all cached modes_2026-09-24T15:21:09+00:00,9,3.2494444444444444,2.6958333333333333,cached account match log across ranked and unranked modes (includes games without parsed replays),11,True
ranked_508927645,TaToH,2026,ranked,day 2026-09-24,2026-09-24T18:50:40+00:00,False,216,0b3ace74481a282474891656bb0abd196e13d828e4c48b2d94c5f1f13ecdab8d,25.226283333333335,False,0-10,clock phase,0,600,600,355.02957377813306,824,667,139.25600471496583,112.72300381660462,180.0,192,35,666,1,0.0015015015015015015,0.23846153038766715,3.3027691189432016,0.020995000000000093,247,0.37031484257871067,70.98000240325928,0.3390625,27,1,3.211000108718872,0.6645909155191102,TaToH_all cached modes_2026-09-24T15:21:09+00:00,10,3.491388888888889,2.906111111111111,cached account match log across ranked and unranked modes (includes games without parsed replays),11,True
ranked_508931665,TaToH,2026,ranked,day 2026-09-24,2026-09-24T19:09:34+00:00,False,216,2a4489138a6522469731b897f961d052a5471ce0a2596edb84d1dc44d4835b3b,44.00843333333333,False,0-10,clock phase,0,600,600,355.02957377813306,895,707,151.25500512123108,119.48300404548645,162.0,174,35,706,0,0.0,0.23846153038765294,2.7946152899945695,0.0,282,0.3988684582743989,71.8250024318695,0.33670520231213874,32,2,4.5630001544952385,0.6374398430287992,TaToH_all cached modes_2026-09-24T15:21:09+00:00,11,3.806388888888889,3.1663888888888887,cached account match log across ranked and unranked modes (includes games without parsed replays),11,True
ranked_510125405,TaToH,2026,ranked,day 2026-09-29,2026-09-29T16:43:52+00:00,False,216,ed07857428923d0cfb47bd2c0605f052b170613b09d38709e81e89376d630974,23.466216666666664,False,0-10,clock phase,0,600,600,355.02957377813306,941,748,159.02900538444518,126.41200428009031,186.0,186,35,747,0,0.0,0.23846153038766715,2.530769145081817,0.0,304,0.40641711229946526,75.03600254058837,0.27448275862068966,29,2,4.5630001544952385,0.6196964843766464,TaToH_all cached modes_2026-09-29T16:37:52+00:00,2,0.09944444444444445,0.06666666666666667,cached account match log across ranked and unranked modes (includes games without parsed replays),3,True
ranked_510128528,TaToH,2026,ranked,day 2026-09-29,2026-09-29T17:00:46+00:00,False,216,68f57ab362889fe365398338f9202007a37dbc75ce524df813ed6c2987c9c7f1,69.19975,True,0-10,clock phase,0,600,600,355.02957377813306,788,644,133.17200450897218,108.83600368499755,169.79999999999998,186,35,643,0,0.0,0.24615383781952005,2.844076826781425,0.0,212,0.32919254658385094,73.00800247192382,0.37042925278219396,29,3,3.7180001258850095,0.6276992596113097,TaToH_all cached modes_2026-09-29T16:37:52+00:00,3,0.3813888888888889,0.30916666666666665,cached account match log across ranked and unranked modes (includes games without parsed replays),3,True
ranked_510325757,TaToH,2026,ranked,day 2026-09-30,2026-09-30T15:21:48+00:00,False,16,9f2bd995fbd6ab0f7937ab89e2b7f3180c31e896bd14f28b2597a5c44348ec01,36.302366666666664,False,0-10,clock phase,0,600,600,355.02957377813306,421,300,71.14900240898133,50.70000171661377,121.79999999999998,162,35,299,13,0.043478260869565216,0.36153844929739876,10.091384273708094,0.4695816666666666,96,0.32,34.47600116729736,0.33797909407665505,23,1,2.1970000743865965,1.1466600006917171,TaToH_all cached modes_2026-09-30T15:21:45+00:00,1,0.0,0.0,cached account match log across ranked and unranked modes (includes games without parsed replays),3,True
ranked_510330665,TaToH,2026,ranked,day 2026-09-30,2026-09-30T15:48:41+00:00,False,29,47d27ee33bf1f94753055dacd136f9b6660fd9ceec1ecc22ea076600b91a61fd,14.623050000000001,False,0-10,clock phase,0,600,600,355.02957377813306,814,604,137.56600465774537,102.07600345611571,187.79999999999998,210,35,603,3,0.004975124378109453,0.24615383781949163,4.330769084136889,0.0861216666666669,215,0.35596026490066224,65.74100222587586,0.38879456706281834,31,3,4.225000143051147,0.7295631137735202,TaToH_all cached modes_2026-09-30T15:21:45+00:00,2,0.44805555555555554,0.37416666666666665,cached account match log across ranked and unranked modes (includes games without parsed replays),3,True
ranked_510333065,TaToH,2026,ranked,day 2026-09-30,2026-09-30T16:01:45+00:00,False,216,57dbc7f8d57aa3dd86b33ea33d285d979b940513d43c2e15cf8aa68b202b7c88,27.3832,False,0-10,clock phase,0,600,600,355.02957377813306,789,615,133.3410045146942,103.93500351905823,153.59999999999997,162,35,614,3,0.004885993485342019,0.23846153038766715,3.766538334010035,0.06328833333333338,225,0.36585365853658536,65.9100022315979,0.3756345177664975,34,3,4.225000143051147,0.7967636801520692,TaToH_all cached modes_2026-09-30T15:21:45+00:00,3,0.6661111111111111,0.5258333333333334,cached account match log across ranked and unranked modes (includes games without parsed replays),3,True
