player,context,gap_threshold_minutes,metric,sessions,median,min,max,positive_sessions,negative_sessions
DauT,1v1 ranked,15,core_cpm_last_over_first,1,0.9780876494023905,0.9780876494023905,0.9780876494023905,0,1
DauT,1v1 ranked,15,burst_p95_10s_core_cpm_last_over_first,1,0.9012345679012344,0.9012345679012344,0.9012345679012344,0,1
DauT,1v1 ranked,15,p_core_gap_gt5s_last_minus_first,1,-0.003902399283066519,-0.003902399283066519,-0.003902399283066519,0,1
DauT,1v1 ranked,15,approx_dedup_core_cpm_last_over_first,1,1.0769230769230769,1.0769230769230769,1.0769230769230769,1,0
DauT,1v1 ranked,15,core_cpm_slope_per_hour,1,-0.8822517368317235,-0.8822517368317235,-0.8822517368317235,0,1
DauT,1v1 ranked,15,p_core_gap_gt5s_slope_per_hour,1,-0.001372818019015206,-0.001372818019015206,-0.001372818019015206,0,1
TaToH,ranked,15,core_cpm_last_over_first,5,1.032116788321168,0.8732943469785573,2.05,3,2
TaToH,ranked,15,burst_p95_10s_core_cpm_last_over_first,5,1.045627376425855,0.95067264573991,1.2610837438423643,3,2
TaToH,ranked,15,p_core_gap_gt5s_last_minus_first,5,-0.0015337423312883436,-0.038592267384223194,0.0033731823266219246,1,4
TaToH,ranked,15,approx_dedup_core_cpm_last_over_first,5,1.0493827160493827,0.9974554707379134,1.911764705882353,4,1
TaToH,ranked,15,core_cpm_slope_per_hour,5,-0.25990537213292636,-5.286567254482489,85.09332710691005,2,3
TaToH,ranked,15,p_core_gap_gt5s_slope_per_hour,5,-0.0005417648133626169,-0.06210598846706714,0.0039221691773401865,2,3
TaToH,tournament,15,core_cpm_last_over_first,4,1.0692492761028785,0.8430420711974109,1.777777777777778,3,1
TaToH,tournament,15,burst_p95_10s_core_cpm_last_over_first,4,1.079748338081671,1.015723270440253,1.3825136612021858,4,0
TaToH,tournament,15,p_core_gap_gt5s_last_minus_first,4,0.002673827673827674,-0.05013927576601671,0.004296683841445449,3,1
TaToH,tournament,15,approx_dedup_core_cpm_last_over_first,4,1.1326223680612526,0.6953316953316953,1.487544483985765,2,2
TaToH,tournament,15,core_cpm_slope_per_hour,4,8.994512661130344,-20.19045081976383,29.2382095979761,3,1
TaToH,tournament,15,p_core_gap_gt5s_slope_per_hour,4,0.0019785962215913356,-0.03337988330219187,0.004040734766019521,3,1
TheViper,1v1 ranked,15,core_cpm_last_over_first,1,0.852090032154341,0.852090032154341,0.852090032154341,0,1
TheViper,1v1 ranked,15,burst_p95_10s_core_cpm_last_over_first,1,0.9629629629629629,0.9629629629629629,0.9629629629629629,0,1
TheViper,1v1 ranked,15,p_core_gap_gt5s_last_minus_first,1,0.002730518798571729,0.002730518798571729,0.002730518798571729,1,0
TheViper,1v1 ranked,15,approx_dedup_core_cpm_last_over_first,1,0.7896103896103895,0.7896103896103895,0.7896103896103895,0,1
TheViper,1v1 ranked,15,core_cpm_slope_per_hour,1,-4.642695824123215,-4.642695824123215,-4.642695824123215,0,1
TheViper,1v1 ranked,15,p_core_gap_gt5s_slope_per_hour,1,0.0004675781275268396,0.0004675781275268396,0.0004675781275268396,1,0
DauT,1v1 ranked,30,core_cpm_last_over_first,1,0.9780876494023905,0.9780876494023905,0.9780876494023905,0,1
DauT,1v1 ranked,30,burst_p95_10s_core_cpm_last_over_first,1,0.9012345679012344,0.9012345679012344,0.9012345679012344,0,1
DauT,1v1 ranked,30,p_core_gap_gt5s_last_minus_first,1,-0.003902399283066519,-0.003902399283066519,-0.003902399283066519,0,1
DauT,1v1 ranked,30,approx_dedup_core_cpm_last_over_first,1,1.0769230769230769,1.0769230769230769,1.0769230769230769,1,0
DauT,1v1 ranked,30,core_cpm_slope_per_hour,1,-0.8822517368317235,-0.8822517368317235,-0.8822517368317235,0,1
DauT,1v1 ranked,30,p_core_gap_gt5s_slope_per_hour,1,-0.001372818019015206,-0.001372818019015206,-0.001372818019015206,0,1
TaToH,ranked,30,core_cpm_last_over_first,6,0.9992130649109667,0.6912928759894459,2.05,3,3
TaToH,ranked,30,burst_p95_10s_core_cpm_last_over_first,6,1.0049565453557847,0.9375000000000006,1.2610837438423643,3,3
TaToH,ranked,30,p_core_gap_gt5s_last_minus_first,6,-0.0007969252630194473,-0.038592267384223194,0.0033731823266219246,2,4
TaToH,ranked,30,approx_dedup_core_cpm_last_over_first,6,1.0446913580246915,0.73125,1.911764705882353,4,2
TaToH,ranked,30,core_cpm_slope_per_hour,6,-1.946120007645651,-27.356825986582894,85.09332710691005,2,4
TaToH,ranked,30,p_core_gap_gt5s_slope_per_hour,6,-0.00041268428989875926,-0.06210598846706714,0.0039221691773401865,2,4
TaToH,tournament,30,core_cpm_last_over_first,4,1.0692492761028785,0.8430420711974109,1.777777777777778,3,1
TaToH,tournament,30,burst_p95_10s_core_cpm_last_over_first,4,1.079748338081671,1.015723270440253,1.3825136612021858,4,0
TaToH,tournament,30,p_core_gap_gt5s_last_minus_first,4,0.002673827673827674,-0.05013927576601671,0.004296683841445449,3,1
TaToH,tournament,30,approx_dedup_core_cpm_last_over_first,4,1.1326223680612526,0.6953316953316953,1.487544483985765,2,2
TaToH,tournament,30,core_cpm_slope_per_hour,4,8.994512661130344,-20.19045081976383,29.2382095979761,3,1
TaToH,tournament,30,p_core_gap_gt5s_slope_per_hour,4,0.0019785962215913356,-0.03337988330219187,0.004040734766019521,3,1
TheViper,1v1 ranked,30,core_cpm_last_over_first,1,0.852090032154341,0.852090032154341,0.852090032154341,0,1
TheViper,1v1 ranked,30,burst_p95_10s_core_cpm_last_over_first,1,0.9629629629629629,0.9629629629629629,0.9629629629629629,0,1
TheViper,1v1 ranked,30,p_core_gap_gt5s_last_minus_first,1,0.002730518798571729,0.002730518798571729,0.002730518798571729,1,0
TheViper,1v1 ranked,30,approx_dedup_core_cpm_last_over_first,1,0.7896103896103895,0.7896103896103895,0.7896103896103895,0,1
TheViper,1v1 ranked,30,core_cpm_slope_per_hour,1,-4.642695824123215,-4.642695824123215,-4.642695824123215,0,1
TheViper,1v1 ranked,30,p_core_gap_gt5s_slope_per_hour,1,0.0004675781275268396,0.0004675781275268396,0.0004675781275268396,1,0
DauT,1v1 ranked,60,core_cpm_last_over_first,1,0.9780876494023905,0.9780876494023905,0.9780876494023905,0,1
DauT,1v1 ranked,60,burst_p95_10s_core_cpm_last_over_first,1,0.9012345679012344,0.9012345679012344,0.9012345679012344,0,1
DauT,1v1 ranked,60,p_core_gap_gt5s_last_minus_first,1,-0.003902399283066519,-0.003902399283066519,-0.003902399283066519,0,1
DauT,1v1 ranked,60,approx_dedup_core_cpm_last_over_first,1,1.0769230769230769,1.0769230769230769,1.0769230769230769,1,0
DauT,1v1 ranked,60,core_cpm_slope_per_hour,1,-0.8822517368317235,-0.8822517368317235,-0.8822517368317235,0,1
DauT,1v1 ranked,60,p_core_gap_gt5s_slope_per_hour,1,-0.001372818019015206,-0.001372818019015206,-0.001372818019015206,0,1
TaToH,ranked,60,core_cpm_last_over_first,6,0.9992130649109667,0.6912928759894459,2.05,3,3
TaToH,ranked,60,burst_p95_10s_core_cpm_last_over_first,6,1.0049565453557847,0.9375000000000006,1.2610837438423643,3,3
TaToH,ranked,60,p_core_gap_gt5s_last_minus_first,6,-0.0007969252630194473,-0.038592267384223194,0.0033731823266219246,2,4
TaToH,ranked,60,approx_dedup_core_cpm_last_over_first,6,1.0446913580246915,0.73125,1.911764705882353,4,2
TaToH,ranked,60,core_cpm_slope_per_hour,6,-1.946120007645651,-27.356825986582894,85.09332710691005,2,4
TaToH,ranked,60,p_core_gap_gt5s_slope_per_hour,6,-0.00041268428989875926,-0.06210598846706714,0.0039221691773401865,2,4
TaToH,tournament,60,core_cpm_last_over_first,4,1.0692492761028785,0.8430420711974109,1.777777777777778,3,1
TaToH,tournament,60,burst_p95_10s_core_cpm_last_over_first,4,1.079748338081671,1.015723270440253,1.3825136612021858,4,0
TaToH,tournament,60,p_core_gap_gt5s_last_minus_first,4,0.002673827673827674,-0.05013927576601671,0.004296683841445449,3,1
TaToH,tournament,60,approx_dedup_core_cpm_last_over_first,4,1.1326223680612526,0.6953316953316953,1.487544483985765,2,2
TaToH,tournament,60,core_cpm_slope_per_hour,4,8.994512661130344,-20.19045081976383,29.2382095979761,3,1
TaToH,tournament,60,p_core_gap_gt5s_slope_per_hour,4,0.0019785962215913356,-0.03337988330219187,0.004040734766019521,3,1
TheViper,1v1 ranked,60,core_cpm_last_over_first,1,0.852090032154341,0.852090032154341,0.852090032154341,0,1
TheViper,1v1 ranked,60,burst_p95_10s_core_cpm_last_over_first,1,0.9629629629629629,0.9629629629629629,0.9629629629629629,0,1
TheViper,1v1 ranked,60,p_core_gap_gt5s_last_minus_first,1,0.002730518798571729,0.002730518798571729,0.002730518798571729,1,0
TheViper,1v1 ranked,60,approx_dedup_core_cpm_last_over_first,1,0.7896103896103895,0.7896103896103895,0.7896103896103895,0,1
TheViper,1v1 ranked,60,core_cpm_slope_per_hour,1,-4.642695824123215,-4.642695824123215,-4.642695824123215,0,1
TheViper,1v1 ranked,60,p_core_gap_gt5s_slope_per_hour,1,0.0004675781275268396,0.0004675781275268396,0.0004675781275268396,1,0
