player,year,context,metric,weighted_median,game_median,min,max,n,clusters
DauT,2021,1v1 tournament,obj_counter_late_over_open,11.941125968630494,11.941125968630494,4.110738617821221,12.878308853029157,4,2
DauT,2021,1v1 tournament,core_cpm_late_over_open,0.5874350973054862,0.5874350973054862,0.5667870036101084,0.7927565392354127,4,2
DauT,2021,1v1 tournament,counter_normalized_core_late_over_open,0.049339713412233144,0.049339713412233144,0.04401098079557178,0.19285014517794627,4,2
DauT,2026,1v1 ranked,obj_counter_late_over_open,11.333703983615184,11.333703983615184,11.333703983615184,11.333703983615184,1,1
DauT,2026,1v1 ranked,core_cpm_late_over_open,0.6680244399185337,0.6680244399185337,0.6680244399185337,0.6680244399185337,1,1
DauT,2026,1v1 ranked,counter_normalized_core_late_over_open,0.0589414052885339,0.0589414052885339,0.0589414052885339,0.0589414052885339,1,1
TaToH,2021,tournament,obj_counter_late_over_open,11.137030231462811,11.137030231462811,11.137030231462811,11.137030231462811,1,1
TaToH,2021,tournament,core_cpm_late_over_open,0.5943238731218699,0.5943238731218699,0.5943238731218699,0.5943238731218699,1,1
TaToH,2021,tournament,counter_normalized_core_late_over_open,0.05336466371823859,0.05336466371823859,0.05336466371823859,0.05336466371823859,1,1
TaToH,2026,ranked,obj_counter_late_over_open,10.284807361621843,10.284807361621843,3.8045103600607177,16.352417744159744,7,6
TaToH,2026,ranked,core_cpm_late_over_open,0.7353407290015848,0.7353407290015848,0.6712898751733702,0.8732943469785573,7,6
TaToH,2026,ranked,counter_normalized_core_late_over_open,0.07307361354958462,0.07307361354958462,0.042786943065137036,0.2295418501540419,7,6
TaToH,2026,tournament,obj_counter_late_over_open,4.196715411909352,4.196715411909352,3.143147045566758,5.250283778251947,2,2
TaToH,2026,tournament,core_cpm_late_over_open,0.7987288000255517,0.7987288000255517,0.6351145038167938,0.9623430962343097,2,2
TaToH,2026,tournament,counter_normalized_core_late_over_open,0.21356974339044485,0.21356974339044485,0.12096765253863127,0.3061718342422584,2,2
TheViper,2021,1v1 tournament,obj_counter_late_over_open,9.666641536079734,9.739205159011135,9.594077913148334,11.439434805544524,3,2
TheViper,2021,1v1 tournament,core_cpm_late_over_open,0.562278286059246,0.7250437828371278,0.39951278928136424,0.8840336134453781,3,2
TheViper,2021,1v1 tournament,counter_normalized_core_late_over_open,0.05804374612207945,0.07444588865306793,0.041641603591090974,0.07727948351232355,3,2
TheViper,2026,1v1 ranked,obj_counter_late_over_open,11.015976876983808,11.015976876983808,11.015976876983808,11.015976876983808,1,1
TheViper,2026,1v1 ranked,core_cpm_late_over_open,0.7877813504823152,0.7877813504823152,0.7877813504823152,0.7877813504823152,1,1
TheViper,2026,1v1 ranked,counter_normalized_core_late_over_open,,,,,0,0
