game_id,player,year,context,cluster,partial,sha256,window,sync_segments,counter_time_coverage,time_weighted_obj_count_field,core_cpm,core_cpm_per100_obj_count_field,counter_semantics_validated,independent_workload_measured,useful_output_measured
23d4576b7264,DauT,2026,1v1 ranked,daut_2026_session,False,23d4576b72642f81456c2009ab81b2d571f3719388e167d2fdcbd8b0604d2081,0-10,91,0.984065,33.83420641251679,82.97900280952453,245.2518075873264,False,False,False
23d4576b7264,DauT,2026,1v1 ranked,daut_2026_session,False,23d4576b72642f81456c2009ab81b2d571f3719388e167d2fdcbd8b0604d2081,10-20,94,1.0,92.37211166666667,54.92500185966492,59.460589206693555,False,False,False
23d4576b7264,DauT,2026,1v1 ranked,daut_2026_session,False,23d4576b72642f81456c2009ab81b2d571f3719388e167d2fdcbd8b0604d2081,20-30,90,1.0,186.7956100000001,78.92300267219542,42.25099437411585,False,False,False
23d4576b7264,DauT,2026,1v1 ranked,daut_2026_session,False,23d4576b72642f81456c2009ab81b2d571f3719388e167d2fdcbd8b0604d2081,30-40,66,1.0,307.5269333333333,76.38800258636475,24.839451217616304,False,False,False
23d4576b7264,DauT,2026,1v1 ranked,daut_2026_session,False,23d4576b72642f81456c2009ab81b2d571f3719388e167d2fdcbd8b0604d2081,40+,34,1.0,386.3375911344414,54.303668425758794,14.05601465451538,False,False,False
23d4576b7264,DauT,2026,1v1 ranked,daut_2026_session,False,23d4576b72642f81456c2009ab81b2d571f3719388e167d2fdcbd8b0604d2081,40-45,27,1.0,383.46687999999995,55.43200187683105,14.455486188750138,False,False,False
9621aabf243e,DauT,2021,1v1 tournament,hc4_daut,False,9621aabf243e3afa246da60f2cbf2956493ca2b316e61f9d3a12e56772fe8e29,0-10,42,0.9710416666666667,33.76206822570264,109.68100371360778,324.8645876205801,False,False,False
9621aabf243e,DauT,2021,1v1 tournament,hc4_daut,False,9621aabf243e3afa246da60f2cbf2956493ca2b316e61f9d3a12e56772fe8e29,10-20,44,1.0,138.92430833333336,78.24700264930725,56.32347829406666,False,False,False
9621aabf243e,DauT,2021,1v1 tournament,hc4_daut,False,9621aabf243e3afa246da60f2cbf2956493ca2b316e61f9d3a12e56772fe8e29,20-30,44,1.0,264.87916666666666,81.28900275230407,30.68908883068219,False,False,False
9621aabf243e,DauT,2021,1v1 tournament,hc4_daut,False,9621aabf243e3afa246da60f2cbf2956493ca2b316e61f9d3a12e56772fe8e29,30-40,44,1.0,278.83470833333337,67.7690022945404,24.304363936474452,False,False,False
9621aabf243e,DauT,2021,1v1 tournament,hc4_daut,False,9621aabf243e3afa246da60f2cbf2956493ca2b316e61f9d3a12e56772fe8e29,40+,28,1.0,386.7847074012595,59.846654464845884,15.472859531325671,False,False,False
9621aabf243e,DauT,2021,1v1 tournament,hc4_daut,False,9621aabf243e3afa246da60f2cbf2956493ca2b316e61f9d3a12e56772fe8e29,40-45,22,1.0,375.8589666666666,62.86800212860107,16.726487247637234,False,False,False
11508bc32ada,DauT,2021,1v1 tournament,hc4_daut,False,11508bc32ada10b533bf9dbfec70ef70b57a7a5f6ff1389af0c40ca4ad8506af,0-10,42,0.9710283333333333,30.961252417969273,100.55500340461731,324.77692454797875,False,False,False
11508bc32ada,DauT,2021,1v1 tournament,hc4_daut,False,11508bc32ada10b533bf9dbfec70ef70b57a7a5f6ff1389af0c40ca4ad8506af,10-20,44,1.0,108.24046333333332,77.74000263214111,71.82157230123441,False,False,False
11508bc32ada,DauT,2021,1v1 tournament,hc4_daut,False,11508bc32ada10b533bf9dbfec70ef70b57a7a5f6ff1389af0c40ca4ad8506af,20-30,44,1.0,189.84365,66.24800224304198,34.896085406618546,False,False,False
11508bc32ada,DauT,2021,1v1 tournament,hc4_daut,False,11508bc32ada10b533bf9dbfec70ef70b57a7a5f6ff1389af0c40ca4ad8506af,30-40,44,1.0,330.7429216666667,57.96700196266174,17.52630159719117,False,False,False
11508bc32ada,DauT,2021,1v1 tournament,hc4_daut,False,11508bc32ada10b533bf9dbfec70ef70b57a7a5f6ff1389af0c40ca4ad8506af,40+,40,1.0,443.3510338018139,52.29279176911136,11.794895643005809,False,False,False
11508bc32ada,DauT,2021,1v1 tournament,hc4_daut,False,11508bc32ada10b533bf9dbfec70ef70b57a7a5f6ff1389af0c40ca4ad8506af,40-45,22,1.0,394.7457733333333,60.50200204849243,15.326827070901405,False,False,False
0b3bc1441529,DauT,2021,1v1 tournament,hc4_daut_ro8,False,0b3bc1441529dcc77b8014dcf995ff985c835035ef6a1b8369813d57af45b389,0-10,42,0.9711200000000001,29.742702583958042,93.62600317001342,314.7864687337167,False,False,False
0b3bc1441529,DauT,2021,1v1 tournament,hc4_daut_ro8,False,0b3bc1441529dcc77b8014dcf995ff985c835035ef6a1b8369813d57af45b389,10-20,44,1.0,72.55222166666668,86.35900292396545,119.03012883703622,False,False,False
0b3bc1441529,DauT,2021,1v1 tournament,hc4_daut_ro8,False,0b3bc1441529dcc77b8014dcf995ff985c835035ef6a1b8369813d57af45b389,20-30,44,1.0,143.80172000000002,67.7690022945404,47.1266979939742,False,False,False
0b3bc1441529,DauT,2021,1v1 tournament,hc4_daut_ro8,False,0b3bc1441529dcc77b8014dcf995ff985c835035ef6a1b8369813d57af45b389,30-40,44,1.0,251.62013000000002,68.27600231170653,27.134554898968748,False,False,False
0b3bc1441529,DauT,2021,1v1 tournament,hc4_daut_ro8,False,0b3bc1441529dcc77b8014dcf995ff985c835035ef6a1b8369813d57af45b389,40+,204,1.0,435.2613387523707,61.0663311479976,14.02980823498765,False,False,False
0b3bc1441529,DauT,2021,1v1 tournament,hc4_daut_ro8,False,0b3bc1441529dcc77b8014dcf995ff985c835035ef6a1b8369813d57af45b389,40-45,22,1.0,383.03571000000005,53.06600179672241,13.854061230145462,False,False,False
5e152714b185,DauT,2021,1v1 tournament,hc4_daut_ro8,False,5e152714b185c8d0cf7c14fd1c5c2f7e828a1bcbc85c35ab147a8a64e84907e6,0-10,42,0.9713249999999999,88.22296519359294,83.9930028438568,95.20537272754991,False,False,False
5e152714b185,DauT,2021,1v1 tournament,hc4_daut_ro8,False,5e152714b185c8d0cf7c14fd1c5c2f7e828a1bcbc85c35ab147a8a64e84907e6,10-20,44,1.0,125.89168333333335,69.966002368927,55.57634985598889,False,False,False
5e152714b185,DauT,2021,1v1 tournament,hc4_daut_ro8,False,5e152714b185c8d0cf7c14fd1c5c2f7e828a1bcbc85c35ab147a8a64e84907e6,20-30,44,1.0,192.66824666666668,72.83900246620178,37.80540059214831,False,False,False
5e152714b185,DauT,2021,1v1 tournament,hc4_daut_ro8,False,5e152714b185c8d0cf7c14fd1c5c2f7e828a1bcbc85c35ab147a8a64e84907e6,30-40,44,1.0,290.71702999999997,71.14900240898133,24.47362729626859,False,False,False
5e152714b185,DauT,2021,1v1 tournament,hc4_daut_ro8,False,5e152714b185c8d0cf7c14fd1c5c2f7e828a1bcbc85c35ab147a8a64e84907e6,40+,34,1.0,385.3240967286755,64.97728287111167,16.863020875869378,False,False,False
5e152714b185,DauT,2021,1v1 tournament,hc4_daut_ro8,False,5e152714b185c8d0cf7c14fd1c5c2f7e828a1bcbc85c35ab147a8a64e84907e6,40-45,22,1.0,362.66155,66.58600225448609,18.36036995222849,False,False,False
c0b3c47feff8,TheViper,2021,1v1 tournament,hc4_viper,False,c0b3c47feff80233dae0aa01c297e3ca52781b2896c6d4021812a4cf741052e9,0-10,53,0.9756433333333333,34.523372612259266,138.74900469779965,401.89875495689495,False,False,False
c0b3c47feff8,TheViper,2021,1v1 tournament,hc4_viper,False,c0b3c47feff80233dae0aa01c297e3ca52781b2896c6d4021812a4cf741052e9,10-20,54,1.0,71.99543166666666,101.73800344467163,141.3117486616523,False,False,False
c0b3c47feff8,TheViper,2021,1v1 tournament,hc4_viper,False,c0b3c47feff80233dae0aa01c297e3ca52781b2896c6d4021812a4cf741052e9,20-30,55,1.0,115.026575,84.83800287246703,73.75513256172934,False,False,False
c0b3c47feff8,TheViper,2021,1v1 tournament,hc4_viper,False,c0b3c47feff80233dae0aa01c297e3ca52781b2896c6d4021812a4cf741052e9,30-40,59,1.0,227.8227433333333,85.34500288963318,37.46114265894986,False,False,False
c0b3c47feff8,TheViper,2021,1v1 tournament,hc4_viper,False,c0b3c47feff80233dae0aa01c297e3ca52781b2896c6d4021812a4cf741052e9,40+,55,1.0,353.2488300825331,57.55935611930567,16.294280749877498,False,False,False
c0b3c47feff8,TheViper,2021,1v1 tournament,hc4_viper,False,c0b3c47feff80233dae0aa01c297e3ca52781b2896c6d4021812a4cf741052e9,40-45,33,1.0,331.2199266666667,55.43200187683105,16.73570863766803,False,False,False
679124a7c6b9,TheViper,2021,1v1 tournament,hc4_viper_ro8,False,679124a7c6b92c0cc3b211707b67e76d93f24b95c4dca568c5c439870ec8b97b,0-10,51,0.9749366666666667,32.80437361743157,100.55500340461731,306.5292591082563,False,False,False
679124a7c6b9,TheViper,2021,1v1 tournament,hc4_viper_ro8,False,679124a7c6b92c0cc3b211707b67e76d93f24b95c4dca568c5c439870ec8b97b,10-20,53,1.0,115.00720500000001,89.57000303268433,77.88207967725528,False,False,False
679124a7c6b9,TheViper,2021,1v1 tournament,hc4_viper_ro8,False,679124a7c6b92c0cc3b211707b67e76d93f24b95c4dca568c5c439870ec8b97b,20-30,53,1.0,165.10687166666668,81.96500277519226,49.643604743884275,False,False,False
679124a7c6b9,TheViper,2021,1v1 tournament,hc4_viper_ro8,False,679124a7c6b92c0cc3b211707b67e76d93f24b95c4dca568c5c439870ec8b97b,30-40,83,1.0,302.64104833333334,72.67000246047974,24.011945127958953,False,False,False
679124a7c6b9,TheViper,2021,1v1 tournament,hc4_viper_ro8,False,679124a7c6b92c0cc3b211707b67e76d93f24b95c4dca568c5c439870ec8b97b,40+,91,1.0,408.88731226389007,95.50662198733515,23.35768783299799,False,False,False
679124a7c6b9,TheViper,2021,1v1 tournament,hc4_viper_ro8,False,679124a7c6b92c0cc3b211707b67e76d93f24b95c4dca568c5c439870ec8b97b,40-45,47,1.0,375.26349333333326,88.89400300979614,23.68842282530125,False,False,False
d777b0479240,TheViper,2021,1v1 tournament,hc4_viper_ro8,False,d777b0479240a629bad2516391c0328746cccd04633ed26300abc814bc7c5d2e,0-10,72,0.9755716666666668,33.354515215864886,96.4990032672882,289.31316387830157,False,False,False
d777b0479240,TheViper,2021,1v1 tournament,hc4_viper_ro8,False,d777b0479240a629bad2516391c0328746cccd04633ed26300abc814bc7c5d2e,10-20,93,1.0,101.69079500000002,83.14800281524657,81.76551556632687,False,False,False
d777b0479240,TheViper,2021,1v1 tournament,hc4_viper_ro8,False,d777b0479240a629bad2516391c0328746cccd04633ed26300abc814bc7c5d2e,20-30,93,1.0,170.48514333333335,80.44400272369384,47.18534480532966,False,False,False
d777b0479240,TheViper,2021,1v1 tournament,hc4_viper_ro8,False,d777b0479240a629bad2516391c0328746cccd04633ed26300abc814bc7c5d2e,30-40,93,1.0,261.31471833333336,67.7690022945404,25.933863475724387,False,False,False
d777b0479240,TheViper,2021,1v1 tournament,hc4_viper_ro8,False,d777b0479240a629bad2516391c0328746cccd04633ed26300abc814bc7c5d2e,40+,91,1.0,345.5761095780203,82.09658920477715,23.75644233770225,False,False,False
d777b0479240,TheViper,2021,1v1 tournament,hc4_viper_ro8,False,d777b0479240a629bad2516391c0328746cccd04633ed26300abc814bc7c5d2e,40-45,47,1.0,324.8464666666667,69.966002368927,21.538175583950835,False,False,False
bdaf8d46c8e5,TheViper,2026,1v1 ranked,viper_2026_session,False,bdaf8d46c8e5896036fe088ea54ea15b5d3f7ba15a57ab8443ffc302ff4b022a,0-10,84,0.9133333333333333,31.773357664233576,105.11800355911254,,False,False,False
bdaf8d46c8e5,TheViper,2026,1v1 ranked,viper_2026_session,False,bdaf8d46c8e5896036fe088ea54ea15b5d3f7ba15a57ab8443ffc302ff4b022a,10-20,93,1.0,78.88162666666668,140.77700476646422,178.4661532923901,False,False,False
bdaf8d46c8e5,TheViper,2026,1v1 ranked,viper_2026_session,False,bdaf8d46c8e5896036fe088ea54ea15b5d3f7ba15a57ab8443ffc302ff4b022a,20-30,93,1.0,145.20979999999997,118.13100399971009,81.3519500747953,False,False,False
bdaf8d46c8e5,TheViper,2026,1v1 ranked,viper_2026_session,False,bdaf8d46c8e5896036fe088ea54ea15b5d3f7ba15a57ab8443ffc302ff4b022a,30-40,94,1.0,267.6788,99.03400335311889,36.997327899377495,False,False,False
bdaf8d46c8e5,TheViper,2026,1v1 ranked,viper_2026_session,False,bdaf8d46c8e5896036fe088ea54ea15b5d3f7ba15a57ab8443ffc302ff4b022a,40+,311,1.0,474.6836706129004,95.72552325650594,20.166171533330267,False,False,False
bdaf8d46c8e5,TheViper,2026,1v1 ranked,viper_2026_session,False,bdaf8d46c8e5896036fe088ea54ea15b5d3f7ba15a57ab8443ffc302ff4b022a,40-45,47,1.0,350.0145733333333,82.81000280380249,23.659015684738105,False,False,False
hc4_tatoh_vs_hera,TaToH,2021,tournament,HC4 Ro16 vs Hera,True,f43d74ec5262de1d96691791afcba47d3b1d364a42cfed669a920a144c6dc75f,0-10,42,0.9713183333333334,39.04944654258559,101.23100342750548,259.2379979498748,False,False,False
hc4_tatoh_vs_hera,TaToH,2021,tournament,HC4 Ro16 vs Hera,True,f43d74ec5262de1d96691791afcba47d3b1d364a42cfed669a920a144c6dc75f,10-20,44,1.0,93.23289000000001,80.10600271224976,85.92032566216682,False,False,False
hc4_tatoh_vs_hera,TaToH,2021,tournament,HC4 Ro16 vs Hera,True,f43d74ec5262de1d96691791afcba47d3b1d364a42cfed669a920a144c6dc75f,20-30,44,1.0,161.15948666666665,73.34600248336793,45.51143963065155,False,False,False
hc4_tatoh_vs_hera,TaToH,2021,tournament,HC4 Ro16 vs Hera,True,f43d74ec5262de1d96691791afcba47d3b1d364a42cfed669a920a144c6dc75f,30-40,44,1.0,302.285675,76.72600259780883,25.38195122802588,False,False,False
hc4_tatoh_vs_hera,TaToH,2021,tournament,HC4 Ro16 vs Hera,True,f43d74ec5262de1d96691791afcba47d3b1d364a42cfed669a920a144c6dc75f,40+,127,1.0,500.9933537895962,69.66500935921466,13.90537595603955,False,False,False
hc4_tatoh_vs_hera,TaToH,2021,tournament,HC4 Ro16 vs Hera,True,f43d74ec5262de1d96691791afcba47d3b1d364a42cfed669a920a144c6dc75f,40-45,22,1.0,434.8948666666667,60.16400203704834,13.834148583584494,False,False,False
lobby_509105894,TaToH,2026,tournament,vs CNZS_Donghaidi,False,e7a1406bf2458186aff677ac825cb98149347ad9d8f47948cfd884599644d91a,0-10,91,0.9852233333333333,168.8352116440604,80.78200273513794,47.84665588920109,False,False,False
lobby_509105894,TaToH,2026,tournament,vs CNZS_Donghaidi,False,e7a1406bf2458186aff677ac825cb98149347ad9d8f47948cfd884599644d91a,10-20,94,1.0,212.38649,65.06500220298767,30.635188802728305,False,False,False
lobby_509105894,TaToH,2026,tournament,vs CNZS_Donghaidi,False,e7a1406bf2458186aff677ac825cb98149347ad9d8f47948cfd884599644d91a,20-30,93,1.0,338.26104000000004,81.7960027694702,24.18132539575654,False,False,False
lobby_509105894,TaToH,2026,tournament,vs CNZS_Donghaidi,False,e7a1406bf2458186aff677ac825cb98149347ad9d8f47948cfd884599644d91a,30-40,90,1.0,466.0495616666669,95.48500323295593,20.488165012211677,False,False,False
lobby_509105894,TaToH,2026,tournament,vs CNZS_Donghaidi,False,e7a1406bf2458186aff677ac825cb98149347ad9d8f47948cfd884599644d91a,40+,85,1.0,554.410668725498,65.6229798174914,11.836529042333943,False,False,False
lobby_509105894,TaToH,2026,tournament,vs CNZS_Donghaidi,False,e7a1406bf2458186aff677ac825cb98149347ad9d8f47948cfd884599644d91a,40-45,43,1.0,530.6738966666667,77.74000263214111,14.649298395954853,False,False,False
lobby_511046560,TaToH,2026,tournament,vs TAG_Sora Kuma,False,0391b405d9e636449f02a7239f9ad0d59719e2ddff71432c35bf2e6d7964a837,0-10,91,0.9852233333333333,100.19049487933361,110.69500374794006,110.48453636371171,False,False,False
lobby_511046560,TaToH,2026,tournament,vs TAG_Sora Kuma,False,0391b405d9e636449f02a7239f9ad0d59719e2ddff71432c35bf2e6d7964a837,10-20,94,1.0,157.18804,71.8250024318695,45.69368154973464,False,False,False
lobby_511046560,TaToH,2026,tournament,vs TAG_Sora Kuma,False,0391b405d9e636449f02a7239f9ad0d59719e2ddff71432c35bf2e6d7964a837,20-30,92,1.0,258.92872333333344,77.57100262641906,29.958438611137616,False,False,False
lobby_511046560,TaToH,2026,tournament,vs TAG_Sora Kuma,False,0391b405d9e636449f02a7239f9ad0d59719e2ddff71432c35bf2e6d7964a837,30-40,75,1.0,403.2550166666668,75.71200256347655,18.77521653402283,False,False,False
lobby_511046560,TaToH,2026,tournament,vs TAG_Sora Kuma,False,0391b405d9e636449f02a7239f9ad0d59719e2ddff71432c35bf2e6d7964a837,40+,38,1.0,530.2987990106878,68.03229606677776,12.829049621401579,False,False,False
lobby_511046560,TaToH,2026,tournament,vs TAG_Sora Kuma,False,0391b405d9e636449f02a7239f9ad0d59719e2ddff71432c35bf2e6d7964a837,40-45,29,1.0,526.02853,70.30400238037109,13.36505500573725,False,False,False
ranked_506421735,TaToH,2026,ranked,day 2026-09-13,False,f17e847cbd7dbccd4e8c819c199078bc137d0cbd71f05427e279c21f0e64e7ca,0-10,91,0.9855266666666668,32.8395713966813,121.84900412559509,371.0432229877059,False,False,False
ranked_506421735,TaToH,2026,ranked,day 2026-09-13,False,f17e847cbd7dbccd4e8c819c199078bc137d0cbd71f05427e279c21f0e64e7ca,10-20,94,1.0,86.56896666666667,108.16000366210938,124.94085100793554,False,False,False
ranked_506421735,TaToH,2026,ranked,day 2026-09-13,False,f17e847cbd7dbccd4e8c819c199078bc137d0cbd71f05427e279c21f0e64e7ca,20-30,93,1.0,139.623945,87.20400295257568,62.45633795304644,False,False,False
ranked_506421735,TaToH,2026,ranked,day 2026-09-13,False,f17e847cbd7dbccd4e8c819c199078bc137d0cbd71f05427e279c21f0e64e7ca,30-40,90,1.0,289.93564333333336,79.09200267791748,27.279158149930172,False,False,False
ranked_506421735,TaToH,2026,ranked,day 2026-09-13,False,f17e847cbd7dbccd4e8c819c199078bc137d0cbd71f05427e279c21f0e64e7ca,40+,117,1.0,449.75400462421163,69.86847263526839,15.534819460617463,False,False,False
ranked_506421735,TaToH,2026,ranked,day 2026-09-13,False,f17e847cbd7dbccd4e8c819c199078bc137d0cbd71f05427e279c21f0e64e7ca,40-45,41,1.0,396.9508933333334,81.7960027694702,20.60607600164368,False,False,False
ranked_506687982,TaToH,2026,ranked,day 2026-09-14,False,f5604eb33b9473e74b81c3950b2b577a7d433000c620a0b47b5407671b1eeac4,0-10,91,0.9852233333333333,36.559399391677694,101.56900343894958,277.8191248461006,False,False,False
ranked_506687982,TaToH,2026,ranked,day 2026-09-14,False,f5604eb33b9473e74b81c3950b2b577a7d433000c620a0b47b5407671b1eeac4,10-20,92,1.0,86.54368166666664,58.474001979827875,67.56588216924662,False,False,False
ranked_506687982,TaToH,2026,ranked,day 2026-09-14,False,f5604eb33b9473e74b81c3950b2b577a7d433000c620a0b47b5407671b1eeac4,20-30,75,1.0,190.11413833333333,66.92400226593017,35.20201225044617,False,False,False
ranked_506687982,TaToH,2026,ranked,day 2026-09-14,False,f5604eb33b9473e74b81c3950b2b577a7d433000c620a0b47b5407671b1eeac4,30-40,66,1.0,309.0862883333334,66.75500226020813,21.597529486075533,False,False,False
ranked_506687982,TaToH,2026,ranked,day 2026-09-14,False,f5604eb33b9473e74b81c3950b2b577a7d433000c620a0b47b5407671b1eeac4,40+,33,1.0,378.3891201878105,79.04004082519619,20.888560639895058,False,False,False
ranked_506687982,TaToH,2026,ranked,day 2026-09-14,False,f5604eb33b9473e74b81c3950b2b577a7d433000c620a0b47b5407671b1eeac4,40-45,31,1.0,376.00637999999987,79.76800270080565,21.214534365296057,False,False,False
ranked_506874133,TaToH,2026,ranked,day 2026-09-15,False,feb73ace08b377f136218014ea478d1bebc89484934c78b6567e129a009700bb,0-10,91,0.9855266666666668,135.53147217393067,86.69700293540954,63.968170303757404,False,False,False
ranked_506874133,TaToH,2026,ranked,day 2026-09-15,False,feb73ace08b377f136218014ea478d1bebc89484934c78b6567e129a009700bb,10-20,94,1.0,162.07449833333334,46.81300158500671,28.883631950985862,False,False,False
ranked_506874133,TaToH,2026,ranked,day 2026-09-15,False,feb73ace08b377f136218014ea478d1bebc89484934c78b6567e129a009700bb,20-30,83,1.0,302.5074916666666,54.92500185966492,18.156575745299836,False,False,False
ranked_506874133,TaToH,2026,ranked,day 2026-09-15,False,feb73ace08b377f136218014ea478d1bebc89484934c78b6567e129a009700bb,30-40,74,1.0,443.3695716666668,82.30300278663636,18.56306973824384,False,False,False
ranked_506874133,TaToH,2026,ranked,day 2026-09-15,False,feb73ace08b377f136218014ea478d1bebc89484934c78b6567e129a009700bb,40+,53,1.0,533.6935761684109,79.64467177229562,14.923295937735471,False,False,False
ranked_506874133,TaToH,2026,ranked,day 2026-09-15,False,feb73ace08b377f136218014ea478d1bebc89484934c78b6567e129a009700bb,40-45,34,1.0,515.6308900000001,75.71200256347655,14.683372162493315,False,False,False
ranked_506885930,TaToH,2026,ranked,day 2026-09-15,False,a053ab0bf17391fc69e8d94c77d984e055dcb5558972aadaf5835b8864f681d2,0-10,91,0.9855266666666668,28.841438418713516,94.6400032043457,328.13898471492104,False,False,False
ranked_506885930,TaToH,2026,ranked,day 2026-09-15,False,a053ab0bf17391fc69e8d94c77d984e055dcb5558972aadaf5835b8864f681d2,10-20,94,1.0,111.69026833333332,84.66900286674499,75.8069652174665,False,False,False
ranked_506885930,TaToH,2026,ranked,day 2026-09-15,False,a053ab0bf17391fc69e8d94c77d984e055dcb5558972aadaf5835b8864f681d2,20-30,92,1.0,180.49053999999998,68.44500231742859,37.92165634688034,False,False,False
ranked_506885930,TaToH,2026,ranked,day 2026-09-15,False,a053ab0bf17391fc69e8d94c77d984e055dcb5558972aadaf5835b8864f681d2,30-40,88,1.0,277.32586166666664,61.85400209426879,22.303726642203515,False,False,False
ranked_506885930,TaToH,2026,ranked,day 2026-09-15,False,a053ab0bf17391fc69e8d94c77d984e055dcb5558972aadaf5835b8864f681d2,40+,88,1.0,379.8508828250402,64.39047273856781,16.951513251642524,False,False,False
ranked_506885930,TaToH,2026,ranked,day 2026-09-15,False,a053ab0bf17391fc69e8d94c77d984e055dcb5558972aadaf5835b8864f681d2,40-45,39,1.0,361.6481966666666,66.92400226593017,18.505277472077218,False,False,False
ranked_508468284,TaToH,2026,ranked,day 2026-09-22,False,60b78bb893f923dbf44108e653a657b19e2ce6d7343984747668a4cbf693d9e3,0-10,91,0.9855266666666668,26.963288664605724,102.41400346755981,379.82756755483257,False,False,False
ranked_508468284,TaToH,2026,ranked,day 2026-09-22,False,60b78bb893f923dbf44108e653a657b19e2ce6d7343984747668a4cbf693d9e3,10-20,94,1.0,91.50388666666667,93.28800315856934,101.9497712686259,False,False,False
ranked_508468284,TaToH,2026,ranked,day 2026-09-22,False,60b78bb893f923dbf44108e653a657b19e2ce6d7343984747668a4cbf693d9e3,20-30,93,1.0,168.6657,87.54200296401977,51.9026707647256,False,False,False
ranked_508468284,TaToH,2026,ranked,day 2026-09-22,False,60b78bb893f923dbf44108e653a657b19e2ce6d7343984747668a4cbf693d9e3,30-40,92,1.0,338.43189500000005,71.14900240898133,21.02313743478029,False,False,False
ranked_508468284,TaToH,2026,ranked,day 2026-09-22,False,60b78bb893f923dbf44108e653a657b19e2ce6d7343984747668a4cbf693d9e3,40+,55,1.0,439.4758308390958,70.11869367350859,15.955073920590863,False,False,False
ranked_508468284,TaToH,2026,ranked,day 2026-09-22,False,60b78bb893f923dbf44108e653a657b19e2ce6d7343984747668a4cbf693d9e3,40-45,43,1.0,440.91495999999995,71.65600242614745,16.251660507538112,False,False,False
ranked_508907620,TaToH,2026,ranked,day 2026-09-24,False,051b1cc5d7be413dea6f78ddc4e423301d3cb503cca04d8020408126af6fcb9c,0-10,91,0.9855266666666668,35.67281791799985,106.63900361061096,298.93630454352996,False,False,False
ranked_508907620,TaToH,2026,ranked,day 2026-09-24,False,051b1cc5d7be413dea6f78ddc4e423301d3cb503cca04d8020408126af6fcb9c,10-20,94,1.0,112.80718,111.2020037651062,98.57706199650252,False,False,False
ranked_508907620,TaToH,2026,ranked,day 2026-09-24,False,051b1cc5d7be413dea6f78ddc4e423301d3cb503cca04d8020408126af6fcb9c,20-30,93,1.0,188.03502666666668,83.14800281524657,44.21942246039331,False,False,False
ranked_508907620,TaToH,2026,ranked,day 2026-09-24,False,051b1cc5d7be413dea6f78ddc4e423301d3cb503cca04d8020408126af6fcb9c,30-40,93,1.0,275.8099583333333,80.78200273513794,29.289008715743293,False,False,False
ranked_508907620,TaToH,2026,ranked,day 2026-09-24,False,051b1cc5d7be413dea6f78ddc4e423301d3cb503cca04d8020408126af6fcb9c,40+,75,1.0,385.773677502527,73.84932453537193,19.143173534666108,False,False,False
ranked_508907620,TaToH,2026,ranked,day 2026-09-24,False,051b1cc5d7be413dea6f78ddc4e423301d3cb503cca04d8020408126af6fcb9c,40-45,47,1.0,358.9760333333333,78.41600265502929,21.844355994154846,False,False,False
ranked_510128528,TaToH,2026,ranked,day 2026-09-29,False,68f57ab362889fe365398338f9202007a37dbc75ce524df813ed6c2987c9c7f1,0-10,91,0.9855266666666668,28.56787233898626,108.83600368499755,380.9734319502341,False,False,False
ranked_510128528,TaToH,2026,ranked,day 2026-09-29,False,68f57ab362889fe365398338f9202007a37dbc75ce524df813ed6c2987c9c7f1,10-20,94,1.0,85.3045,105.11800355911254,123.22679760049297,False,False,False
ranked_510128528,TaToH,2026,ranked,day 2026-09-29,False,68f57ab362889fe365398338f9202007a37dbc75ce524df813ed6c2987c9c7f1,20-30,93,1.0,158.68231999999998,89.40100302696227,56.33961176453829,False,False,False
ranked_510128528,TaToH,2026,ranked,day 2026-09-29,False,68f57ab362889fe365398338f9202007a37dbc75ce524df813ed6c2987c9c7f1,30-40,92,1.0,208.53188833333328,83.48600282669067,40.035125320133425,False,False,False
ranked_510128528,TaToH,2026,ranked,day 2026-09-29,False,68f57ab362889fe365398338f9202007a37dbc75ce524df813ed6c2987c9c7f1,40+,244,1.0,378.60498234859296,84.55860353595804,22.334255352747157,False,False,False
ranked_510128528,TaToH,2026,ranked,day 2026-09-29,False,68f57ab362889fe365398338f9202007a37dbc75ce524df813ed6c2987c9c7f1,40-45,46,1.0,234.69111,81.7960027694702,34.85262086385386,False,False,False
