game_id,player,year,context,cluster,partial,opening_obj_count_field,late_obj_count_field,obj_counter_late_over_open,core_cpm_late_over_open,counter_normalized_core_late_over_open,minimum_counter_time_coverage
23d4576b7264,DauT,2026,1v1 ranked,daut_2026_session,False,33.83420641251679,383.46687999999995,11.333703983615184,0.6680244399185337,0.0589414052885339,0.984065
9621aabf243e,DauT,2021,1v1 tournament,hc4_daut,False,33.76206822570264,375.8589666666666,11.132581219669767,0.5731895223420648,0.05148756708186564,0.9710416666666667
11508bc32ada,DauT,2021,1v1 tournament,hc4_daut,False,30.961252417969273,394.7457733333333,12.749670717591224,0.6016806722689075,0.04719185974260064,0.9710283333333333
0b3bc1441529,DauT,2021,1v1 tournament,hc4_daut_ro8,False,29.742702583958042,383.03571000000005,12.878308853029157,0.5667870036101084,0.04401098079557178,0.9711200000000001
5e152714b185,DauT,2021,1v1 tournament,hc4_daut_ro8,False,88.22296519359294,362.66155,4.110738617821221,0.7927565392354127,0.19285014517794627,0.9713249999999999
c0b3c47feff8,TheViper,2021,1v1 tournament,hc4_viper,False,34.523372612259266,331.2199266666667,9.594077913148334,0.39951278928136424,0.041641603591090974,0.9756433333333333
679124a7c6b9,TheViper,2021,1v1 tournament,hc4_viper_ro8,False,32.80437361743157,375.26349333333326,11.439434805544524,0.8840336134453781,0.07727948351232355,0.9749366666666667
d777b0479240,TheViper,2021,1v1 tournament,hc4_viper_ro8,False,33.354515215864886,324.8464666666667,9.739205159011135,0.7250437828371278,0.07444588865306793,0.9755716666666668
bdaf8d46c8e5,TheViper,2026,1v1 ranked,viper_2026_session,False,31.773357664233576,350.0145733333333,11.015976876983808,0.7877813504823152,,0.9133333333333333
hc4_tatoh_vs_hera,TaToH,2021,tournament,HC4 Ro16 vs Hera,True,39.04944654258559,434.8948666666667,11.137030231462811,0.5943238731218699,0.05336466371823859,0.9713183333333334
lobby_509105894,TaToH,2026,tournament,vs CNZS_Donghaidi,False,168.8352116440604,530.6738966666667,3.143147045566758,0.9623430962343097,0.3061718342422584,0.9852233333333333
lobby_511046560,TaToH,2026,tournament,vs TAG_Sora Kuma,False,100.19049487933361,526.02853,5.250283778251947,0.6351145038167938,0.12096765253863127,0.9852233333333333
ranked_506421735,TaToH,2026,ranked,day 2026-09-13,False,32.8395713966813,396.9508933333334,12.087578383360034,0.6712898751733702,0.05553551372187827,0.9855266666666668
ranked_506687982,TaToH,2026,ranked,day 2026-09-14,False,36.559399391677694,376.00637999999987,10.284807361621843,0.7853577371048253,0.07636095742885939,0.9852233333333333
ranked_506874133,TaToH,2026,ranked,day 2026-09-15,False,135.53147217393067,515.6308900000001,3.8045103600607177,0.8732943469785573,0.2295418501540419,0.9855266666666668
ranked_506885930,TaToH,2026,ranked,day 2026-09-15,False,28.841438418713516,361.6481966666666,12.539187242201288,0.7071428571428571,0.05639463256142559,0.9855266666666668
ranked_508468284,TaToH,2026,ranked,day 2026-09-22,False,26.963288664605724,440.91495999999995,16.352417744159744,0.6996699669966996,0.042786943065137036,0.9855266666666668
ranked_508907620,TaToH,2026,ranked,day 2026-09-24,False,35.67281791799985,358.9760333333333,10.06301308067397,0.7353407290015848,0.07307361354958462,0.9855266666666668
ranked_510128528,TaToH,2026,ranked,day 2026-09-29,False,28.56787233898626,234.69111,8.215211382043305,0.7515527950310559,0.09148307451635261,0.9855266666666668
