game_id,year,type,total,attributed
c7d3588daf74,2026,GAME,4,4
c7d3588daf74,2026,DE_TRANSFORM,3,3
c7d3588daf74,2026,DE_QUEUE,138,138
c7d3588daf74,2026,BUILD,92,92
c7d3588daf74,2026,MOVE,1529,1529
c7d3588daf74,2026,GATHER_POINT,126,126
c7d3588daf74,2026,ORDER,306,306
c7d3588daf74,2026,SPECIAL,66,66
c7d3588daf74,2026,FOLLOW,43,43
c7d3588daf74,2026,UNGARRISON,43,43
c7d3588daf74,2026,RESEARCH,23,23
c7d3588daf74,2026,WALL,11,11
c7d3588daf74,2026,STANCE,55,55
c7d3588daf74,2026,FORMATION,18,18
c7d3588daf74,2026,PATROL,24,24
c7d3588daf74,2026,BACK_TO_WORK,3,3
c7d3588daf74,2026,DELETE,9,9
c7d3588daf74,2026,STOP,5,5
c7d3588daf74,2026,SELL,4,4
c7d3588daf74,2026,BUY,2,2
c7d3588daf74,2026,DE_ATTACK_MOVE,1,1
c7d3588daf74,2026,RESIGN,1,1
a467a9f1780f,2026,GAME,3,3
a467a9f1780f,2026,DE_TRANSFORM,19,19
a467a9f1780f,2026,DE_QUEUE,153,153
a467a9f1780f,2026,MOVE,2132,2132
a467a9f1780f,2026,BUILD,101,101
a467a9f1780f,2026,DELETE,16,16
a467a9f1780f,2026,ORDER,446,446
a467a9f1780f,2026,GATHER_POINT,144,144
a467a9f1780f,2026,SPECIAL,87,87
a467a9f1780f,2026,UNGARRISON,68,68
a467a9f1780f,2026,FOLLOW,39,39
a467a9f1780f,2026,BACK_TO_WORK,8,8
a467a9f1780f,2026,STANCE,41,41
a467a9f1780f,2026,PATROL,11,11
a467a9f1780f,2026,RESEARCH,29,29
a467a9f1780f,2026,WALL,29,29
a467a9f1780f,2026,REPAIR,6,6
a467a9f1780f,2026,STOP,16,16
a467a9f1780f,2026,FORMATION,25,25
a467a9f1780f,2026,BUY,6,6
a467a9f1780f,2026,SELL,3,3
a467a9f1780f,2026,RESIGN,1,1
d4d080a3a4f6,2026,GAME,4,4
d4d080a3a4f6,2026,DE_TRANSFORM,3,3
d4d080a3a4f6,2026,DE_QUEUE,276,276
d4d080a3a4f6,2026,MOVE,2611,2611
d4d080a3a4f6,2026,BUILD,117,117
d4d080a3a4f6,2026,ORDER,487,487
d4d080a3a4f6,2026,GATHER_POINT,187,187
d4d080a3a4f6,2026,DE_MULTI_GATHERPOINT,1,1
d4d080a3a4f6,2026,STANCE,84,84
d4d080a3a4f6,2026,PATROL,61,61
d4d080a3a4f6,2026,SPECIAL,97,97
d4d080a3a4f6,2026,UNGARRISON,88,88
d4d080a3a4f6,2026,DE_107_A,4,4
d4d080a3a4f6,2026,RESEARCH,31,31
d4d080a3a4f6,2026,WALL,30,30
d4d080a3a4f6,2026,FORMATION,35,35
d4d080a3a4f6,2026,DELETE,15,15
d4d080a3a4f6,2026,STOP,58,58
d4d080a3a4f6,2026,REPAIR,3,3
d4d080a3a4f6,2026,BACK_TO_WORK,3,3
d4d080a3a4f6,2026,SELL,10,10
d4d080a3a4f6,2026,BUY,14,14
d4d080a3a4f6,2026,RESIGN,1,1
4d327356c515,2026,GAME,2,2
4d327356c515,2026,DE_TRANSFORM,3,3
4d327356c515,2026,DE_QUEUE,157,157
4d327356c515,2026,MOVE,2239,2239
4d327356c515,2026,BUILD,86,86
4d327356c515,2026,ORDER,318,318
4d327356c515,2026,GATHER_POINT,122,122
4d327356c515,2026,UNGARRISON,55,55
4d327356c515,2026,SPECIAL,61,61
4d327356c515,2026,FOLLOW,31,31
4d327356c515,2026,DE_107_A,2,2
4d327356c515,2026,BACK_TO_WORK,5,5
4d327356c515,2026,RESEARCH,19,19
4d327356c515,2026,WALL,24,24
4d327356c515,2026,DELETE,9,9
4d327356c515,2026,PATROL,29,29
4d327356c515,2026,STANCE,49,49
4d327356c515,2026,FORMATION,26,26
4d327356c515,2026,STOP,12,12
4d327356c515,2026,RESIGN,1,1
23d4576b7264,2026,GAME,2,2
23d4576b7264,2026,DE_TRANSFORM,314,314
23d4576b7264,2026,DE_QUEUE,555,555
23d4576b7264,2026,BUILD,317,317
23d4576b7264,2026,MOVE,2779,2779
23d4576b7264,2026,ORDER,476,476
23d4576b7264,2026,GATHER_POINT,285,285
23d4576b7264,2026,SPECIAL,124,124
23d4576b7264,2026,UNGARRISON,89,89
23d4576b7264,2026,FOLLOW,3,3
23d4576b7264,2026,WALL,17,17
23d4576b7264,2026,RESEARCH,116,116
23d4576b7264,2026,DELETE,33,33
23d4576b7264,2026,BACK_TO_WORK,6,6
23d4576b7264,2026,STANCE,109,109
23d4576b7264,2026,PATROL,82,82
23d4576b7264,2026,REPAIR,1,1
23d4576b7264,2026,STOP,113,113
23d4576b7264,2026,DE_AUTOSCOUT,1,1
23d4576b7264,2026,FORMATION,88,88
23d4576b7264,2026,DE_MULTI_GATHERPOINT,9,9
23d4576b7264,2026,SELL,20,20
23d4576b7264,2026,BUY,24,24
23d4576b7264,2026,DE_107_B,35,35
23d4576b7264,2026,RESIGN,1,1
9621aabf243e,2021,DE_QUEUE,552,552
9621aabf243e,2021,BUILD,366,366
9621aabf243e,2021,MOVE,2513,2513
9621aabf243e,2021,GATHER_POINT,386,0
9621aabf243e,2021,ORDER,696,696
9621aabf243e,2021,STANCE,1702,0
9621aabf243e,2021,SPECIAL,86,0
9621aabf243e,2021,UNGARRISON,49,0
9621aabf243e,2021,BACK_TO_WORK,67,0
9621aabf243e,2021,RESEARCH,100,100
9621aabf243e,2021,PATROL,90,0
9621aabf243e,2021,FORMATION,24,24
9621aabf243e,2021,WALL,34,34
9621aabf243e,2021,DELETE,26,26
9621aabf243e,2021,STOP,2,0
9621aabf243e,2021,BUY,17,17
9621aabf243e,2021,SELL,9,9
9621aabf243e,2021,GAME,2,2
9621aabf243e,2021,RESIGN,1,1
2c3759e0dc22,2021,DE_QUEUE,317,317
2c3759e0dc22,2021,BUILD,185,185
2c3759e0dc22,2021,MOVE,2389,2389
2c3759e0dc22,2021,STANCE,740,0
2c3759e0dc22,2021,ORDER,479,479
2c3759e0dc22,2021,GATHER_POINT,221,0
2c3759e0dc22,2021,SPECIAL,84,0
2c3759e0dc22,2021,BACK_TO_WORK,37,0
2c3759e0dc22,2021,UNGARRISON,48,0
2c3759e0dc22,2021,FOLLOW,1,0
2c3759e0dc22,2021,RESEARCH,44,44
2c3759e0dc22,2021,WALL,29,29
2c3759e0dc22,2021,PATROL,72,0
2c3759e0dc22,2021,DELETE,20,20
2c3759e0dc22,2021,REPAIR,4,0
2c3759e0dc22,2021,GAME,1,1
2c3759e0dc22,2021,SELL,9,9
2c3759e0dc22,2021,FORMATION,2,2
2c3759e0dc22,2021,RESIGN,1,1
11508bc32ada,2021,DE_QUEUE,755,755
11508bc32ada,2021,BUILD,379,379
11508bc32ada,2021,MOVE,2645,2645
11508bc32ada,2021,ORDER,615,615
11508bc32ada,2021,GATHER_POINT,348,0
11508bc32ada,2021,STANCE,1710,0
11508bc32ada,2021,SPECIAL,91,0
11508bc32ada,2021,UNGARRISON,30,0
11508bc32ada,2021,BACK_TO_WORK,42,0
11508bc32ada,2021,WALL,44,44
11508bc32ada,2021,RESEARCH,114,114
11508bc32ada,2021,DELETE,24,24
11508bc32ada,2021,PATROL,117,0
11508bc32ada,2021,REPAIR,4,0
11508bc32ada,2021,FORMATION,9,9
11508bc32ada,2021,GAME,2,2
11508bc32ada,2021,ATTACK_GROUND,2,0
11508bc32ada,2021,SELL,14,14
11508bc32ada,2021,STOP,12,0
11508bc32ada,2021,RESIGN,1,1
323cda4cd90e,2021,DE_QUEUE,614,614
323cda4cd90e,2021,BUILD,357,357
323cda4cd90e,2021,MOVE,2188,2188
323cda4cd90e,2021,ORDER,538,538
323cda4cd90e,2021,STANCE,1432,0
323cda4cd90e,2021,GATHER_POINT,316,0
323cda4cd90e,2021,DELETE,17,17
323cda4cd90e,2021,SPECIAL,65,0
323cda4cd90e,2021,UNGARRISON,22,0
323cda4cd90e,2021,BACK_TO_WORK,28,0
323cda4cd90e,2021,WALL,24,24
323cda4cd90e,2021,RESEARCH,117,117
323cda4cd90e,2021,PATROL,136,0
323cda4cd90e,2021,SELL,28,28
323cda4cd90e,2021,BUY,10,10
323cda4cd90e,2021,FORMATION,7,7
323cda4cd90e,2021,GAME,2,2
323cda4cd90e,2021,STOP,17,0
323cda4cd90e,2021,REPAIR,2,0
323cda4cd90e,2021,RESIGN,1,1
dde7930841b0,2021,DE_QUEUE,368,368
dde7930841b0,2021,BUILD,222,222
dde7930841b0,2021,ORDER,528,528
dde7930841b0,2021,MOVE,2193,2193
dde7930841b0,2021,STANCE,728,0
dde7930841b0,2021,GATHER_POINT,248,0
dde7930841b0,2021,SPECIAL,80,0
dde7930841b0,2021,UNGARRISON,53,0
dde7930841b0,2021,BACK_TO_WORK,15,0
dde7930841b0,2021,WALL,35,35
dde7930841b0,2021,DELETE,32,32
dde7930841b0,2021,RESEARCH,54,54
dde7930841b0,2021,PATROL,26,0
dde7930841b0,2021,FORMATION,2,2
dde7930841b0,2021,REPAIR,7,0
dde7930841b0,2021,BUY,18,18
dde7930841b0,2021,SELL,11,11
dde7930841b0,2021,STOP,4,0
dde7930841b0,2021,GAME,1,1
dde7930841b0,2021,RESIGN,1,1
e1e75a47ab4e,2021,DE_QUEUE,131,131
e1e75a47ab4e,2021,BUILD,77,77
e1e75a47ab4e,2021,MOVE,1727,1727
e1e75a47ab4e,2021,DELETE,19,19
e1e75a47ab4e,2021,ORDER,331,331
e1e75a47ab4e,2021,GATHER_POINT,127,0
e1e75a47ab4e,2021,SPECIAL,44,0
e1e75a47ab4e,2021,BACK_TO_WORK,36,0
e1e75a47ab4e,2021,STANCE,17,0
e1e75a47ab4e,2021,PATROL,13,0
e1e75a47ab4e,2021,UNGARRISON,39,0
e1e75a47ab4e,2021,WALL,29,29
e1e75a47ab4e,2021,RESEARCH,26,26
e1e75a47ab4e,2021,REPAIR,3,0
e1e75a47ab4e,2021,FORMATION,1,1
e1e75a47ab4e,2021,RESIGN,1,1
0b3bc1441529,2021,DE_QUEUE,1608,1608
0b3bc1441529,2021,BUILD,461,461
0b3bc1441529,2021,MOVE,4269,4269
0b3bc1441529,2021,ORDER,995,995
0b3bc1441529,2021,GATHER_POINT,544,0
0b3bc1441529,2021,SPECIAL,106,0
0b3bc1441529,2021,UNGARRISON,93,0
0b3bc1441529,2021,BACK_TO_WORK,64,0
0b3bc1441529,2021,PATROL,86,0
0b3bc1441529,2021,RESEARCH,96,96
0b3bc1441529,2021,STANCE,13,0
0b3bc1441529,2021,WALL,16,16
0b3bc1441529,2021,DELETE,30,30
0b3bc1441529,2021,REPAIR,5,0
0b3bc1441529,2021,FORMATION,7,7
0b3bc1441529,2021,BUY,28,28
0b3bc1441529,2021,SELL,35,35
0b3bc1441529,2021,GAME,2,2
0b3bc1441529,2021,STOP,16,0
0b3bc1441529,2021,RESIGN,1,1
5e152714b185,2021,DE_QUEUE,608,608
5e152714b185,2021,BUILD,333,333
5e152714b185,2021,MOVE,2939,2939
5e152714b185,2021,GATHER_POINT,351,0
5e152714b185,2021,ORDER,660,660
5e152714b185,2021,FOLLOW,2,0
5e152714b185,2021,SPECIAL,69,0
5e152714b185,2021,BACK_TO_WORK,40,0
5e152714b185,2021,UNGARRISON,48,0
5e152714b185,2021,WALL,9,9
5e152714b185,2021,RESEARCH,77,77
5e152714b185,2021,DELETE,20,20
5e152714b185,2021,STANCE,31,0
5e152714b185,2021,PATROL,48,0
5e152714b185,2021,SELL,19,19
5e152714b185,2021,ATTACK_GROUND,6,0
5e152714b185,2021,FORMATION,7,7
5e152714b185,2021,BUY,27,27
5e152714b185,2021,REPAIR,2,0
5e152714b185,2021,STOP,2,0
5e152714b185,2021,GAME,1,1
5e152714b185,2021,RESIGN,1,1
31d31c225a08,2021,DE_QUEUE,288,288
31d31c225a08,2021,BUILD,155,155
31d31c225a08,2021,MOVE,1859,1859
31d31c225a08,2021,GATHER_POINT,232,0
31d31c225a08,2021,ORDER,383,383
31d31c225a08,2021,SPECIAL,53,0
31d31c225a08,2021,UNGARRISON,55,0
31d31c225a08,2021,RESEARCH,40,40
31d31c225a08,2021,BACK_TO_WORK,13,0
31d31c225a08,2021,STANCE,14,0
31d31c225a08,2021,WALL,26,26
31d31c225a08,2021,DELETE,23,23
31d31c225a08,2021,PATROL,42,0
31d31c225a08,2021,FORMATION,2,2
31d31c225a08,2021,REPAIR,1,0
31d31c225a08,2021,BUY,3,3
31d31c225a08,2021,SELL,1,1
31d31c225a08,2021,GAME,1,1
31d31c225a08,2021,RESIGN,1,1
0b3bc1441529,2021,DE_QUEUE,1608,1608
0b3bc1441529,2021,BUILD,461,461
0b3bc1441529,2021,MOVE,4269,4269
0b3bc1441529,2021,ORDER,995,995
0b3bc1441529,2021,GATHER_POINT,544,0
0b3bc1441529,2021,SPECIAL,106,0
0b3bc1441529,2021,UNGARRISON,93,0
0b3bc1441529,2021,BACK_TO_WORK,64,0
0b3bc1441529,2021,PATROL,86,0
0b3bc1441529,2021,RESEARCH,96,96
0b3bc1441529,2021,STANCE,13,0
0b3bc1441529,2021,WALL,16,16
0b3bc1441529,2021,DELETE,30,30
0b3bc1441529,2021,REPAIR,5,0
0b3bc1441529,2021,FORMATION,7,7
0b3bc1441529,2021,BUY,28,28
0b3bc1441529,2021,SELL,35,35
0b3bc1441529,2021,GAME,2,2
0b3bc1441529,2021,STOP,16,0
0b3bc1441529,2021,RESIGN,1,1
63e46229572d,2021,DE_QUEUE,557,557
63e46229572d,2021,RESEARCH,135,135
63e46229572d,2021,BUILD,302,302
63e46229572d,2021,MOVE,3017,3017
63e46229572d,2021,ORDER,760,760
63e46229572d,2021,GATHER_POINT,536,0
63e46229572d,2021,SPECIAL,112,0
63e46229572d,2021,UNGARRISON,131,0
63e46229572d,2021,PATROL,146,0
63e46229572d,2021,STANCE,226,0
63e46229572d,2021,DE_AUTOSCOUT,3,0
63e46229572d,2021,BACK_TO_WORK,36,0
63e46229572d,2021,WALL,24,24
63e46229572d,2021,DELETE,74,74
63e46229572d,2021,FORMATION,233,233
63e46229572d,2021,REPAIR,3,0
63e46229572d,2021,ATTACK_GROUND,15,0
63e46229572d,2021,BUY,2,2
63e46229572d,2021,SELL,8,8
63e46229572d,2021,GAME,1,1
63e46229572d,2021,RESIGN,1,1
40cfbfe02398,2021,DE_QUEUE,138,138
40cfbfe02398,2021,BUILD,48,48
40cfbfe02398,2021,MOVE,1354,1354
40cfbfe02398,2021,ORDER,365,365
40cfbfe02398,2021,GATHER_POINT,215,0
40cfbfe02398,2021,SPECIAL,41,0
40cfbfe02398,2021,UNGARRISON,51,0
40cfbfe02398,2021,PATROL,20,0
40cfbfe02398,2021,RESEARCH,17,17
40cfbfe02398,2021,WALL,29,29
40cfbfe02398,2021,STANCE,92,0
40cfbfe02398,2021,DELETE,17,17
40cfbfe02398,2021,BACK_TO_WORK,8,0
40cfbfe02398,2021,FORMATION,82,82
40cfbfe02398,2021,DE_AUTOSCOUT,5,0
40cfbfe02398,2021,REPAIR,7,0
40cfbfe02398,2021,RESIGN,1,1
c0b3c47feff8,2021,DE_QUEUE,697,697
c0b3c47feff8,2021,BUILD,346,346
c0b3c47feff8,2021,MOVE,2894,2894
c0b3c47feff8,2021,PATROL,135,0
c0b3c47feff8,2021,STANCE,329,0
c0b3c47feff8,2021,GATHER_POINT,537,0
c0b3c47feff8,2021,ORDER,983,983
c0b3c47feff8,2021,RESEARCH,116,116
c0b3c47feff8,2021,SPECIAL,103,0
c0b3c47feff8,2021,UNGARRISON,76,0
c0b3c47feff8,2021,WALL,62,62
c0b3c47feff8,2021,DE_AUTOSCOUT,14,0
c0b3c47feff8,2021,BACK_TO_WORK,68,0
c0b3c47feff8,2021,DELETE,59,59
c0b3c47feff8,2021,FORMATION,328,328
c0b3c47feff8,2021,REPAIR,8,0
c0b3c47feff8,2021,SELL,20,20
c0b3c47feff8,2021,BUY,16,16
c0b3c47feff8,2021,STOP,1,0
c0b3c47feff8,2021,GAME,1,1
c0b3c47feff8,2021,RESIGN,1,1
40cfbfe02398,2021,DE_QUEUE,138,138
40cfbfe02398,2021,BUILD,48,48
40cfbfe02398,2021,MOVE,1354,1354
40cfbfe02398,2021,ORDER,365,365
40cfbfe02398,2021,GATHER_POINT,215,0
40cfbfe02398,2021,SPECIAL,41,0
40cfbfe02398,2021,UNGARRISON,51,0
40cfbfe02398,2021,PATROL,20,0
40cfbfe02398,2021,RESEARCH,17,17
40cfbfe02398,2021,WALL,29,29
40cfbfe02398,2021,STANCE,92,0
40cfbfe02398,2021,DELETE,17,17
40cfbfe02398,2021,BACK_TO_WORK,8,0
40cfbfe02398,2021,FORMATION,82,82
40cfbfe02398,2021,DE_AUTOSCOUT,5,0
40cfbfe02398,2021,REPAIR,7,0
40cfbfe02398,2021,RESIGN,1,1
c0b3c47feff8,2021,DE_QUEUE,697,697
c0b3c47feff8,2021,BUILD,346,346
c0b3c47feff8,2021,MOVE,2894,2894
c0b3c47feff8,2021,PATROL,135,0
c0b3c47feff8,2021,STANCE,329,0
c0b3c47feff8,2021,GATHER_POINT,537,0
c0b3c47feff8,2021,ORDER,983,983
c0b3c47feff8,2021,RESEARCH,116,116
c0b3c47feff8,2021,SPECIAL,103,0
c0b3c47feff8,2021,UNGARRISON,76,0
c0b3c47feff8,2021,WALL,62,62
c0b3c47feff8,2021,DE_AUTOSCOUT,14,0
c0b3c47feff8,2021,BACK_TO_WORK,68,0
c0b3c47feff8,2021,DELETE,59,59
c0b3c47feff8,2021,FORMATION,328,328
c0b3c47feff8,2021,REPAIR,8,0
c0b3c47feff8,2021,SELL,20,20
c0b3c47feff8,2021,BUY,16,16
c0b3c47feff8,2021,STOP,1,0
c0b3c47feff8,2021,GAME,1,1
c0b3c47feff8,2021,RESIGN,1,1
679124a7c6b9,2021,DE_QUEUE,687,687
679124a7c6b9,2021,BUILD,385,385
679124a7c6b9,2021,MOVE,2946,2946
679124a7c6b9,2021,STANCE,969,0
679124a7c6b9,2021,ORDER,926,926
679124a7c6b9,2021,DELETE,40,40
679124a7c6b9,2021,GATHER_POINT,624,0
679124a7c6b9,2021,SPECIAL,136,0
679124a7c6b9,2021,UNGARRISON,93,0
679124a7c6b9,2021,PATROL,185,0
679124a7c6b9,2021,WALL,36,36
679124a7c6b9,2021,RESEARCH,149,149
679124a7c6b9,2021,BACK_TO_WORK,27,0
679124a7c6b9,2021,DE_AUTOSCOUT,4,0
679124a7c6b9,2021,FORMATION,504,504
679124a7c6b9,2021,BUY,14,14
679124a7c6b9,2021,STOP,28,0
679124a7c6b9,2021,ATTACK_GROUND,3,0
679124a7c6b9,2021,GAME,3,3
679124a7c6b9,2021,DROP_RELIC,1,0
679124a7c6b9,2021,SELL,15,15
679124a7c6b9,2021,REPAIR,1,0
679124a7c6b9,2021,RESIGN,1,1
d777b0479240,2021,DE_QUEUE,686,686
d777b0479240,2021,BUILD,349,349
d777b0479240,2021,MOVE,2784,2784
d777b0479240,2021,STANCE,1248,0
d777b0479240,2021,ORDER,932,932
d777b0479240,2021,GATHER_POINT,641,0
d777b0479240,2021,STOP,39,0
d777b0479240,2021,SPECIAL,153,0
d777b0479240,2021,UNGARRISON,138,0
d777b0479240,2021,BACK_TO_WORK,12,0
d777b0479240,2021,RESEARCH,138,138
d777b0479240,2021,PATROL,173,0
d777b0479240,2021,DELETE,23,23
d777b0479240,2021,WALL,40,40
d777b0479240,2021,FORMATION,292,292
d777b0479240,2021,REPAIR,6,0
d777b0479240,2021,BUY,7,7
d777b0479240,2021,SELL,22,22
d777b0479240,2021,GUARD,1,0
d777b0479240,2021,FOLLOW,2,0
d777b0479240,2021,ATTACK_GROUND,3,0
d777b0479240,2021,GAME,1,1
d777b0479240,2021,RESIGN,1,1
679124a7c6b9,2021,DE_QUEUE,687,687
679124a7c6b9,2021,BUILD,385,385
679124a7c6b9,2021,MOVE,2946,2946
679124a7c6b9,2021,STANCE,969,0
679124a7c6b9,2021,ORDER,926,926
679124a7c6b9,2021,DELETE,40,40
679124a7c6b9,2021,GATHER_POINT,624,0
679124a7c6b9,2021,SPECIAL,136,0
679124a7c6b9,2021,UNGARRISON,93,0
679124a7c6b9,2021,PATROL,185,0
679124a7c6b9,2021,WALL,36,36
679124a7c6b9,2021,RESEARCH,149,149
679124a7c6b9,2021,BACK_TO_WORK,27,0
679124a7c6b9,2021,DE_AUTOSCOUT,4,0
679124a7c6b9,2021,FORMATION,504,504
679124a7c6b9,2021,BUY,14,14
679124a7c6b9,2021,STOP,28,0
679124a7c6b9,2021,ATTACK_GROUND,3,0
679124a7c6b9,2021,GAME,3,3
679124a7c6b9,2021,DROP_RELIC,1,0
679124a7c6b9,2021,SELL,15,15
679124a7c6b9,2021,REPAIR,1,0
679124a7c6b9,2021,RESIGN,1,1
d777b0479240,2021,DE_QUEUE,686,686
d777b0479240,2021,BUILD,349,349
d777b0479240,2021,MOVE,2784,2784
d777b0479240,2021,STANCE,1248,0
d777b0479240,2021,ORDER,932,932
d777b0479240,2021,GATHER_POINT,641,0
d777b0479240,2021,STOP,39,0
d777b0479240,2021,SPECIAL,153,0
d777b0479240,2021,UNGARRISON,138,0
d777b0479240,2021,BACK_TO_WORK,12,0
d777b0479240,2021,RESEARCH,138,138
d777b0479240,2021,PATROL,173,0
d777b0479240,2021,DELETE,23,23
d777b0479240,2021,WALL,40,40
d777b0479240,2021,FORMATION,292,292
d777b0479240,2021,REPAIR,6,0
d777b0479240,2021,BUY,7,7
d777b0479240,2021,SELL,22,22
d777b0479240,2021,GUARD,1,0
d777b0479240,2021,FOLLOW,2,0
d777b0479240,2021,ATTACK_GROUND,3,0
d777b0479240,2021,GAME,1,1
d777b0479240,2021,RESIGN,1,1
211c10a368c4,2011,QUEUE,573,0
211c10a368c4,2011,BUILD,246,246
211c10a368c4,2011,MOVE,2549,2549
211c10a368c4,2011,STANCE,413,0
211c10a368c4,2011,ORDER,511,511
211c10a368c4,2011,GATHER_POINT,240,0
211c10a368c4,2011,SPECIAL,64,0
211c10a368c4,2011,UNGARRISON,36,0
211c10a368c4,2011,DELETE,13,13
211c10a368c4,2011,BACK_TO_WORK,108,0
211c10a368c4,2011,WALL,17,17
211c10a368c4,2011,PATROL,14,0
211c10a368c4,2011,RESEARCH,69,69
211c10a368c4,2011,STOP,36,0
211c10a368c4,2011,REPAIR,1,0
211c10a368c4,2011,GAME,4,4
211c10a368c4,2011,FORMATION,5,5
211c10a368c4,2011,SELL,24,24
211c10a368c4,2011,BUY,4,4
211c10a368c4,2011,ATTACK_GROUND,1,0
211c10a368c4,2011,RESIGN,1,1
079005bcaa66,2011,QUEUE,664,0
079005bcaa66,2011,BUILD,374,374
079005bcaa66,2011,MOVE,1208,1208
079005bcaa66,2011,STANCE,256,0
079005bcaa66,2011,ORDER,467,467
079005bcaa66,2011,WALL,12,12
079005bcaa66,2011,GATHER_POINT,198,0
079005bcaa66,2011,SPECIAL,59,0
079005bcaa66,2011,DELETE,36,36
079005bcaa66,2011,RESEARCH,108,108
079005bcaa66,2011,UNGARRISON,23,0
079005bcaa66,2011,BACK_TO_WORK,73,0
079005bcaa66,2011,SELL,51,51
079005bcaa66,2011,BUY,22,22
079005bcaa66,2011,TOWN_BELL,2,0
079005bcaa66,2011,GAME,39,39
079005bcaa66,2011,PATROL,12,0
079005bcaa66,2011,FORMATION,3,3
079005bcaa66,2011,RESIGN,1,1
bb815fe6233a,2011,QUEUE,490,0
bb815fe6233a,2011,ORDER,422,422
bb815fe6233a,2011,MOVE,1888,1888
bb815fe6233a,2011,BUILD,212,212
bb815fe6233a,2011,GATHER_POINT,180,0
bb815fe6233a,2011,DELETE,31,31
bb815fe6233a,2011,STANCE,346,0
bb815fe6233a,2011,SPECIAL,62,0
bb815fe6233a,2011,UNGARRISON,33,0
bb815fe6233a,2011,BACK_TO_WORK,74,0
bb815fe6233a,2011,RESEARCH,90,90
bb815fe6233a,2011,PATROL,9,0
bb815fe6233a,2011,ATTACK_GROUND,2,0
bb815fe6233a,2011,SELL,13,13
bb815fe6233a,2011,STOP,7,0
bb815fe6233a,2011,FORMATION,2,2
bb815fe6233a,2011,BUY,2,2
bb815fe6233a,2011,GAME,13,13
bb815fe6233a,2011,RESIGN,1,1
252b3a6bcf45,2011,QUEUE,400,0
252b3a6bcf45,2011,BUILD,108,108
252b3a6bcf45,2011,MOVE,1946,1946
252b3a6bcf45,2011,STANCE,411,0
252b3a6bcf45,2011,GATHER_POINT,219,0
252b3a6bcf45,2011,ORDER,542,542
252b3a6bcf45,2011,WALL,8,8
252b3a6bcf45,2011,RESEARCH,40,40
252b3a6bcf45,2011,SPECIAL,61,0
252b3a6bcf45,2011,BACK_TO_WORK,22,0
252b3a6bcf45,2011,UNGARRISON,47,0
252b3a6bcf45,2011,FORMATION,2,2
252b3a6bcf45,2011,STOP,20,0
252b3a6bcf45,2011,DELETE,2,2
252b3a6bcf45,2011,GAME,2,2
252b3a6bcf45,2011,PATROL,1,0
252b3a6bcf45,2011,RESIGN,2,2
2a4d86704ada,2012,QUEUE,3671,0
2a4d86704ada,2012,MOVE,7485,7485
2a4d86704ada,2012,RESEARCH,529,529
2a4d86704ada,2012,BUILD,1600,1600
2a4d86704ada,2012,ORDER,2351,2351
2a4d86704ada,2012,GATHER_POINT,1120,0
2a4d86704ada,2012,ADD_WAYPOINT,41,0
2a4d86704ada,2012,SPECIAL,340,0
2a4d86704ada,2012,UNGARRISON,308,0
2a4d86704ada,2012,FLARE,101,101
2a4d86704ada,2012,PATROL,177,0
2a4d86704ada,2012,STANCE,333,0
2a4d86704ada,2012,BACK_TO_WORK,142,0
2a4d86704ada,2012,FOLLOW,1,0
2a4d86704ada,2012,DELETE,141,141
2a4d86704ada,2012,WALL,71,71
2a4d86704ada,2012,FORMATION,729,729
2a4d86704ada,2012,SELL,104,104
2a4d86704ada,2012,BUY,14,14
2a4d86704ada,2012,STOP,8,0
2a4d86704ada,2012,TOWN_BELL,4,0
2a4d86704ada,2012,GAME,128,128
2a4d86704ada,2012,TRIBUTE,12,12
2a4d86704ada,2012,GUARD,2,0
2a4d86704ada,2012,RESIGN,4,4
be2ccdca713e,2012,QUEUE,2661,0
be2ccdca713e,2012,BUILD,902,902
be2ccdca713e,2012,MOVE,6251,6251
be2ccdca713e,2012,ORDER,1773,1773
be2ccdca713e,2012,RESEARCH,413,413
be2ccdca713e,2012,STANCE,183,0
be2ccdca713e,2012,GATHER_POINT,951,0
be2ccdca713e,2012,ADD_WAYPOINT,79,0
be2ccdca713e,2012,SPECIAL,199,0
be2ccdca713e,2012,UNGARRISON,301,0
be2ccdca713e,2012,DELETE,66,66
be2ccdca713e,2012,FLARE,67,67
be2ccdca713e,2012,BACK_TO_WORK,95,0
be2ccdca713e,2012,PATROL,299,0
be2ccdca713e,2012,WALL,14,14
be2ccdca713e,2012,REPAIR,1,0
be2ccdca713e,2012,STOP,12,0
be2ccdca713e,2012,FORMATION,631,631
be2ccdca713e,2012,SELL,34,34
be2ccdca713e,2012,BUY,19,19
be2ccdca713e,2012,TOWN_BELL,2,0
be2ccdca713e,2012,GAME,20,20
be2ccdca713e,2012,TRIBUTE,10,10
be2ccdca713e,2012,RESIGN,4,4
a332879e24f1,2012,QUEUE,7160,0
a332879e24f1,2012,RESEARCH,659,659
a332879e24f1,2012,BUILD,2176,2176
a332879e24f1,2012,MOVE,8037,8037
a332879e24f1,2012,STANCE,608,0
a332879e24f1,2012,GATHER_POINT,1295,0
a332879e24f1,2012,ORDER,3169,3169
a332879e24f1,2012,ADD_WAYPOINT,67,0
a332879e24f1,2012,SPECIAL,402,0
a332879e24f1,2012,UNGARRISON,272,0
a332879e24f1,2012,DELETE,449,449
a332879e24f1,2012,FLARE,155,155
a332879e24f1,2012,BACK_TO_WORK,291,0
a332879e24f1,2012,WALL,73,73
a332879e24f1,2012,PATROL,326,0
a332879e24f1,2012,STOP,11,0
a332879e24f1,2012,BUY,56,56
a332879e24f1,2012,GUARD,5,0
a332879e24f1,2012,GAME,339,339
a332879e24f1,2012,FOLLOW,1,0
a332879e24f1,2012,FORMATION,66,66
a332879e24f1,2012,SELL,116,116
a332879e24f1,2012,TRIBUTE,63,63
a332879e24f1,2012,REPAIR,9,0
a332879e24f1,2012,ATTACK_GROUND,1,0
a332879e24f1,2012,TOWN_BELL,4,0
a332879e24f1,2012,RESIGN,4,4
5e1293a4be54,2012,QUEUE,1560,0
5e1293a4be54,2012,MOVE,5574,5574
5e1293a4be54,2012,RESEARCH,225,225
5e1293a4be54,2012,ORDER,1169,1169
5e1293a4be54,2012,BUILD,509,509
5e1293a4be54,2012,STANCE,817,0
5e1293a4be54,2012,GATHER_POINT,527,0
5e1293a4be54,2012,SPECIAL,175,0
5e1293a4be54,2012,UNGARRISON,107,0
5e1293a4be54,2012,STOP,22,0
5e1293a4be54,2012,DELETE,20,20
5e1293a4be54,2012,BACK_TO_WORK,156,0
5e1293a4be54,2012,WALL,33,33
5e1293a4be54,2012,FLARE,22,22
5e1293a4be54,2012,PATROL,174,0
5e1293a4be54,2012,FORMATION,141,141
5e1293a4be54,2012,ERROR,26,0
5e1293a4be54,2012,GAME,19,19
5e1293a4be54,2012,SELL,29,29
5e1293a4be54,2012,ADD_WAYPOINT,1,0
5e1293a4be54,2012,BUY,7,7
5e1293a4be54,2012,GUARD,1,0
5e1293a4be54,2012,RESIGN,2,2
bd5257dfee73,2012,QUEUE,1893,0
bd5257dfee73,2012,MOVE,6680,6680
bd5257dfee73,2012,BUILD,683,683
bd5257dfee73,2012,RESEARCH,311,311
bd5257dfee73,2012,STANCE,1167,0
bd5257dfee73,2012,GATHER_POINT,570,0
bd5257dfee73,2012,ORDER,1570,1570
bd5257dfee73,2012,ADD_WAYPOINT,26,0
bd5257dfee73,2012,SPECIAL,231,0
bd5257dfee73,2012,UNGARRISON,102,0
bd5257dfee73,2012,BACK_TO_WORK,152,0
bd5257dfee73,2012,DELETE,75,75
bd5257dfee73,2012,WALL,70,70
bd5257dfee73,2012,PATROL,79,0
bd5257dfee73,2012,FLARE,48,48
bd5257dfee73,2012,FORMATION,213,213
bd5257dfee73,2012,ERROR,9,0
bd5257dfee73,2012,STOP,34,0
bd5257dfee73,2012,ATTACK_GROUND,5,0
bd5257dfee73,2012,BUY,3,3
bd5257dfee73,2012,SELL,50,50
bd5257dfee73,2012,GAME,68,68
bd5257dfee73,2012,TRIBUTE,16,16
bd5257dfee73,2012,TOWN_BELL,2,0
bd5257dfee73,2012,GATE,2,0
bd5257dfee73,2012,RESIGN,2,2
5338a28e825b,2012,QUEUE,1230,0
5338a28e825b,2012,MOVE,3828,3828
5338a28e825b,2012,BUILD,650,650
5338a28e825b,2012,STANCE,527,0
5338a28e825b,2012,GATHER_POINT,469,0
5338a28e825b,2012,ORDER,1013,1013
5338a28e825b,2012,ADD_WAYPOINT,6,0
5338a28e825b,2012,RESEARCH,263,263
5338a28e825b,2012,PATROL,50,0
5338a28e825b,2012,SPECIAL,133,0
5338a28e825b,2012,UNGARRISON,96,0
5338a28e825b,2012,BACK_TO_WORK,97,0
5338a28e825b,2012,DELETE,65,65
5338a28e825b,2012,FLARE,23,23
5338a28e825b,2012,WALL,37,37
5338a28e825b,2012,STOP,10,0
5338a28e825b,2012,FORMATION,97,97
5338a28e825b,2012,FOLLOW,1,0
5338a28e825b,2012,SELL,26,26
5338a28e825b,2012,GAME,52,52
5338a28e825b,2012,RESIGN,2,2
c15e438221ef,2012,QUEUE,3327,0
c15e438221ef,2012,BUILD,952,952
c15e438221ef,2012,MOVE,7037,7037
c15e438221ef,2012,ORDER,1950,1950
c15e438221ef,2012,STANCE,1162,0
c15e438221ef,2012,GATHER_POINT,928,0
c15e438221ef,2012,SPECIAL,261,0
c15e438221ef,2012,UNGARRISON,243,0
c15e438221ef,2012,ADD_WAYPOINT,22,0
c15e438221ef,2012,RESEARCH,378,378
c15e438221ef,2012,BACK_TO_WORK,167,0
c15e438221ef,2012,PATROL,196,0
c15e438221ef,2012,WALL,48,48
c15e438221ef,2012,DELETE,79,79
c15e438221ef,2012,FORMATION,398,398
c15e438221ef,2012,FLARE,34,34
c15e438221ef,2012,STOP,46,0
c15e438221ef,2012,BUY,43,43
c15e438221ef,2012,ERROR,7,0
c15e438221ef,2012,ATTACK_GROUND,3,0
c15e438221ef,2012,SELL,116,116
c15e438221ef,2012,GAME,113,113
c15e438221ef,2012,TRIBUTE,12,12
c15e438221ef,2012,GATE,1,0
c15e438221ef,2012,GUARD,2,0
c15e438221ef,2012,RESIGN,2,2
65e3f6795645,2012,QUEUE,1055,0
65e3f6795645,2012,MOVE,4422,4422
65e3f6795645,2012,RESEARCH,170,170
65e3f6795645,2012,ORDER,997,997
65e3f6795645,2012,BUILD,346,346
65e3f6795645,2012,STANCE,443,0
65e3f6795645,2012,GATHER_POINT,372,0
65e3f6795645,2012,SPECIAL,149,0
65e3f6795645,2012,UNGARRISON,100,0
65e3f6795645,2012,STOP,19,0
65e3f6795645,2012,ADD_WAYPOINT,2,0
65e3f6795645,2012,BACK_TO_WORK,89,0
65e3f6795645,2012,WALL,39,39
65e3f6795645,2012,FORMATION,117,117
65e3f6795645,2012,PATROL,72,0
65e3f6795645,2012,DELETE,27,27
65e3f6795645,2012,FLARE,11,11
65e3f6795645,2012,GUARD,1,0
65e3f6795645,2012,ERROR,5,0
65e3f6795645,2012,GAME,14,14
65e3f6795645,2012,SELL,12,12
65e3f6795645,2012,RESIGN,2,2
52a03f0c9e03,2012,QUEUE,964,0
52a03f0c9e03,2012,MOVE,4325,4325
52a03f0c9e03,2012,RESEARCH,170,170
52a03f0c9e03,2012,ORDER,1020,1020
52a03f0c9e03,2012,BUILD,421,421
52a03f0c9e03,2012,GATHER_POINT,449,0
52a03f0c9e03,2012,SPECIAL,186,0
52a03f0c9e03,2012,STANCE,532,0
52a03f0c9e03,2012,UNGARRISON,148,0
52a03f0c9e03,2012,FLARE,16,16
52a03f0c9e03,2012,PATROL,97,0
52a03f0c9e03,2012,ADD_WAYPOINT,4,0
52a03f0c9e03,2012,BACK_TO_WORK,94,0
52a03f0c9e03,2012,WALL,34,34
52a03f0c9e03,2012,DELETE,37,37
52a03f0c9e03,2012,FORMATION,57,57
52a03f0c9e03,2012,STOP,29,0
52a03f0c9e03,2012,ATTACK_GROUND,2,0
52a03f0c9e03,2012,GAME,13,13
52a03f0c9e03,2012,SELL,13,13
52a03f0c9e03,2012,GATE,2,0
52a03f0c9e03,2012,RESIGN,2,2
52a03f0c9e03,2012,SAVE,1,0
1c40a1c5da42,2012,QUEUE,4620,0
1c40a1c5da42,2012,BUILD,1707,1707
1c40a1c5da42,2012,MOVE,9545,9545
1c40a1c5da42,2012,ORDER,2801,2801
1c40a1c5da42,2012,GATHER_POINT,1376,0
1c40a1c5da42,2012,RESEARCH,648,648
1c40a1c5da42,2012,SPECIAL,452,0
1c40a1c5da42,2012,UNGARRISON,267,0
1c40a1c5da42,2012,ADD_WAYPOINT,46,0
1c40a1c5da42,2012,BACK_TO_WORK,312,0
1c40a1c5da42,2012,PATROL,419,0
1c40a1c5da42,2012,STANCE,599,0
1c40a1c5da42,2012,WALL,55,55
1c40a1c5da42,2012,FLARE,116,116
1c40a1c5da42,2012,DELETE,399,399
1c40a1c5da42,2012,STOP,15,0
1c40a1c5da42,2012,FORMATION,366,366
1c40a1c5da42,2012,TOWN_BELL,2,0
1c40a1c5da42,2012,SELL,169,169
1c40a1c5da42,2012,ERROR,18,0
1c40a1c5da42,2012,GAME,181,181
1c40a1c5da42,2012,ATTACK_GROUND,1,0
1c40a1c5da42,2012,BUY,6,6
1c40a1c5da42,2012,TRIBUTE,16,16
1c40a1c5da42,2012,RESIGN,3,3
bdaf8d46c8e5,2026,DE_TRANSFORM,60,60
bdaf8d46c8e5,2026,DE_QUEUE,1388,1388
bdaf8d46c8e5,2026,MOVE,5599,5599
bdaf8d46c8e5,2026,BUILD,495,495
bdaf8d46c8e5,2026,ORDER,1266,1266
bdaf8d46c8e5,2026,GATHER_POINT,677,677
bdaf8d46c8e5,2026,STANCE,315,315
bdaf8d46c8e5,2026,SPECIAL,239,239
bdaf8d46c8e5,2026,UNGARRISON,59,59
bdaf8d46c8e5,2026,RESEARCH,76,76
bdaf8d46c8e5,2026,WALL,17,17
bdaf8d46c8e5,2026,PATROL,494,494
bdaf8d46c8e5,2026,FORMATION,1885,1885
bdaf8d46c8e5,2026,DELETE,36,36
bdaf8d46c8e5,2026,STOP,201,201
bdaf8d46c8e5,2026,GAME,3,3
bdaf8d46c8e5,2026,DE_107_B,12,12
bdaf8d46c8e5,2026,BUY,34,34
bdaf8d46c8e5,2026,BACK_TO_WORK,24,24
bdaf8d46c8e5,2026,DE_MULTI_GATHERPOINT,54,54
bdaf8d46c8e5,2026,DE_107_A,4,4
bdaf8d46c8e5,2026,SELL,44,44
bdaf8d46c8e5,2026,ATTACK_GROUND,8,8
bdaf8d46c8e5,2026,REPAIR,12,12
bdaf8d46c8e5,2026,DE_ATTACK_MOVE,8,8
bdaf8d46c8e5,2026,RESIGN,1,1
91de7aa859e1,2026,DE_TRANSFORM,6,6
91de7aa859e1,2026,DE_QUEUE,256,256
91de7aa859e1,2026,MOVE,2414,2414
91de7aa859e1,2026,BUILD,119,119
91de7aa859e1,2026,DE_ATTACK_MOVE,141,141
91de7aa859e1,2026,GATHER_POINT,331,331
91de7aa859e1,2026,ORDER,530,530
91de7aa859e1,2026,STANCE,131,131
91de7aa859e1,2026,DE_107_A,44,44
91de7aa859e1,2026,UNGARRISON,53,53
91de7aa859e1,2026,FOLLOW,83,83
91de7aa859e1,2026,STOP,4,4
91de7aa859e1,2026,SPECIAL,52,52
91de7aa859e1,2026,DELETE,33,33
91de7aa859e1,2026,RESEARCH,17,17
91de7aa859e1,2026,WALL,32,32
91de7aa859e1,2026,FORMATION,585,585
91de7aa859e1,2026,PATROL,51,51
91de7aa859e1,2026,BACK_TO_WORK,4,4
91de7aa859e1,2026,REPAIR,10,10
91de7aa859e1,2026,GAME,1,1
91de7aa859e1,2026,DE_AUTOSCOUT,1,1
91de7aa859e1,2026,BUY,3,3
91de7aa859e1,2026,SELL,3,3
91de7aa859e1,2026,RESIGN,1,1
65486e44c665,2026,GAME,2,2
65486e44c665,2026,DE_TRANSFORM,90,90
65486e44c665,2026,DE_QUEUE,216,216
65486e44c665,2026,BUILD,98,98
65486e44c665,2026,MOVE,2368,2368
65486e44c665,2026,GATHER_POINT,449,449
65486e44c665,2026,ORDER,900,900
65486e44c665,2026,STANCE,120,120
65486e44c665,2026,DE_MULTI_GATHERPOINT,8,8
65486e44c665,2026,SPECIAL,140,140
65486e44c665,2026,UNGARRISON,101,101
65486e44c665,2026,STOP,28,28
65486e44c665,2026,FOLLOW,3,3
65486e44c665,2026,RESEARCH,19,19
65486e44c665,2026,BACK_TO_WORK,2,2
65486e44c665,2026,WALL,30,30
65486e44c665,2026,DELETE,30,30
65486e44c665,2026,FORMATION,228,228
65486e44c665,2026,PATROL,27,27
65486e44c665,2026,BUY,15,15
65486e44c665,2026,SELL,4,4
65486e44c665,2026,ATTACK_GROUND,3,3
65486e44c665,2026,DE_ATTACK_MOVE,1,1
65486e44c665,2026,RESIGN,1,1
67f43712e111,2026,GAME,2,2
67f43712e111,2026,DE_TRANSFORM,3,3
67f43712e111,2026,DE_QUEUE,139,139
67f43712e111,2026,GATHER_POINT,198,198
67f43712e111,2026,BUILD,76,76
67f43712e111,2026,MOVE,2286,2286
67f43712e111,2026,DELETE,15,15
67f43712e111,2026,DE_ATTACK_MOVE,54,54
67f43712e111,2026,ORDER,508,508
67f43712e111,2026,DE_107_A,30,30
67f43712e111,2026,UNGARRISON,55,55
67f43712e111,2026,STANCE,803,803
67f43712e111,2026,FOLLOW,22,22
67f43712e111,2026,STOP,59,59
67f43712e111,2026,SPECIAL,67,67
67f43712e111,2026,DE_107_B,4,4
67f43712e111,2026,PATROL,13,13
67f43712e111,2026,RESEARCH,16,16
67f43712e111,2026,BACK_TO_WORK,1,1
67f43712e111,2026,WALL,20,20
67f43712e111,2026,DE_MULTI_GATHERPOINT,2,2
67f43712e111,2026,FORMATION,211,211
67f43712e111,2026,REPAIR,10,10
67f43712e111,2026,RESIGN,1,1
3598af4f05ca,2026,DE_TRANSFORM,3,3
3598af4f05ca,2026,GAME,2,2
3598af4f05ca,2026,DE_QUEUE,77,77
3598af4f05ca,2026,MOVE,1203,1203
3598af4f05ca,2026,BUILD,42,42
3598af4f05ca,2026,ORDER,358,358
3598af4f05ca,2026,GATHER_POINT,187,187
3598af4f05ca,2026,STANCE,199,199
3598af4f05ca,2026,SPECIAL,63,63
3598af4f05ca,2026,UNGARRISON,34,34
3598af4f05ca,2026,STOP,8,8
3598af4f05ca,2026,RESEARCH,11,11
3598af4f05ca,2026,FORMATION,4,4
3598af4f05ca,2026,DE_AUTOSCOUT,1,1
3598af4f05ca,2026,GATE,4,4
3598af4f05ca,2026,PATROL,9,9
3598af4f05ca,2026,DELETE,55,55
3598af4f05ca,2026,SELL,1,1
3598af4f05ca,2026,DE_107_A,1,1
3598af4f05ca,2026,RESIGN,1,1
