game_id,player,year,date,context,cluster,player_slot,alias,civilization_id,map_id,map_dimension,winner,n_commands,duration_game_min,nominal_duration_min,core_cpm_game,core_cpm_nominal,gap_median_game_s,gap_median_nominal_s,gap_p95_nominal_s,positive_gap_p10_nominal_s,zero_gap_fraction,command_class_entropy_bits,switches_per_100_commands,core_silence_over5s_fraction,peak_10s_nominal_cpm,coordinate_fraction,spatial_entropy_4x4_bits,spatial_cell_switch_per100,move_share,planning_command_share,queue_batch_mean,queue_batch_gt1_fraction,queue_commands
c7d3588daf74,DauT,2026,2026-09-24T23:09:07+00:00,1v1 ranked,daut_2026_session,1,Oni.DauT,62,216,120,True,1203,23.608,13.969230296256942,50.95730260928499,86.11784432549187,0.61099999999999,0.36153844929739287,2.3999999187402015,0.12307691890973503,0.0008319467554076539,1.0562019030633112,24.459234608985025,0.09378671071952992,216.0,0.9800498753117207,2.5757735208846855,23.08998302207131,0.7655860349127181,0.05320033250207814,1.04,0.013333333333333334,75
a467a9f1780f,DauT,2026,2026-09-24T23:29:10+00:00,1v1 ranked,daut_2026_session,1,Oni.DauT,60,216,120,True,1336,25.17275,14.895117838872498,53.07326374750474,89.69381877015952,0.61099999999999,0.36153844929739287,2.279230692060011,0.12307691890973503,0.0,0.9760829648711311,27.94007490636704,0.01829028082615792,228.0,0.9880239520958084,3.042766766057815,27.293404094010615,0.7799401197604791,0.050149700598802395,1.0357142857142858,0.011904761904761904,84
d4d080a3a4f6,DauT,2026,2026-09-24T23:46:44+00:00,1v1 ranked,daut_2026_session,1,Oni.DauT,2,216,120,False,1640,33.010016666666665,19.53255357929289,49.681889487079935,83.96239607598561,0.61099999999999,0.36153844929739287,2.40769222617215,0.12307691890973503,0.0012202562538133007,0.9646597440111934,23.12385600976205,0.057733990844193284,246.0,0.9823170731707317,2.7568709456928233,27.888198757763973,0.801219512195122,0.04878048780487805,1.0236220472440944,0.007874015748031496,127
4d327356c515,DauT,2026,2026-09-25T00:09:58+00:00,1v1 ranked,daut_2026_session,1,Oni.DauT,11,216,120,True,1304,21.30591666666667,12.60705085519848,61.20365626136714,103.43418258381178,0.6109999999998763,0.36153844929732565,1.9230768579648874,0.12307691890973503,0.0,0.866495926435659,25.249424405218726,0.015243809426958882,210.0,0.9869631901840491,3.0481923114167726,27.76049766718507,0.8297546012269938,0.049079754601226995,1.0441176470588236,0.014705882352941176,68
23d4576b7264,DauT,2026,2026-09-25T00:26:26+00:00,1v1 ranked,daut_2026_session,1,Oni.DauT,61,140,120,True,1937,46.286500000000004,27.388460611135926,41.848055048448245,70.72321542644247,0.81899999999996,0.4846153682071279,2.7692306754694753,0.12307691890975185,0.0010330578512396695,1.2593054448208512,31.14669421487603,0.0977362009801275,168.0,0.9525038719669592,3.583217208528377,29.82646420824295,0.7408363448631905,0.12287041817243159,1.360655737704918,0.10655737704918032,244
9621aabf243e,DauT,2021,2021-03 (HC4),1v1 tournament,hc4_daut,2,Gonzalo Pizarro,5,59,120,True,2218,46.325500000000005,27.411537533431506,47.87859818026788,80.91483366428808,0.6439999999999912,0.38106507585519095,2.4719525790258534,0.11597632743420573,0.0013531799729364006,1.343083561180027,33.28822733423545,0.062217713066596986,210.0,0.9643823264201984,3.2418439374827424,28.110383536014968,0.6943192064923355,0.12128043282236249,1.0,0.0,307
2c3759e0dc22,DauT,2021,2021-03 (HC4),1v1 tournament,hc4_daut,2,Gonzalo Pizarro,35,59,120,False,1725,33.51755,19.832869150978773,51.46557549701574,86.97682553484044,0.6159999999999854,0.36449702907887466,2.1869821744733153,0.11597632743420573,0.001160092807424594,1.1175529156404431,28.7122969837587,0.04034901118966033,210.0,0.9773913043478261,2.4960933193496904,25.45994065281899,0.7628985507246376,0.07884057971014492,1.0253164556962024,0.006329113924050633,158
11508bc32ada,DauT,2021,2021-03 (HC4),1v1 tournament,hc4_daut,2,Gonzalo Pizarro,28,59,120,False,2071,49.08136666666667,29.04222781352489,42.1952390622103,71.30995642956636,0.8119999999998981,0.4804733565130131,2.9159762326311753,0.115976327434273,0.0004830917874396135,1.2791162318067972,31.159420289855074,0.061331829254958385,252.0,0.9724770642201835,3.345190196078906,34.92300049677099,0.711733462095606,0.13037180106228874,1.0020120724346075,0.002012072434607646,497
323cda4cd90e,DauT,2021,2021-03 (HC4),1v1 tournament,hc4_daut,2,Gonzalo Pizarro,10,59,120,True,1985,44.89505,26.56511744374662,44.2142285173978,74.72204872436073,0.6160000000002128,0.36449702907900916,2.6840235777626713,0.115976327434273,0.003528225806451613,1.309358165975989,28.578629032258064,0.07581125313369724,294.0,0.9551637279596977,3.4982484707318586,35.88390501319261,0.7209068010075567,0.11889168765743073,1.1916932907348243,0.051118210862619806,313
dde7930841b0,DauT,2021,2021-03 (HC4),1v1 tournament,hc4_daut,2,Gonzalo Pizarro,20,59,120,True,1799,39.61418333333334,23.440344374003594,45.41302757303676,76.7480191969864,0.8119999999998981,0.4804733565130131,2.68402357776272,0.11597632743418891,0.0005561735261401557,1.1075930930047286,29.087875417130146,0.0545545345501253,168.0,0.9777654252362423,3.461766132404135,31.399317406143346,0.763201778765981,0.08782657031684268,1.0,0.0,210
e1e75a47ab4e,DauT,2021,2021-03 (HC4),1v1 tournament,hc4_daut_ro8,2,Gonzalo Pizarro,17,59,120,True,1120,21.275399999999998,12.588993656598818,52.64295853426963,88.96660293516993,0.6120000000000232,0.36213016525370945,2.1063904612256583,0.11834319125937937,0.0008936550491510277,1.019262110356348,26.630920464700626,0.030363706440301945,198.0,0.9785714285714285,2.7573075006997168,28.949771689497716,0.7875,0.05625,1.0,0.0,64
0b3bc1441529,DauT,2021,2021-03 (HC4),1v1 tournament,hc4_daut_ro8,2,Gonzalo Pizarro,20,59,120,False,3016,71.71535,42.435116906416056,42.05515276715515,71.07321058290735,0.8119999999998981,0.4804733565130131,2.9617158760528177,0.115976327434273,0.003316749585406302,1.2211537132801176,28.391376451077942,0.08077605886791803,192.0,0.9675066312997348,3.7619919386748784,38.73842989372643,0.743368700265252,0.11007957559681697,1.0385572139303483,0.013681592039800995,804
5e152714b185,DauT,2021,2021-03 (HC4),1v1 tournament,hc4_daut_ro8,2,Gonzalo Pizarro,10,59,120,True,2060,47.7247,28.23946649948211,43.164231519527625,72.94755373787882,0.8119999999998981,0.4804733565130131,2.7999999051968585,0.11597632743420573,0.00048567265662943174,1.2974450593553695,29.52889752306945,0.09166078222248279,198.0,0.9631067961165048,3.3237002375760762,37.01462430660615,0.7184466019417476,0.12378640776699029,1.0220820189274449,0.00946372239747634,317
31d31c225a08,DauT,2021,2021-03 (HC4),1v1 tournament,hc4_daut_ro8,2,Gonzalo Pizarro,5,59,120,False,1312,30.099383333333332,17.810285393029957,43.58893288511448,73.66529907002221,0.8119999999998981,0.4804733565130131,2.9159762326310643,0.115976327434273,0.002288329519450801,1.0444020371127318,27.68878718535469,0.0989787719903452,222.0,0.9832317073170732,3.276852936660485,34.21256788207913,0.7766768292682927,0.07698170731707317,1.006993006993007,0.006993006993006993,143
63e46229572d,TheViper,2021,2021-03 (HC4),1v1 tournament,hc4_viper,2,Ivaylo,16,59,120,True,2453,40.89503333333334,24.198243756626464,59.982834101288574,101.37099306342299,0.40300000000002,0.23846153038765786,2.284615307262213,0.1153846114779901,0.01631321370309951,1.409458989165413,26.916802610114193,0.06984589000620274,306.0,0.9425193640440277,3.134129740367908,27.131112072695803,0.6836526701997554,0.10110069302894414,1.0657894736842106,0.019736842105263157,304
40cfbfe02398,TheViper,2021,2021-03 (HC4),1v1 tournament,hc4_viper,2,Ivaylo,5,59,120,True,1105,16.444399999999998,9.730413871728551,67.19612755710152,113.56145941649481,0.41800000000000637,0.24733726973210313,1.9181360297298085,0.11715975934677153,0.019927536231884056,1.0498958173836146,22.644927536231883,0.02966460720164121,222.0,0.9846153846153847,3.482019217977522,33.854645814167434,0.7529411764705882,0.04343891402714932,1.0,0.0,64
c0b3c47feff8,TheViper,2021,2021-03 (HC4),1v1 tournament,hc4_viper,2,Ivaylo,3,59,120,True,2721,48.54405,28.724288968273967,56.05218353227636,94.7281933768787,0.41800000000012005,0.24733726973217038,2.4381064263256276,0.1171597593468388,0.012867647058823529,1.3922295913327118,25.845588235294116,0.0913143148679737,234.0,0.9610437339213524,3.5436864508851094,28.232593726090283,0.6681367144432194,0.11025358324145534,1.0,0.0,337
679124a7c6b9,TheViper,2021,2021-03 (HC4),1v1 tournament,hc4_viper_ro8,2,Ivaylo,35,59,120,True,2592,49.7677,29.448342198196652,52.08197284584178,88.018537089627,0.44000000000005457,0.2603550207706632,2.4372780239869,0.1171597593468388,0.0096487842531841,1.449820532876924,31.069085295252798,0.07306244813403043,252.0,0.9521604938271605,3.6497587786403214,34.292663153627885,0.6489197530864198,0.11766975308641975,1.102981029810298,0.02710027100271003,369
d777b0479240,TheViper,2021,2021-03 (HC4),1v1 tournament,hc4_viper_ro8,2,Ivaylo,19,59,120,True,2415,49.77811666666666,29.454505906074743,48.515294706140956,81.99085082944565,0.4200000000000017,0.24852070164469414,2.686538370577023,0.1153846114779901,0.015741507870753936,1.4319083596922648,28.541839270919635,0.10074842124400701,252.0,0.9548654244306418,3.4420238433267976,31.71366594360087,0.6376811594202898,0.11221532091097308,1.0,0.0,389
211c10a368c4,DauT,2011,2011-11 (uploaded 2011-11-29),1v1 challenge,historical_110,1,[TyRanT]_DauT_,15,9,120,True,1713,41.592,27.728,41.18580496249279,61.77870744373918,0.9900000000000091,0.660000000000006,3.240000000000009,0.35999999999997573,0.16238317757009346,1.276347279203647,31.600467289719628,0.10886107905366402,186.0,0.9643899591360187,2.8818601355603573,29.012719563900667,0.7244600116754233,0.11967308814944541,,,0
079005bcaa66,DauT,2011,2011-11 (uploaded 2011-11-29),1v1 challenge,historical_110,1,[TyRanT]_DauT_,13,12,120,True,843,42.861,28.573999999999998,19.668229859312664,29.502344788968994,1.6199999999999868,1.0799999999999912,7.439999999999903,0.35999999999997573,0.07957244655581948,2.167038046279353,44.29928741092637,0.4428851403373696,144.0,0.8481613285883749,2.439157014494816,31.372549019607842,0.35587188612099646,0.3262158956109134,,,0
bb815fe6233a,DauT,2011,2011-11 (uploaded 2011-11-29),1v1 challenge,historical_110,1,[TyRanT]_DauT_,16,44,120,True,1161,34.208999999999996,22.805999999999997,33.93843725335439,50.90765588003158,1.0799999999999272,0.7199999999999515,3.931499999999995,0.35999999999997573,0.1353448275862069,1.4259760461806932,31.982758620689655,0.21625887924230455,180.0,0.9517657192075797,2.8810740161474406,31.702898550724637,0.6744186046511628,0.1343669250645995,,,0
252b3a6bcf45,DauT,2011,2011-11 (uploaded 2011-11-29),1v1 challenge,historical_110,1,[TyRanT]_DauT_,11,10,144,False,1097,32.87325,21.9155,33.37059767440092,50.055896511601375,1.0799999999999272,0.7199999999999515,4.320000000000012,0.330000000000003,0.13777372262773724,1.2222200852723326,29.105839416058394,0.24642376400264646,174.0,0.98359161349134,2.5582513271064125,30.333951762523192,0.6563354603463992,0.0601640838650866,,,0
2a4d86704ada,TheViper,2012,2012-01-06 (filename; uploaded 2012-01-07),team game,historical_119,5,TheViper,12,9,220,,1896,56.42100000000001,37.614000000000004,33.60450895942999,50.406763439144996,1.3949999999999818,0.9299999999999878,4.476000000000077,0.9299999999999878,0.44063324538258575,1.30734639528485,30.395778364116094,0.30654809379486403,222.0,0.9483122362869199,2.7059496464465447,20.311630495269895,0.7215189873417721,0.125,,,0
be2ccdca713e,TheViper,2012,2012-01-06 (filename; uploaded 2012-01-07),team game,historical_119,4,TheViper,3,19,240,,1371,45.8545,30.569666666666667,29.89891940812788,44.84837911219182,0.9975000000001728,0.6650000000001152,5.146499999999983,0.5700000000000122,0.31605839416058396,1.3905072000036478,31.532846715328468,0.3229563074507404,222.0,0.9474835886214442,2.560081458725323,23.57473035439137,0.6797957695113056,0.12837345003646974,,,0
5e1293a4be54,DauT,2012,2012-05 (uploaded 2012-05-27),team game,historical_147,2,[TyRanT]_DauT_,16,9,168,,1492,47.86875,31.9125,31.16855986421204,46.75283979631806,0.9900000000000091,0.660000000000006,4.320000000000012,0.41999999999992116,0.17974513749161636,1.3267657738730032,30.784708249496983,0.21233059146102648,156.0,0.9664879356568364,2.3383305900293094,28.521859819569745,0.6836461126005362,0.11729222520107238,,,0
5e1293a4be54,TheViper,2012,2012-05 (uploaded 2012-05-27),team game,historical_147,4,TheViper,16,9,168,,2058,47.86875,31.9125,42.992557775166475,64.4888366627497,0.8099999999999454,0.5399999999999636,3.5459999999999527,0.39000000000002427,0.2707826932425863,1.2121131616741245,28.14778804083617,0.1366549157853502,222.0,0.9611273080660836,2.4231916348653737,19.726858877086496,0.738581146744412,0.09766763848396501,,,0
bd5257dfee73,DauT,2012,2012-05 (uploaded 2012-05-27),team game,historical_147,2,[TyRanT]_DauT_,12,9,168,,1989,56.74575,37.8305,35.05108312076235,52.57662468114352,0.8099999999999454,0.5399999999999636,4.320000000000012,0.42000000000007276,0.23138832997987926,1.3480646863612176,30.73440643863179,0.1970499993391579,210.0,0.9462041226747109,3.1140835874282864,33.43965975544923,0.7134238310708899,0.14982403217697335,,,0
bd5257dfee73,TheViper,2012,2012-05 (uploaded 2012-05-27),team game,historical_147,4,TheViper,16,9,168,,2697,56.74575,37.8305,47.527788424683784,71.29168263702567,0.7649999999999864,0.5099999999999909,3.3299999999999463,0.39000000000002427,0.3141691394658754,1.4090243245187055,29.19139465875371,0.15244313450787128,324.0,0.939562476826103,3.220011265605541,27.753651796288985,0.6896551724137931,0.11345939933259176,,,0
5338a28e825b,DauT,2012,2012-05 (uploaded 2012-05-27),team game,historical_147,2,[TyRanT]_DauT_,13,9,168,,1073,42.177,28.118,25.440405908433508,38.160608862650264,1.4400000000000546,0.9600000000000364,5.560499999999973,0.419999999999997,0.18190298507462688,1.634610680851363,40.01865671641791,0.30297318443701565,162.0,0.9506057781919851,1.9040452771550744,30.42198233562316,0.5601118359739049,0.20689655172413793,,,0
5338a28e825b,TheViper,2012,2012-05 (uploaded 2012-05-27),team game,historical_147,4,TheViper,13,9,168,,1757,42.177,28.118,41.657775564881334,62.486663347322,0.7650000000001,0.5100000000000667,3.7574999999999363,0.36000000000012733,0.3092255125284738,1.3579597817367584,28.75854214123007,0.21909453019418162,276.0,0.9447922595332954,3.011707089697445,25.798673899939722,0.6972111553784861,0.1371656232214001,,,0
c15e438221ef,TheViper,2012,2012-05 (uploaded 2012-05-27),team game,historical_147,3,TheViper,12,9,168,,2963,74.9625,49.975,39.52642988160747,59.289644822411205,0.7200000000000273,0.4800000000000182,3.8984999999999395,0.3300000000002304,0.25050641458474004,1.4874014011070436,29.304523970290344,0.24628314157078537,318.0,0.9449881876476544,3.2818530081005326,25.11611289746338,0.6463044211947351,0.13094836314546068,,,0
c15e438221ef,DauT,2012,2012-05 (uploaded 2012-05-27),team game,historical_147,4,[TyRanT]_DauT_,12,9,168,,2359,74.9625,49.975,31.469067867266965,47.20360180090045,1.0799999999999272,0.7199999999999515,4.5,0.35999999999997573,0.15012722646310434,1.4213646415844914,34.308736217133166,0.21835917958979437,186.0,0.9626960576515473,2.6772040598178224,26.6079295154185,0.652395082662145,0.13395506570580754,,,0
65e3f6795645,DauT,2012,2012-05 (uploaded 2012-05-27),team game,historical_147,2,[TyRanT]_DauT_,17,9,168,,1242,39.13275,26.088500000000003,31.738122161105466,47.6071832416582,0.9900000000000091,0.660000000000006,4.410000000000006,0.330000000000003,0.1426269137792103,1.2944570058827705,30.862207896857374,0.19728999367537453,156.0,0.9629629629629629,2.2524262400418724,27.02928870292887,0.7053140096618358,0.10869565217391304,,,0
65e3f6795645,TheViper,2012,2012-05 (uploaded 2012-05-27),team game,historical_147,4,TheViper,16,9,168,,1821,39.13275,26.088500000000003,46.53391341012323,69.80087011518484,0.5850000000000364,0.39000000000002427,2.9699999999999895,0.330000000000003,0.21483516483516482,1.2349823302467344,30.76923076923077,0.11915211683308694,282.0,0.9599121361889071,2.6043701605924947,24.327418431597025,0.7270730367929709,0.10378912685337727,,,0
52a03f0c9e03,DauT,2012,2012-05 (uploaded 2012-05-27),team game,historical_147,2,[TyRanT]_DauT_,17,9,168,,1267,40.497749999999996,26.998499999999996,31.285688711101237,46.92853306665186,0.9900000000000091,0.660000000000006,4.94999999999997,0.330000000000003,0.14770932069510267,1.4300501951079616,32.30647709320695,0.24669889067911144,162.0,0.925808997632202,2.5710637957796005,30.119453924914676,0.6985003946329913,0.15548539857932123,,,0
52a03f0c9e03,TheViper,2012,2012-05 (uploaded 2012-05-27),team game,historical_147,4,TheViper,16,9,168,,1715,40.497749999999996,26.998499999999996,42.348031680772394,63.52204752115859,0.6299999999999955,0.419999999999997,3.6299999999999577,0.330000000000003,0.22228704784130687,1.2610812069771853,28.996499416569428,0.17852843676500516,258.0,0.9737609329446064,2.731427894617705,22.947872977831036,0.7014577259475219,0.0956268221574344,,,0
1c40a1c5da42,TheViper,2012,2012-08-24 (filename; uploaded 2012-08-26),team game,historical_159,2,TheViper,8,9,220,,2524,60.846000000000004,40.564,41.481773658087626,62.22266048713145,0.9899999999997817,0.6599999999998545,3.7800000000000424,0.6299999999998059,0.4205311137534681,1.4883961148015006,22.948870392390013,0.2453530223843806,288.0,0.9195721077654516,2.5217534170088447,20.862068965517242,0.6897781299524565,0.14144215530903329,,,0
1c40a1c5da42,DauT,2012,2012-08-24 (filename; uploaded 2012-08-26),team game,historical_159,6,[TyRanT]_DauT_,6,9,220,,1113,60.846000000000004,40.564,18.29208164875259,27.43812247312888,1.0800000000002683,0.7200000000001788,8.85000000000006,0.6299999999999576,0.2580935251798561,1.7266324052392665,33.45323741007194,0.5624280971633308,276.0,0.945193171608266,1.8701357115627981,21.408182683158895,0.472596585804133,0.22461814914645103,,,0
bdaf8d46c8e5,TheViper,2026,2026-09-30T13:54:17+00:00,1v1 ranked,viper_2026_session,1,Oni.TheViper,42,216,120,True,4642,73.57913333333333,43.537947243829585,63.08853868895801,106.61963399429419,0.40300000000002,0.23846153038765786,2.1615383883524104,0.1153846114779901,0.01098901098901099,1.0893575920878351,22.689075630252102,0.04863131485647642,324.0,0.9821197759586385,3.594756767837053,26.283457656867046,0.7632485997414907,0.07518311072813443,1.5468509984639016,0.15668202764976957,651
91de7aa859e1,TheViper,2026,2026-09-30T14:50:16+00:00,1v1 ranked,viper_2026_session,1,Oni.TheViper,50,216,120,True,1718,28.100366666666666,16.62743533445987,61.13799226819105,103.32321043158684,0.40300000000002,0.23846153038765786,2.0461537768746223,0.11538461147790602,0.0034944670937682005,1.087945525273109,23.762376237623762,0.046139374219316194,216.0,0.9819557625145519,2.7286439499822848,23.54685646500593,0.7473806752037253,0.047729918509895226,1.0,0.0,132
65486e44c665,TheViper,2026,2026-09-30T15:10:04+00:00,1v1 ranked,viper_2026_session,2,Oni.TheViper,40,25,120,True,1842,32.48786666666667,19.22358909271247,56.6980903639923,95.81977595943775,0.40300000000002,0.23846153038765786,2.523076837649938,0.1153846114778892,0.0038022813688212928,1.155565995239522,21.40141227593699,0.07356079603051811,366.0,0.9809989142236699,2.828175833905548,23.47729789590255,0.6970684039087948,0.04125950054288816,1.0,0.0,118
67f43712e111,TheViper,2026,2026-09-30T15:31:40+00:00,1v1 ranked,viper_2026_session,2,Oni.TheViper,28,216,120,True,1392,22.73115,13.450384159978013,61.237552873479785,103.49146786022173,0.41599999999994,0.24615383781947006,2.0461537768746476,0.11538461147792284,0.0035945363048166786,0.9382000822255631,24.73040977713875,0.04020474107117322,288.0,0.9892241379310345,2.8793097720000294,26.88953488372093,0.7880747126436781,0.035201149425287355,1.0,0.0,67
3598af4f05ca,TheViper,2026,2026-09-30T15:48:39+00:00,1v1 ranked,viper_2026_session,1,Oni.TheViper,49,29,120,False,847,14.623050000000001,8.652692014727215,57.92225288158079,97.88861068420943,0.40300000000002,0.23846153038765786,2.25576915439281,0.11538461147792284,0.057919621749408984,1.3254169486800622,22.69503546099291,0.1356773495725355,510.0,0.9291617473435655,1.905132702742763,20.229007633587788,0.6623376623376623,0.030696576151121605,1.0,0.0,34
