player,year,series,elo_median,elo_last,elo_min,elo_max,wins,losses,draws,unknown,series_win_fraction
DauT,2002,3,2000.0,1996,1996,2004,1,2,0,0,0.3333333333333333
DauT,2003,24,2043.0,2062,2000,2066,20,4,0,0,0.8333333333333334
DauT,2004,21,2089.0,2101,2066,2101,18,3,0,0,0.8571428571428571
DauT,2005,27,2130.0,2133,2105,2150,22,5,0,0,0.8148148148148148
DauT,2006,7,2134.0,2140,2126,2148,6,1,0,0,0.8571428571428571
DauT,2007,9,2170.0,2139,2139,2176,5,3,1,0,0.5555555555555556
DauT,2008,17,2155.0,2147,2145,2167,14,3,0,0,0.8235294117647058
DauT,2009,12,2171.5,2182,2151,2191,12,0,0,0,1.0
DauT,2010,19,2188.0,2198,2166,2217,15,3,1,0,0.7894736842105263
DauT,2011,5,2201.0,2194,2194,2205,3,2,0,0,0.6
DauT,2012,8,2176.0,2157,2157,2200,2,4,2,0,0.25
DauT,2013,17,2153.0,2121,2121,2164,10,7,0,0,0.5882352941176471
DauT,2014,2,2121.0,2118,2118,2124,1,1,0,0,0.5
DauT,2015,12,2110.0,2089,2089,2121,6,6,0,0,0.5
DauT,2016,20,2099.0,2129,2080,2138,14,6,0,0,0.7
DauT,2017,53,2141.0,2135,2110,2195,33,18,2,0,0.6226415094339622
DauT,2018,29,2107.0,2146,2066,2146,17,12,0,0,0.5862068965517241
DauT,2019,25,2119.0,2123,2100,2136,12,13,0,0,0.48
DauT,2020,38,2147.5,2181,2105,2189,26,12,0,0,0.6842105263157895
DauT,2021,79,2222.0,2270,2185,2292,52,26,1,0,0.6582278481012658
DauT,2022,82,2270.0,2278,2233,2292,52,28,2,0,0.6341463414634146
DauT,2023,100,2337.0,2387,2277,2399,72,27,1,0,0.72
DauT,2024,55,2371.0,2340,2340,2397,36,19,0,0,0.6545454545454545
DauT,2025,63,2328.0,2292,2292,2348,40,22,1,0,0.6349206349206349
DauT,2026,66,2296.0,2276,2273,2321,51,14,1,0,0.7727272727272727
TheViper,2011,6,1999.5,2003,1992,2003,4,2,0,0,0.6666666666666666
TheViper,2012,18,2081.0,2131,2023,2131,15,1,2,0,0.8333333333333334
TheViper,2013,17,2184.0,2233,2134,2233,15,2,0,0,0.8823529411764706
TheViper,2014,17,2248.0,2259,2237,2259,16,1,0,0,0.9411764705882353
TheViper,2015,35,2262.0,2302,2241,2304,32,2,1,0,0.9142857142857143
TheViper,2016,26,2263.5,2263,2244,2284,21,5,0,0,0.8076923076923077
TheViper,2017,50,2287.0,2321,2256,2335,46,4,0,0,0.92
TheViper,2018,26,2322.5,2303,2292,2333,22,3,1,0,0.8461538461538461
TheViper,2019,31,2309.0,2295,2273,2347,25,6,0,0,0.8064516129032258
TheViper,2020,67,2280.0,2276,2257,2305,57,10,0,0,0.8507462686567164
TheViper,2021,58,2338.0,2377,2270,2379,50,7,1,0,0.8620689655172413
TheViper,2022,55,2358.0,2368,2319,2386,43,12,0,0,0.7818181818181819
TheViper,2023,98,2387.0,2462,2348,2480,72,26,0,0,0.7346938775510204
TheViper,2024,42,2444.0,2441,2430,2473,30,12,0,0,0.7142857142857143
TheViper,2025,57,2432.0,2477,2416,2477,38,17,2,0,0.6666666666666666
TheViper,2026,34,2456.0,2443,2440,2481,21,13,0,0,0.6176470588235294
